No.;nr_lokasi;nr_plot;nr_class;nr_ind;ID_ind;name_sp;nr_circ;nr_dbh;nr_basalarea;canopy_openness;canopy_closedness;canopy_class;nr_FW;nr_DW;sample_extract;sample_la;ft_la;la_sum;ft_sla;ft_ldmc;sample_stomata;ft_stomata;517nm;dpph_batch;dpph_blank;dpph_rsa;dpph_content;ft_dpph;ft_dpphrsa;520nm;proline_sample;proline_content;ft_proline;663nm;645nm;470nm;chla_sample;chlb_sample;totalchl_sample;chla_content;chlb_content;totalchl_content;ft_chla;ft_chlb;ft_totalchl
1;Wanariset;1;1;12;W.01.1.012;Rubiaceae2;;0.62;0.301754;0.172;0.737;Closed;20.98;5.59;FALSE;TRUE;133,686;668.43;119.58;0.2664;TRUE;26;0.038;88;0.365;89.59;223,975;223,975;89.59;0.039;2,294,117,647;2,294,117,647;2,294,117,647;0.765;0.152;0.44;9.31;-0.10;9.21;0.930662;-0.00994;0.92057;0.930662;0;0.92057
2;Wanariset;1;1;28;W.01.1.028;Trigonostemon villosus;;0.67;0.3523865;0.172;0.737;Closed;20.05;6.06;FALSE;TRUE;107,834;539.17;88.97;0.3022;TRUE;35;0.01;88;0.365;97.26;24,315;24,315;97.26;-0.069;-4,058,823,529;-4,058,823,529;0;0.067;0.015;0.063;0.81;0.03;0.84;0.081055;0.002994;0.084034;0.081055;0.002994;0.084034
3;Wanariset;1;1;32;W.01.1.032;Trigonostemon villosus;;1.65;21,371,625;0.172;0.737;Closed;21.93;6.6;FALSE;TRUE;115,802;579.01;87.73;0.3010;TRUE;37;0.508;89;0.387;-31.27;-78,175;0;0;0.067;3,941,176,471;3,941,176,471;3,941,176,471;0.106;0.082;0.157;1.13;1.38;2.51;0.112562;0.138172;0.250652;0.112562;0.138172;0.250652
4;Wanariset;1;1;61;W.01.1.061;Shorea laevis;;0.58;0.264074;0.172;0.737;Closed;1.39;0.67;FALSE;TRUE;18,882;94.41;140.91;0.4820;TRUE;56;0.188;89;0.387;51.42;12,855;12,855;51.42;-0.018;-1,058,823,529;-1,058,823,529;0;2,518;1,484;2,976;27.99;22.20;50.17;2,798,664;2,219,936;5,017,116;2,798,664;2,219,936;5,017,116
5;Wanariset;1;1;48;W.01.1.048;Pternandra coerulescens;;0.26;0.053066;0.172;0.737;Closed;2.27;0.99;FALSE;TRUE;31,722;158.61;160.21;0.4361;TRUE;38;0.557;91;0.363;-53.44;-13.36;0;0;0.004;0.2352941176;2,352,941,176;2,352,941,176;2,288;1,984;2,589;23.72;34.73;58.43;2,372,064;3,472,576;5,842,656;2,372,064;3,472,576;5,842,656
6;Wanariset;1;1;100;W.01.1.100;Antidesma neurocarpum;;0.64;0.321536;0.172;0.737;Closed;6.16;2.34;FALSE;TRUE;35.09;175.45;74.98;0.3799;TRUE;25;0.068;89;0.387;82.43;206,075;206,075;82.43;0.088;5,176,470,588;5,176,470,588;5,176,470,588;0.521;0.208;0.646;6.06;2.32;8.38;0.605718;0.232492;0.838002;0.605718;0.232492;0.838002
7;Wanariset;1;1;72;W.01.1.072;Paracroton pendulus;;0.65;0.3316625;0.172;0.737;Closed;16.47;4.32;FALSE;TRUE;103.08;515.4;119.31;0.2623;TRUE;19;0.44;87;0.478;7.95;19,875;19,875;7.95;0.088;5,176,470,588;5,176,470,588;5,176,470,588;1,663;1,071;2,182;18.24;16.74;34.97;1,823,911;1,674,306;3,497,146;1,823,911;1,674,306;3,497,146
8;Wanariset;1;1;85;W.01.1.085;Annonaceae2;;0.96;0.723456;0.172;0.737;Closed;4.94;1.89;FALSE;TRUE;68,048;340.24;180.02;0.3826;FALSE;;0.437;87;0.478;8.58;2,145;2,145;8.58;-0.084;-4,941,176,471;-4,941,176,471;0;1,667;0.572;1,199;19.63;5.30;24.92;1,963,222;0.529724;2,492,374;1,963,222;0.529724;2,492,374
9;Wanariset;1;1;89;W.01.1.089;Discospermum malaccense;;1.52;1,813,664;0.172;0.737;Closed;5.35;1.67;FALSE;TRUE;37,592;187.96;112.55;0.3121;TRUE;60;0.068;87;0.478;85.77;214,425;214,425;85.77;-0.022;-1,294,117,647;-1,294,117,647;0;1,347;0.697;1,736;15.23;9.66;24.88;1,523,197;0.965734;2,488,234;1,523,197;0.965734;2,488,234
10;Wanariset;1;1;104;W.01.1.104;Knema laurina;;0.34;0.090746;0.172;0.737;Closed;6.52;2.73;FALSE;TRUE;76,708;383.54;140.49;0.4187;TRUE;31;0.399;90;0.359;-11.14;-2,785;0;0;-0.227;-1,335,294,118;-1,335,294,118;0;1,786;1,038;2,701;19.89;15.41;35.29;1,988,998;1,541,172;3,529,132;1,988,998;1,541,172;3,529,132
11;Wanariset;1;1;95;W.01.1.095;Melanochyla sp.;;0.41;0.1319585;0.172;0.737;Closed;10.99;5.37;FALSE;TRUE;94,158;470.79;87.67;0.4886;TRUE;173;-0.054;87;0.478;111.3;27,825;27,825;100;-0.122;-7,176,470,588;-7,176,470,588;0;0.744;0.398;1,235;8.38;5.63;14.01;0.837818;0.563228;1,400,648;0.837818;0.563228;1,400,648
12;Wanariset;1;1;106;W.01.1.106;Trigonostemon villosus;;0.61;0.2920985;0.172;0.737;Closed;19.35;5.41;FALSE;TRUE;139.64;698.2;129.06;0.2796;TRUE;44;0.025;91;0.363;93.11;232,775;232,775;93.11;-0.202;-1,188,235,294;-1,188,235,294;0;0.882;0.426;1,188;10.06;5.63;15.68;1,005,546;0.562764;1,567,884;1,005,546;0.562764;1,567,884
13;Wanariset;1;2;5;W.01.2.005;Eurya nitida;;4.81;181,618,385;0.172;0.737;Closed;3.48;1.42;FALSE;TRUE;30.86;154.3;108.66;0.4080;TRUE;41;0.601;90;0.359;-67.41;-168,525;0;0;-0.175;-1,029,411,765;-1,029,411,765;0;0.766;0.523;1.3;8.32;8.39;16.71;0.832133;0.839182;1,670,792;0.832133;0.839182;1,670,792
14;Wanariset;1;2;11;W.01.2.011;Paracroton pendulus;;0.98;0.753914;0.172;0.737;Closed;20.19;5.44;FALSE;TRUE;108,116;540.58;99.37;0.2694;TRUE;29;0.341;89;0.387;11.89;29,725;29,725;11.89;-0.164;-9,647,058,824;-9,647,058,824;0;1,439;0.773;1,523;16.20;10.97;27.16;1,619,593;1,096,718;2,715,538;1,619,593;1,096,718;2,715,538
15;Wanariset;1;2;35;W.01.2.035;Camellia lanceolata;;1.55;18,859,625;0.172;0.737;Closed;5.25;2.26;FALSE;TRUE;65,788;328.94;145.55;0.4305;TRUE;58;-0.15;90;0.359;141.78;35,445;35,445;100;-0.036;-2,117,647,059;-2,117,647,059;0;1,279;0.848;2,108;13.96;13.43;27.39;1,396,218;1,343,348;2,738,718;1,396,218;1,343,348;2,738,718
16;Wanariset;1;2;36;W.01.2.036;Paracroton pendulus;;1.99;31,086,785;0.172;0.737;Closed;41.56;11.5;FALSE;TRUE;136,796;683.98;59.48;0.2767;TRUE;42;0.408;92;0.346;-17.92;-4.48;0;0;-0.106;-6,235,294,118;-6,235,294,118;0;0.398;0.178;0.525;4.58;2.21;6.79;0.457578;0.221356;0.678756;0.457578;0.221356;0.678756
17;Wanariset;1;2;38;W.01.2.038;Ochanostachys amentacea;;1.7;226,865;0.172;0.737;Closed;5.38;1.88;FALSE;TRUE;68.7;343.5;182.71;0.3494;TRUE;75;0.228;90;0.359;36.49;91,225;91,225;36.49;-0.083;-4,882,352,941;-4,882,352,941;0;1,785;1,147;2,561;19.58;17.91;37.49;1,958,407;179,125;374,851;1,958,407;179,125;374,851
18;Wanariset;1;2;46;W.01.2.046;Macaranga lowii;;2.98;6,971,114;0.172;0.737;Closed;4.34;2.02;FALSE;TRUE;58,348;291.74;144.43;0.4654;TRUE;8;0.37;91;0.363;-1.93;-0.4825;0;0;0.018;1,058,823,529;1,058,823,529;1,058,823,529;1,581;1,142;3,226;17.01;18.75;35.75;1,700,672;1,875,272;3,574,802;1,700,672;1,875,272;3,574,802
19;Wanariset;1;2;47;W.01.2.047;Xylopia malayana;;1;0.785;0.172;0.737;Closed;1.1;0.48;FALSE;TRUE;15,356;76.78;159.96;0.4364;TRUE;85;0.068;91;0.363;81.27;203,175;203,175;81.27;-0.138;-8,117,647,059;-8,117,647,059;0;2,568;2,093;3,187;26.98;35.91;62.87;2,698,343;3,591,146;6,287,396;2,698,343;3,591,146;6,287,396
20;Wanariset;1;2;50;W.01.2.050;Xylopia malayana;;1.04;0.849056;0.172;0.737;Closed;1.38;0.6;;TRUE;26.54;132.7;221.17;0.4348;TRUE;160;-0.002;90;0.359;100.56;25.14;25.14;100;0.023;1,352,941,176;1,352,941,176;1,352,941,176;1,829;1,247;2.06;19.87;20.00;39.86;1,987,387;1,999,658;3,985,798;1,987,387;1,999,658;3,985,798
21;Wanariset;1;2;68;W.01.2.068;Hancea penangensis;;1.45;16,504,625;0.172;0.737;Closed;5.23;2.46;;TRUE;75,188;375.94;152.82;0.4704;TRUE;1;0.055;88;0.365;84.93;212,325;212,325;84.93;-0.017;-1;-10;0;1.57;0.676;2,179;18.12;8.13;26.25;1,812,056;0.81328;262,466;1,812,056;0.81328;262,466
22;Wanariset;1;2;74;W.01.2.074;Hancea penangensis;;2.17;36,964,865;0.172;0.737;Closed;2.38;1.05;;TRUE;32,588;162.94;155.18;0.4412;TRUE;42;0.451;88;0.365;-23.56;-5.89;0;0;-0.237;-1,394,117,647;-1,394,117,647;0;0.69;0.399;1,225;7.69;5.91;13.59;0.768969;0.59079;135,936;0.768969;0.59079;135,936
23;Wanariset;1;2;78;W.01.2.078;Fordia splendidissima;;0.79;0.4899185;0.172;0.737;Closed;24.18;10.51;;TRUE;;0;;0.4347;TRUE;77;0.553;91;0.363;-52.34;-13,085;0;0;-0.083;-4,882,352,941;-4,882,352,941;0;1.45;1,095;1.88;15.47;18.29;33.75;1,546,945;182,895;33,748;1,546,945;182,895;33,748
24;Wanariset;1;2;122;W.01.2.122;Shorea sp1;;4.66;17,046,746;0.172;0.737;Closed;8.99;3.37;;TRUE;58,742;293.71;87.15;0.3749;TRUE;136;0.396;89;0.387;-2.33;-0.5825;0;0;-0.217;-1,276,470,588;-1,276,470,588;0;1,213;0.981;1,767;12.77;16.79;29.54;1,276,621;1,678,806;2,954,446;1,276,621;1,678,806;2,954,446
25;Wanariset;1;2;124;W.01.2.124;Dacryodes rugosa;;3.55;98,929,625;0.172;0.737;Closed;27.13;13.09;;TRUE;;0;;0.4825;TRUE;22;0.275;89;0.387;28.94;7,235;7,235;28.94;-0.19;-1,117,647,059;-1,117,647,059;0;2,007;0.86;2,253;23.18;10.30;33.47;231,755;1,030,124;3,346,814;231,755;1,030,124;3,346,814
26;Wanariset;1;2;126;W.01.2.126;Trigonostemon villosus;;1.57;19,349,465;0.172;0.737;Closed;25.04;8.08;;TRUE;125,242;626.21;77.50;0.3227;TRUE;30;0.445;91;0.363;-22.59;-56,475;0;0;-0.152;-8,941,176,471;-8,941,176,471;0;0.908;0.664;1,399;9.75;10.96;20.69;0.974544;1,095,616;2,069,496;0.974544;1,095,616;2,069,496
27;Wanariset;1;3;2;W.01.3.002;Diospyros borneensis;41.5;13.21;1,369,857,185;0.172;0.737;Closed;26.03;12.22;;TRUE;188.43;942.15;77.10;0.4695;TRUE;70;0.143;88;0.365;60.82;15,205;15,205;60.82;-0.277;-1,629,411,765;-1,629,411,765;0;0.724;0.323;0.907;8.33;4.01;12.33;0.832593;0.400838;1,233,108;0.832593;0.400838;1,233,108
28;Wanariset;1;4;2;W.01.4.002;sp13;63.5;20.21;3,206,286,185;0.172;0.737;Closed;5.35;2.11;;TRUE;60,926;304.63;144.37;0.3944;TRUE;3;0.244;88;0.365;33.15;82,875;82,875;33.15;-0.211;-1,241,176,471;-1,241,176,471;0;1,683;0.579;1,518;19.82;5.38;25.19;1,981,659;0.538266;2,519,346;1,981,659;0.538266;2,519,346
29;Wanariset;2;1;6;W.02.1.006;Camellia lanceolata;;0.54;0.228906;0.127;0.842;Closed;3.67;1.61;FALSE;TRUE;32,742;163.71;101.68;0.4387;TRUE;129;0.247;93;0.341;27.57;68,925;68,925;27.57;0.043;2,529,411,765;2,529,411,765;2,529,411,765;1,371;0.805;1,805;15.25;12.02;27.26;1,524,625;1,201,822;2,725,642;1,524,625;1,201,822;2,725,642
30;Wanariset;2;1;11;W.02.1.011;Popowia pisocarpa;;0.74;0.429866;0.127;0.842;Closed;3.77;1.72;FALSE;TRUE;64,512;322.56;187.53;0.4562;TRUE;54;0.072;93;0.341;78.89;197,225;197,225;78.89;0.051;3;30;30;1,886;1,229;2,652;20.65;19.32;39.95;2,064,619;1,931,762;3,995,152;2,064,619;1,931,762;3,995,152
31;Wanariset;2;1;15;W.02.1.015;Eusideroxylon zwageri;;0.43;0.1451465;0.127;0.842;Closed;15.37;4.47;FALSE;TRUE;90.03;450.15;100.70;0.2908;FALSE;;0.33;95;0.577;42.81;107,025;107,025;42.81;0.291;1,711,764,706;1,711,764,706;1,711,764,706;1,222;0.739;2,037;13.53;11.20;24.73;1,353,149;1,120,414;2,472,824;1,353,149;1,120,414;2,472,824
32;Wanariset;2;1;30;W.02.1.030;Eusideroxylon zwageri;;0.52;0.212264;0.127;0.842;Closed;13.29;4.67;FALSE;TRUE;119,076;595.38;127.49;0.3514;FALSE;;0.016;94;0.575;97.22;24,305;24,305;97.22;-0.009;-0.5294117647;-5,294,117,647;0;1,789;0.85;2,626;20.43;11.09;31.52;204,338;1,109,248;3,151,778;204,338;1,109,248;3,151,778
33;Wanariset;2;1;43;W.02.1.043;Popowia pisocarpa;;0.46;0.166106;0.127;0.842;Closed;2.36;1.16;FALSE;TRUE;31,932;159.66;137.64;0.4915;TRUE;53;0.505;94;0.575;12.17;30,425;30,425;12.17;-0.034;-2;-20;0;1,413;0.911;1,869;15.49;14.25;29.73;1,549,451;1,424,906;2,973,446;1,549,451;1,424,906;2,973,446
34;Wanariset;2;1;58;W.02.1.058;Trigonostemon villosus;;0.67;0.3523865;0.127;0.842;Closed;18.22;6.08;FALSE;TRUE;141,864;709.32;116.66;0.3337;TRUE;35;0.079;95;0.577;86.31;215,775;215,775;86.31;-0.021;-1,235,294,118;-1,235,294,118;0;0.169;0.091;0.16;1.90;1.29;3.19;0.190151;0.129298;0.319358;0.190151;0.129298;0.319358
35;Wanariset;2;1;64;W.02.1.064;Pternandra coerulescens;;0.72;0.406944;0.127;0.842;Closed;4.08;1.29;FALSE;TRUE;35,978;179.89;139.45;0.3162;TRUE;81;0.455;95;0.577;21.14;5,285;5,285;21.14;-0.013;-0.7647058824;-7,647,058,824;0;0.892;0.38;0.613;10.31;4.53;14.83;103,062;0.452744;1,482,984;103,062;0.452744;1,482,984
36;Wanariset;2;2;6;W.02.2.006;Trigonostemon villosus;#N/A;#N/A;#N/A;0.127;0.842;Closed;12.88;3.85;FALSE;TRUE;96,202;481.01;124.94;0.2989;TRUE;23;0.232;92;0.346;32.95;82,375;82,375;32.95;-0.097;-5,705,882,353;-5,705,882,353;0;1,413;0.851;2,305;15.66;12.88;28.52;1,565,591;1,287,506;2,852,246;1,565,591;1,287,506;2,852,246
37;Wanariset;2;2;11;W.02.2.011;sp14;;0.95;0.7084625;0.127;0.842;Closed;19.84;5.25;FALSE;TRUE;136,064;680.32;129.58;0.2646;TRUE;29;0.562;92;0.346;-62.43;-156,075;0;0;-0.208;-1,223,529,412;-1,223,529,412;0;1,105;0.574;1,533;12.49;7.97;20.46;1,248,944;0.79732;204,569;1,248,944;0.79732;204,569
38;Wanariset;2;2;27;W.02.2.027;Dipterocarpus sp3;;0.66;0.341946;0.127;0.842;Closed;21.64;7.49;FALSE;TRUE;3,578,833,333;1073.65;143.34;0.3461;FALSE;;;;0.443;100;25;25;100;;0;0;0;1,597;0.949;2.88;17.73;14.26;31.98;1,772,909;1,425,814;3,197,774;1,772,909;1,425,814;3,197,774
39;Wanariset;2;2;36;W.02.2.036;Knema glauca;;4.91;189,248,585;0.127;0.842;Closed;10.56;4.36;FALSE;TRUE;84.6;423;97.02;0.4129;TRUE;3;0.45;95;0.577;22.01;55,025;55,025;22.01;-0.023;-1,352,941,176;-1,352,941,176;0;1,815;1,016;2,073;20.32;14.77;35.08;2,031,746;147,722;350,795;2,031,746;147,722;350,795
40;Wanariset;2;2;43;W.02.2.043;Camellia lanceolata;;0.55;0.2374625;0.127;0.842;Closed;5.63;1.72;FALSE;TRUE;519,825;207.93;120.89;0.3055;TRUE;24;0.424;93;0.341;-24.34;-6,085;0;0;-0.088;-5,176,470,588;-5,176,470,588;0;0.703;0.32;0.51;8.07;4.04;12.10;0.80673;0.403796;1,210,206;0.80673;0.403796;1,210,206
41;Wanariset;2;2;45;W.02.2.045;Canarium sp.;;3.97;123,723,065;0.127;0.842;Closed;25.1;17.87;FALSE;TRUE;;0;;0.7120;TRUE;125;0.274;95;0.577;52.51;131,275;131,275;52.51;-0.131;-7,705,882,353;-7,705,882,353;0;2,693;2,568;3,398;27.29;46.20;73.47;2,729,318;4,620,396;7,347,146;2,729,318;4,620,396;7,347,146
42;Wanariset;2;2;51;W.02.2.051;sp15;;5.87;270,486,665;0.127;0.842;Closed;4.29;1.67;FALSE;TRUE;26,502;132.51;79.35;0.3893;TRUE;108;0.076;94;0.575;86.78;21,695;21,695;86.78;-0.076;-4,470,588,235;-4,470,588,235;0;2,337;1,408;3,276;25.89;21.31;47.18;2,589,238;2,130,604;4,718,434;2,589,238;2,130,604;4,718,434
43;Wanariset;2;2;78;W.02.2.078;Hancea penangensis;;5.52;23,919,264;0.127;0.842;Closed;6.85;3.39;FALSE;TRUE;79.29;396.45;116.95;0.4949;TRUE;6;0.12;95;0.577;79.2;19.8;19.8;79.2;-0.533;-3,135,294,118;-3,135,294,118;0;2,497;1,438;3,297;27.84;21.24;49.07;2,784,368;2,124,424;4,907,354;2,784,368;2,124,424;4,907,354
44;Wanariset;2;2;86;W.02.2.086;Syzygium sp1;;1.13;10,023,665;0.127;0.842;Closed;5.44;1.99;FALSE;TRUE;51,286;256.43;128.86;0.3658;TRUE;96;0.028;94;0.575;95.13;237,825;237,825;95.13;-0.123;-7,235,294,118;-7,235,294,118;0;1,346;0.5;1,041;15.75;5.15;20.89;157,492;0.515072;2,089,492;157,492;0.515072;2,089,492
45;Wanariset;2;2;90;W.02.2.090;Gironniera nervosa;;0.88;0.607904;0.127;0.842;Closed;17.58;5.28;FALSE;TRUE;153.73;768.65;145.58;0.3003;TRUE;38;0.431;92;0.346;-24.57;-61,425;0;0;-0.026;-1,529,411,765;-1,529,411,765;0;2,263;1.85;3,103;23.76;31.77;55.52;237,636;3,177,416;5,551,926;237,636;3,177,416;5,551,926
46;Wanariset;2;2;102;W.02.2.102;Canarium hirsutum;;1.2;11,304;0.127;0.842;Closed;19.8;11.08;FALSE;TRUE;;0;;0.5596;FALSE;;0.03;92;0.346;91.33;228,325;228,325;91.33;0.03;1,764,705,882;1,764,705,882;1,764,705,882;2,676;1,373;3,262;30.29;18.92;49.20;3,029,183;1,891,802;4,919,612;3,029,183;1,891,802;4,919,612
47;Wanariset;2;2;130;W.02.2.130;Xanthophyllum neglectum;;2.57;51,848,465;0.127;0.842;Closed;1.31;0.66;;TRUE;17,042;85.21;129.11;0.5038;TRUE;49;0.35;93;0.341;-2.64;-0.66;0;0;-0.143;-8,411,764,706;-8,411,764,706;0;1,557;1,002;2,442;17.08;15.66;32.73;1,707,852;1,565,904;3,272,754;1,707,852;1,565,904;3,272,754
48;Wanariset;2;2;138;W.02.2.138;Prasoxylon excelsum;;2.08;3,396,224;0.127;0.842;Closed;26.97;13.53;;TRUE;;0;;0.5017;TRUE;135;0.227;92;0.346;34.39;85,975;85,975;34.39;0.078;4,588,235,294;4,588,235,294;4,588,235,294;2,413;1,598;3,078;26.35;25.30;51.63;2,634,648;2,530,136;5,163,186;2,634,648;2,530,136;5,163,186
49;Wanariset;2;2;144;W.02.2.144;Crudia reticulata;;0.84;0.553896;0.127;0.842;Closed;14.35;5.98;;TRUE;111.85;559.25;93.52;0.4167;TRUE;49;0.364;94;0.575;36.7;9,175;9,175;36.7;0.029;1,705,882,353;1,705,882,353;1,705,882,353;1,376;0.739;2,085;15.49;10.48;25.96;1,548,729;1,048,342;2,596,332;1,548,729;1,048,342;2,596,332
50;Wanariset;2;2;150;W.02.2.150;Knema latericia;;1.84;2,657,696;0.127;0.842;Closed;5.57;2.36;;TRUE;53,682;268.41;113.73;0.4237;FALSE;;0.04;94;0.575;93.04;23.26;23.26;93.04;0.079;4,647,058,824;4,647,058,824;4,647,058,824;1,586;0.848;1,787;17.86;12.00;29.85;1,786,108;1,199,672;2,984,932;1,786,108;1,199,672;2,984,932
51;Wanariset;2;3;6;W.02.3.006;#N/A;#N/A;#N/A;#N/A;0.127;0.842;Closed;2.98;1.45;;TRUE;38,526;192.63;132.85;0.4866;TRUE;55;0.004;96;0.561;99.29;248,225;248,225;99.29;0.05;2,941,176,471;2,941,176,471;2,941,176,471;2,413;1.82;3,117;25.75;30.39;56.12;257,493;3,038,516;5,611,626;257,493;3,038,516;5,611,626
52;Wanariset;2;3;11;W.02.3.011;Dacryodes rostrata;49;15.6;1,910,376;0.127;0.842;Closed;13.52;6.11;;TRUE;;0;;0.4519;TRUE;117;0.009;93;0.341;97.36;24.34;24.34;97.36;0.049;2,882,352,941;2,882,352,941;2,882,352,941;1,854;0.598;1,301;21.94;5.02;26.95;2,193,718;0.501748;2,694,868;2,193,718;0.501748;2,694,868
53;Wanariset;2;4;4;W.02.4.004;Syzygium sp2;#N/A;#N/A;#N/A;0.127;0.842;Closed;13.58;5.54;;TRUE;112,656;563.28;101.68;0.4080;TRUE;153;0.009;92;0.346;97.4;24.35;24.35;97.4;0;0;0;0;1,684;0.574;1.24;19.84;5.26;25.10;1,984,274;0.526348;2,510,048;1,984,274;0.526348;2,510,048
54;Wanariset;3;1;31;W.03.1.031;Scaphium macropodum;;1;0.785;0.55;0.968;Open;11.99;4.8;FALSE;TRUE;188.26;564.78;117.66;0.4003;TRUE;93;0.604;98;0.34;-77.65;-194,125;0;0;0.019;1,117,647,059;1,117,647,059;1,117,647,059;1,235;1,022;1,643;12.94;17.62;30.55;1,293,532;17,624;305,491;1,293,532;17,624;305,491
55;Wanariset;3;1;30;W.03.1.030;Aglaia tomentosa;;0.61;0.2920985;0.55;0.968;Open;22.2;8.15;FALSE;TRUE;;0;;0.3671;TRUE;51;0.438;100;0.446;1.79;0.4475;0.4475;1.79;-0.023;-1,352,941,176;-1,352,941,176;0;0.822;0.563;1,169;8.92;9.05;17.97;0.892493;0.904574;1,796,504;0.892493;0.904574;1,796,504
56;Wanariset;3;1;54;W.03.1.054;Lepisanthes sp.;;0.35;0.0961625;0.55;0.968;Open;7.63;2.96;FALSE;TRUE;;0;;0.3879;TRUE;46;;;0.443;100;25;25;100;;0;0;0;;;;0.00;0.00;0.00;0;0;0;0;0;0
57;Wanariset;3;1;69;W.03.1.069;Fordia splendidissima;;0.62;0.301754;0.55;0.968;Open;11.24;4.84;FALSE;TRUE;;0;;0.4306;TRUE;57;;;0.443;100;25;25;100;;0;0;0;;;;0.00;0.00;0.00;0;0;0;0;0;0
58;Wanariset;3;1;85;W.03.1.085;Macaranga lowii;;0.6;0.2826;0.55;0.968;Open;4.42;1.84;FALSE;TRUE;68.13;340.65;185.14;0.4163;TRUE;6;0.572;97;0.558;-2.51;-0.6275;0;0;0.056;3,294,117,647;3,294,117,647;3,294,117,647;1,628;0.934;2,648;18.16;13.77;31.92;1,816,314;1,376,956;3,192,336;1,816,314;1,376,956;3,192,336
59;Wanariset;3;1;81;W.03.1.081;Trigonostemon villosus;;0.84;0.553896;0.55;0.968;Open;20.09;5.92;FALSE;TRUE;166,084;830.42;140.27;0.2947;TRUE;144;-0.001;97;0.558;100.18;25,045;25,045;100;-0.08;-4,705,882,353;-4,705,882,353;0;1,476;0.964;2,212;16.15;15.17;31.31;1,615,204;1,516,792;3,131,032;1,615,204;1,516,792;3,131,032
60;Wanariset;3;1;90;W.03.1.090;Antidesma neurocarpum;;0.58;0.264074;0.55;0.968;Open;3.42;1.18;FALSE;TRUE;444,425;177.77;150.65;0.3450;TRUE;41;0.42;101;0.455;7.69;19,225;19,225;7.69;0.009;0.5294117647;5,294,117,647;5,294,117,647;1.29;0.64;1,674;14.66;8.62;23.27;146,614;0.86188;232,738;146,614;0.86188;232,738
61;Wanariset;3;1;105;W.03.1.105;Trigonostemon villosus;;0.75;0.4415625;0.55;0.968;Open;19.42;5.05;FALSE;TRUE;166,118;830.59;164.47;0.2600;TRUE;27;0.082;96;0.561;85.38;21,345;21,345;85.38;0.008;0.4705882353;4,705,882,353;4,705,882,353;0.741;0.448;0.965;8.21;6.79;14.99;0.820558;0.679132;1,499,242;0.820558;0.679132;1,499,242
62;Wanariset;3;1;110;W.03.1.110;Shorea laevis;;0.3;0.07065;0.55;0.968;Open;1.27;0.63;FALSE;TRUE;20.95;104.75;166.27;0.4961;TRUE;197;0.066;97;0.558;88.17;220,425;220,425;88.17;0.014;0.8235294118;8,235,294,118;8,235,294,118;1,988;1,324;2.38;21.69;21.02;42.69;2,168,604;2,101,576;4,268,856;2,168,604;2,101,576;4,268,856
63;Wanariset;3;1;117;W.03.1.117;Knema laurina;;0.63;0.3115665;0.55;0.968;Open;5.8;2.58;FALSE;TRUE;80,922;404.61;156.83;0.4448;FALSE;;0.422;98;0.34;-24.12;-6.03;0;0;-0.003;-0.1764705882;-1,764,705,882;0;1,878;0.921;2,199;21.37;12.30;33.67;2,137,311;1,230,186;3,366,576;2,137,311;1,230,186;3,366,576
64;Wanariset;3;1;119;W.03.1.119;Dacryodes rostrata;;0.6;0.2826;0.55;0.968;Open;13.27;6.16;FALSE;TRUE;;0;;0.4642;TRUE;34;0.021;99;0.444;95.27;238,175;238,175;95.27;0.027;1,588,235,294;1,588,235,294;1,588,235,294;1,243;0.522;1,943;14.38;6.14;20.51;1,438,192;0.613656;2,051,326;1,438,192;0.613656;2,051,326
65;Wanariset;3;1;124;W.03.1.124;Shorea laevis;;0.42;0.138474;0.55;0.968;Open;1.58;0.78;FALSE;TRUE;18,906;94.53;121.19;0.4937;TRUE;150;0.136;100;0.446;69.51;173,775;173,775;69.51;-0.123;-7,235,294,118;-7,235,294,118;0;1,364;0.784;1,487;15.21;11.57;26.78;1,521,384;1,157,008;2,677,608;1,521,384;1,157,008;2,677,608
66;Wanariset;3;2;10;W.03.2.010;Calophyllum tetrapterum;;1.46;1,673,306;0.55;0.968;Open;1.54;0.83;FALSE;TRUE;20,084;100.42;120.99;0.5390;TRUE;117;0.17;96;0.561;69.7;17,425;17,425;69.7;0.065;3,823,529,412;3,823,529,412;3,823,529,412;0.887;0.462;1.32;10.02;6.43;16.45;1,002,212;0.642864;1,644,614;1,002,212;0.642864;1,644,614
67;Wanariset;3;2;9;W.03.2.009;sp17;;4.82;18,237,434;0.55;0.968;Open;13.87;5.7;FALSE;TRUE;91.72;458.6;80.46;0.4110;TRUE;78;0.106;99;0.444;76.13;190,325;190,325;76.13;-0.068;-4;-40;0;0.827;0.462;1.32;9.26;6.71;15.96;0.926012;0.670944;1,596,494;0.926012;0.670944;1,596,494
68;Wanariset;3;2;13;W.03.2.013;sp18;;2.27;40,450,265;0.55;0.968;Open;9.21;4.02;FALSE;TRUE;69.07;345.35;85.91;0.4365;TRUE;253;0.26;100;0.446;41.7;10,425;10,425;41.7;0.019;1,117,647,059;1,117,647,059;1,117,647,059;2,222;0.945;2,236;25.68;11.24;36.91;2,567,735;1,124,154;3,690,944;2,567,735;1,124,154;3,690,944
69;Wanariset;3;2;27;W.03.2.027;Vatica umbonata;;3.77;111,571,265;0.55;0.968;Open;9.14;4.13;FALSE;TRUE;60,116;300.58;72.78;0.4519;TRUE;245;0.427;101;0.455;6.15;15,375;15,375;6.15;0.131;7,705,882,353;7,705,882,353;7,705,882,353;2,409;1,136;2,806;27.54;14.74;42.27;2,753,846;1,474,028;4,226,738;2,753,846;1,474,028;4,226,738
70;Wanariset;3;2;29;W.03.2.029;Xanthophyllum stipitatum;;2.15;36,286,625;0.55;0.968;Open;3.94;1.77;FALSE;TRUE;;0;;0.4492;TRUE;32;0.043;98;0.34;87.35;218,375;218,375;87.35;-0.099;-5,823,529,412;-5,823,529,412;0;1,181;0.582;2.17;13.43;7.80;21.23;1,343,312;0.780072;2,122,802;1,343,312;0.780072;2,122,802
71;Wanariset;3;2;34;W.03.2.034;Trigonostemon villosus;;0.71;0.3957185;0.55;0.968;Open;15.2;4.05;FALSE;TRUE;130,984;654.92;161.71;0.2664;TRUE;44;0.399;98;0.34;-17.35;-43,375;0;0;0.009;0.5294117647;5,294,117,647;5,294,117,647;0.832;0.48;1,209;9.28;7.10;16.37;0.92752;0.709824;1,636,864;0.92752;0.709824;1,636,864
72;Wanariset;3;2;35;W.03.2.035;Discospermum malaccense;;2.71;57,651,185;0.55;0.968;Open;5.01;1.24;FALSE;TRUE;41,202;206.01;166.14;0.2475;TRUE;49;0.133;97;0.558;76.16;19.04;19.04;76.16;-0.03;-1,764,705,882;-1,764,705,882;0;0.816;0.43;0.845;9.21;6.03;15.23;0.92065;0.602812;1,523,032;0.92065;0.602812;1,523,032
73;Wanariset;3;2;162;W.03.2.162;#N/A;#N/A;#N/A;#N/A;0.55;0.968;Open;14.64;7.22;;TRUE;;0;;0.4932;TRUE;53;0.467;98;0.34;-37.35;-93,375;0;0;-0.045;-2,647,058,824;-2,647,058,824;0;0.401;0.172;0.782;4.63;2.06;6.69;0.463002;0.206212;0.669042;0.463002;0.206212;0.669042
74;Wanariset;3;2;62;W.03.2.062;Vatica umbonata;;5.19;211,448,385;0.55;0.968;Open;9.46;4.15;;TRUE;71,792;358.96;86.50;0.4387;TRUE;172;0.063;96;0.561;88.77;221,925;221,925;88.77;-0.03;-1,764,705,882;-1,764,705,882;0;1.06;0.497;1,516;12.13;6.42;18.54;1,212,507;0.64205;185,406;1,212,507;0.64205;185,406
75;Wanariset;3;2;65;W.03.2.065;Crudia reticulata;;3.2;80,384;0.55;0.968;Open;10.92;5.48;;TRUE;92,314;461.57;84.23;0.5018;TRUE;144;;;0.443;100;25;25;100;;0;0;0;;;;0.00;0.00;0.00;0;0;0;0;0;0
76;Wanariset;3;2;163;W.03.2.163;Knema sp2;;6.81;364,052,385;0.55;0.968;Open;4.96;2.7;;TRUE;41,138;205.69;76.18;0.5444;TRUE;111;-0.006;99;0.444;101.35;253,375;253,375;100;-0.07;-4,117,647,059;-4,117,647,059;0;0.621;0.273;0.939;7.15;3.35;10.50;0.715233;0.334542;1,049,502;0.715233;0.334542;1,049,502
77;Wanariset;3;2;92;W.03.2.092;Aglaia tomentosa;;1.59;19,845,585;0.55;0.968;Open;20.3;8.15;;TRUE;;0;;0.4015;TRUE;37;0.215;100;0.446;51.79;129,475;129,475;51.79;0.038;2,235,294,118;2,235,294,118;2,235,294,118;0.646;0.476;0.924;6.92;7.88;14.80;0.692376;0.787712;1,479,612;0.692376;0.787712;1,479,612
78;Wanariset;3;2;101;W.03.2.101;Trigonostemon villosus;;1.56;1,910,376;0.55;0.968;Open;15.55;5.13;;TRUE;126,416;632.08;123.21;0.3299;TRUE;79;-0.032;96;0.561;105.7;26,425;26,425;100;-0.041;-2,411,764,706;-2,411,764,706;0;0.671;0.443;1,051;7.33;7.00;14.33;0.733003;0.700442;1,433,002;0.733003;0.700442;1,433,002
79;Wanariset;3;2;135;W.03.2.135;Fordia splendidissima;;0.93;0.6789465;0.55;0.968;Open;14.46;6.95;;TRUE;;0;;0.4806;FALSE;;0.016;99;0.444;96.4;24.1;24.1;96.4;-0.061;-3,588,235,294;-3,588,235,294;0;0.567;0.285;0.985;6.43;3.87;10.30;0.643425;0.387294;1,030,434;0.643425;0.387294;1,030,434
80;Wanariset;3;2;121;W.03.2.121;sp17;;4.89;187,709,985;0.55;0.968;Open;8.87;3.96;;TRUE;75.93;379.65;95.87;0.4464;TRUE;70;-0.19;99;0.444;142.79;356,975;356,975;100;0.08;4,705,882,353;4,705,882,353;4,705,882,353;0.668;0.488;1,145;7.17;8.05;15.21;0.717088;0.804896;1,521,496;0.717088;0.804896;1,521,496
81;Wanariset;3;2;122;W.03.2.122;Antidesma sp1;;9.32;68,186,984;0.55;0.968;Open;3.58;1.77;;TRUE;39.97;199.85;112.91;0.4944;TRUE;222;0.064;99;0.444;85.59;213,975;213,975;85.59;0.107;6,294,117,647;6,294,117,647;6,294,117,647;1,492;0.887;2,632;16.56;13.33;29.88;1,656,237;1,332,974;2,988,324;1,656,237;1,332,974;2,988,324
82;Wanariset;3;2;143;W.03.2.143;Fordia splendidissima;;2.54;5,064,506;0.55;0.968;Open;18.65;8.92;;TRUE;;0;;0.4783;TRUE;85;-0.23;97;0.558;141.22;35,305;35,305;100;-0.032;-1,882,352,941;-1,882,352,941;0;0.536;0.219;0.978;6.22;2.51;8.72;0.621809;0.250662;0.872252;0.621809;0.250662;0.872252
83;Wanariset;3;2;158;W.03.2.158;Dacryodes rostrata;;7.86;48,496,986;0.55;0.968;Open;6.96;2.39;;TRUE;34,988;174.94;73.20;0.3434;TRUE;129;;;0.443;100;25;25;100;;0;0;0;;;;0.00;0.00;0.00;0;0;0;0;0;0
84;Wanariset;3;2;169;W.03.2.169;Trigonostemon villosus;;1.78;2,487,194;0.55;0.968;Open;16.15;5.65;;TRUE;116,668;583.34;103.25;0.3498;TRUE;71;0.237;100;0.446;46.86;11,715;11,715;46.86;-0.034;-2;-20;0;0.294;0.192;0.44;3.22;3.02;6.24;0.321732;0.302088;0.623628;0.321732;0.302088;0.623628
85;Wanariset;3;2;191;W.03.2.191;sp19;;2.75;59,365,625;0.55;0.968;Open;7.28;3.22;;TRUE;58.16;290.8;90.31;0.4423;TRUE;60;0.043;98;0.34;87.35;218,375;218,375;87.35;0.065;3,823,529,412;3,823,529,412;3,823,529,412;2,039;1,045;3,163;23.08;14.39;37.46;2,308,425;1,438,798;3,746,178;2,308,425;1,438,798;3,746,178
86;Wanariset;3;2;208;W.03.2.208;Antidesma neurocarpum;;0.86;0.580586;0.55;0.968;Open;2.56;0.89;;TRUE;20,622;103.11;115.85;0.3477;TRUE;13;-0.131;97;0.558;123.48;30.87;30.87;100;-0.062;-3,647,058,824;-3,647,058,824;0;0.749;0.357;0.916;8.55;4.67;13.22;0.855197;0.466998;1,321,838;0.855197;0.466998;1,321,838
87;Wanariset;3;2;211;W.03.2.211;Macaranga lowii;;1.37;14,733,665;0.55;0.968;Open;6.15;;;TRUE;107,678;538.39;#DIV/0!;0.0000;TRUE;26;0.032;100;0.446;92.83;232,075;232,075;92.83;-0.003;-0.1764705882;-1,764,705,882;0;2,533;2;3,396;26.79;33.95;60.71;267,891;3,394,556;6,071,466;267,891;3,394,556;6,071,466
88;Wanariset;3;2;224;W.03.2.224;Fordia splendidissima;;3.61;102,301,985;0.55;0.968;Open;36.51;16.6;;TRUE;;0;;0.4547;FALSE;;;;0.443;100;25;25;100;;0;0;0;;;;0.00;0.00;0.00;0;0;0;0;0;0
89;Wanariset;3;3;10;W.03.3.010;Shorea sp2;39;12.41;1,208,963,585;0.55;0.968;Open;10.96;4.82;;TRUE;83,908;419.54;87.04;0.4398;TRUE;33;0.387;96;0.561;31.02;7,755;7,755;31.02;-0.026;-1,529,411,765;-1,529,411,765;0;2.7;2;3,327;28.91;33.16;62.05;2,891;33,164;62,054;2,891;33,164;62,054
90;Wanariset;3;3;11;W.03.3.011;Dacryodes rugosa;48;15.28;183,280,544;0.55;0.968;Open;15.48;8.52;;TRUE;;0;;0.5504;TRUE;54;-0.101;101;0.455;122.2;30.55;30.55;100;-0.108;-6,352,941,176;-6,352,941,176;0;1,252;0.453;1,786;14.68;4.51;19.19;1,468,183;0.451434;1,919,164;1,468,183;0.451434;1,919,164
91;Wanariset;4;1;13;W.04.1.013;Syzygium sp1;;0.47;0.1734065;0.207;0.777;Closed;5.31;2.81;FALSE;TRUE;78,065;312.26;111.12;0.5292;TRUE;127;0.071;102;0.463;84.67;211,675;211,675;84.67;0.028;1,647,058,824;1,647,058,824;1,647,058,824;1,978;1,003;2,628;22.42;13.71;36.12;2,242,253;1,371,166;3,612,416;2,242,253;1,371,166;3,612,416
92;Wanariset;4;1;19;W.04.1.019;Rubroshorea smithiana;;0.56;0.246176;0.207;0.777;Closed;17.74;7.33;FALSE;TRUE;222,532;1112.66;151.80;0.4132;TRUE;139;0.433;106;0.576;24.83;62,075;62,075;24.83;0;0;0;0;2,094;1,583;2,989;22.34;26.45;48.77;2,233,553;2,645,078;4,877,048;2,233,553;2,645,078;4,877,048
93;Wanariset;4;1;27;W.04.1.027;Macaranga lowii;;0.61;0.2920985;0.207;0.777;Closed;4.48;2.07;FALSE;TRUE;68,402;342.01;165.22;0.4621;FALSE;;-0.061;103;0.464;113.15;282,875;282,875;100;0.202;1,188,235,294;1,188,235,294;1,188,235,294;2,526;1,677;3,316;27.57;26.58;54.13;2,756,907;2,658,162;5,413,392;2,756,907;2,658,162;5,413,392
94;Wanariset;4;1;26;W.04.1.026;Fagaceae;;0.64;0.321536;0.207;0.777;Closed;4.73;1.78;FALSE;TRUE;51,212;256.06;143.85;0.3763;TRUE;27;0.214;107;0.575;62.78;15,695;15,695;62.78;0.108;6,352,941,176;6,352,941,176;6,352,941,176;2,605;2,563;3,319;26.19;46.50;72.66;2,618,903;465,013;726,647;2,618,903;465,013;726,647
95;Wanariset;4;1;46;W.04.1.046;Endospermum diadenum;;0.41;0.1319585;0.207;0.777;Closed;5.93;2.28;FALSE;TRUE;166,034;830.17;364.11;0.3845;FALSE;;0.128;104;0.648;80.25;200,625;200,625;80.25;0.111;6,529,411,765;6,529,411,765;6,529,411,765;2,813;2,804;3,418;28.18;51.05;79.20;2,818,234;5,104,676;7,920,106;2,818,234;5,104,676;7,920,106
96;Wanariset;4;1;47;W.04.1.047;Madhuca palembanica;;0.47;0.1734065;0.207;0.777;Closed;3.22;1.32;FALSE;TRUE;24.69;123.45;93.52;0.4099;TRUE;33;0.146;106;0.576;74.65;186,625;186,625;74.65;-0.028;-1,647,058,824;-1,647,058,824;0;2,651;2,517;3.34;26.90;45.23;72.10;2,689,697;4,523,262;7,210,442;2,689,697;4,523,262;7,210,442
97;Wanariset;4;1;52;W.04.1.052;Aquilaria sp.;;0.52;0.212264;0.207;0.777;Closed;2.56;0.96;FALSE;TRUE;34,835;139.34;145.15;0.3750;TRUE;95;0.349;104;0.648;46.14;11,535;11,535;46.14;0.11;6,470,588,235;6,470,588,235;6,470,588,235;2,673;1,085;2,285;31.03;12.34;43.35;3,102,845;1,233,686;4,335,446;3,102,845;1,233,686;4,335,446
98;Wanariset;4;1;55;W.04.1.055;Shorea laevis;;0.33;0.0854865;0.207;0.777;Closed;1.37;0.63;FALSE;TRUE;23.18;115.9;183.97;0.4599;TRUE;150;0.113;103;0.464;75.65;189,125;189,125;75.65;-0.003;-0.1764705882;-1,764,705,882;0;2,665;2,414;3,358;27.35;42.81;70.14;2,735,184;428,084;701,361;2,735,184;428,084;701,361
99;Wanariset;4;1;58;W.04.1.058;Aquilaria sp.;;0.28;0.061544;0.207;0.777;Closed;1.46;0.6;FALSE;TRUE;217,575;87.03;145.05;0.4110;TRUE;74;0.19;102;0.463;58.96;14.74;14.74;58.96;-0.021;-1,235,294,118;-1,235,294,118;0;2.59;1,038;2,569;30.10;11.65;41.74;3,010,078;11,649;417,394;3,010,078;11,649;417,394
100;Wanariset;4;1;100;W.04.1.100;Litsea sp3;;0.62;0.301754;0.207;0.777;Closed;5.32;2.69;FALSE;TRUE;58,068;290.34;107.93;0.5056;TRUE;42;0.085;101;0.455;81.32;20.33;20.33;81.32;0.02;1,176,470,588;1,176,470,588;1,176,470,588;1,952;0.776;2,103;22.70;8.64;31.33;2,270,296;0.863504;3,133,024;2,270,296;0.863504;3,133,024
101;Wanariset;4;2;1;W.04.2.001;Diospyros borneensis;;5.61;247,055,985;0.207;0.777;Closed;13.91;6.7;FALSE;TRUE;133.98;401.94;59.99;0.4817;TRUE;127;0.069;105;0.586;88.23;220,575;220,575;88.23;0.056;3,294,117,647;3,294,117,647;3,294,117,647;1,662;0.815;2,063;18.92;10.89;29.79;1,891,505;1,088,534;2,979,224;1,891,505;1,088,534;2,979,224
102;Wanariset;4;2;79;W.04.2.079;Madhuca palembanica;;1.92;2,893,824;0.207;0.777;Closed;3.26;1.37;FALSE;TRUE;36,646;183.23;133.74;0.4202;TRUE;45;0.362;101;0.455;20.44;5.11;5.11;20.44;0.123;7,235,294,118;7,235,294,118;7,235,294,118;2,618;2,357;3,312;26.91;41.72;68.61;2,690,827;4,172,306;6,860,776;2,690,827;4,172,306;6,860,776
103;Wanariset;4;2;27;W.04.2.027;Knema latericia;;1.26;1,246,266;0.207;0.777;Closed;4.51;1.82;FALSE;TRUE;45,484;227.42;124.96;0.4035;TRUE;28;;;0.443;100;25;25;100;;0;0;0;;;;0.00;0.00;0.00;0;0;0;0;0;0
104;Wanariset;4;2;34;W.04.2.034;Camellia lanceolata;;0.84;0.553896;0.207;0.777;Closed;4.43;2.1;FALSE;TRUE;47,202;236.01;112.39;0.4740;TRUE;2;0.227;103;0.464;51.08;12.77;12.77;51.08;0.092;5,411,764,706;5,411,764,706;5,411,764,706;2,532;2,304;3,295;25.96;40.91;66.85;2,595,864;4,091,184;6,684,744;2,595,864;4,091,184;6,684,744
105;Wanariset;4;2;38;W.04.2.038;Aglaia sp2;;3.37;89,151,665;0.207;0.777;Closed;46.12;33.21;FALSE;TRUE;;0;;0.7201;TRUE;94;0.055;102;0.463;88.12;22.03;22.03;88.12;0.174;1,023,529,412;1,023,529,412;1,023,529,412;2,062;0.86;2.49;23.87;10.04;33.91;23,874;1,004,384;3,390,924;23,874;1,004,384;3,390,924
106;Wanariset;4;2;46;W.04.2.046;Dipterocarpus sp.;;5.23;214,720,265;0.207;0.777;Closed;24.72;11.71;FALSE;TRUE;4,065,033,333;1219.51;104.14;0.4737;TRUE;101;;;0.443;100;25;25;100;;0;0;0;;;;0.00;0.00;0.00;0;0;0;0;0;0
107;Wanariset;4;2;54;W.04.2.054;Durio sp.;;0.77;0.4654265;0.207;0.777;Closed;5.28;2.11;FALSE;TRUE;65,556;327.78;155.35;0.3996;TRUE;29;0.07;102;0.463;84.88;21.22;21.22;84.88;0.131;7,705,882,353;7,705,882,353;7,705,882,353;1,675;1,063;2,857;18.41;16.50;34.91;1,841,303;165,037;349,061;1,841,303;165,037;349,061
108;Wanariset;4;2;72;W.04.2.072;Cleistanthus oblongifolius;;2.2;37,994;0.207;0.777;Closed;3.26;1.48;FALSE;TRUE;38,448;192.24;129.89;0.4540;TRUE;30;-0.079;107;0.575;113.74;28,435;28,435;100;0.098;5,764,705,882;5,764,705,882;5,764,705,882;2,702;1,837;3,333;29.37;29.42;58.78;2,937,387;2,942,194;5,877,744;2,937,387;2,942,194;5,877,744
109;Wanariset;4;2;81;W.04.2.081;Aquilaria sp.;;2.08;3,396,224;0.207;0.777;Closed;3.9;1.93;FALSE;TRUE;38,166;190.83;98.88;0.4949;TRUE;118;;;0.443;100;25;25;100;;0;0;0;;;;0.00;0.00;0.00;0;0;0;0;0;0
110;Wanariset;4;2;92;W.04.2.092;sp18;;3.28;8,445,344;0.207;0.777;Closed;9.05;3.9;;TRUE;75.69;378.45;97.04;0.4309;TRUE;151;0.101;105;0.586;82.76;20.69;20.69;82.76;0.107;6,294,117,647;6,294,117,647;6,294,117,647;2.77;1,357;3,104;31.53;18.11;49.63;3,152,867;181,117;496,268;3,152,867;181,117;496,268
111;Wanariset;4;2;97;W.04.2.097;Aquilaria sp.;;0.39;0.1193985;0.207;0.777;Closed;2.93;2.32;;TRUE;32.33;161.65;69.68;0.7918;TRUE;55;0.428;104;0.648;33.95;84,875;84,875;33.95;0.097;5,705,882,353;5,705,882,353;5,705,882,353;1,279;0.483;1,625;14.94;5.07;20.01;1,494,403;0.507498;2,001,418;1,494,403;0.507498;2,001,418
112;Wanariset;4;2;107;W.04.2.107;Baccaurea sp4;;2.44;4,673,576;0.207;0.777;Closed;5.48;2.57;;TRUE;65,546;327.73;127.52;0.4690;TRUE;55;-0.036;103;0.464;107.76;26.94;26.94;100;-0.001;-0.05882352941;-0.5882352941;0;2,031;0.801;1,876;23.64;8.84;32.47;2,363,901;0.883782;3,246,882;2,363,901;0.883782;3,246,882
113;Wanariset;4;2;121;W.04.2.121;Macaranga lowii;;1.15;10,381,625;0.207;0.777;Closed;3.68;1.79;;TRUE;57,424;287.12;160.40;0.4864;TRUE;8;0.106;105;0.586;81.91;204,775;204,775;81.91;-0.037;-2,176,470,588;-2,176,470,588;0;2,513;1,552;3,307;27.74;23.78;51.50;2,774,022;2,377,996;5,150,466;2,774,022;2,377,996;5,150,466
114;Wanariset;4;2;127;W.04.2.127;Melanochyla fulvinervis;;6.54;33,575,706;0.207;0.777;Closed;16.1;8.18;;TRUE;168,306;841.53;102.88;0.5081;FALSE;;0.015;107;0.575;97.39;243,475;243,475;97.39;-0.009;-0.5294117647;-5,294,117,647;0;0.722;0.511;1,153;7.79;8.32;16.11;0.779481;0.832294;1,611,264;0.779481;0.832294;1,611,264
115;Wanariset;4;2;138;W.04.2.138;Fordia splendidissima;;1.3;132,665;0.207;0.777;Closed;21.84;12.66;;FALSE;;0;;0.5797;TRUE;54;0.143;105;0.586;75.6;18.9;18.9;75.6;0.04;2,352,941,176;2,352,941,176;2,352,941,176;1,568;0.807;2,019;17.74;11.14;28.88;1,774,277;1,114,206;2,887,676;1,774,277;1,114,206;2,887,676
116;Wanariset;4;2;139;W.04.2.139;Fordia splendidissima;;2.65;55,126,625;0.207;0.777;Closed;4.97;2.33;;TRUE;;0;;0.4688;TRUE;165;0.487;106;0.576;15.45;38,625;38,625;15.45;-0.061;-3,588,235,294;-3,588,235,294;0;2,398;1,045;2,304;27.64;12.71;40.34;2,764,355;1,270,786;4,034,096;2,764,355;1,270,786;4,034,096
117;Wanariset;4;2;154;W.04.2.154;Cleistanthus oblongifolius;;0.45;0.1589625;0.207;0.777;Closed;2.95;1.32;;TRUE;48,616;243.08;184.15;0.4475;TRUE;34;;;0.443;100;25;25;100;;0;0;0;;;;0.00;0.00;0.00;0;0;0;0;0;0
118;Wanariset;4;2;156;W.04.2.156;Macaranga lowii;;3.31;86,005,385;0.207;0.777;Closed;4.75;2.18;;TRUE;69.1;345.5;158.49;0.4589;TRUE;13;0.11;104;0.648;83.02;20,755;20,755;83.02;0.082;4,823,529,412;4,823,529,412;4,823,529,412;2,442;1,835;3,327;26.08;30.59;56.65;2,607,725;3,059,294;5,665,184;2,607,725;3,059,294;5,665,184
119;Wanariset;4;2;165;W.04.2.165;Eurycoma longifolia;;1.1;0.94985;0.207;0.777;Closed;15.06;7.08;;TRUE;;0;;0.4701;TRUE;24;-0.181;102;0.463;139.09;347,725;347,725;100;-0.008;-0.4705882353;-4,705,882,353;0;2.72;1,718;3,329;29.92;26.61;56.52;2,992,258;266,126;56,518;2,992,258;266,126;56,518
120;Wanariset;4;2;167;W.04.2.167;Dryobalanops lanceolata;;2.45;47,119,625;0.207;0.777;Closed;5.04;1.31;;TRUE;33,968;169.84;129.65;0.2599;TRUE;100;0.399;104;0.648;38.43;96,075;96,075;38.43;0.136;8;80;80;2,009;0.759;2,324;23.47;7.98;31.44;2,347,259;0.797898;3,144,398;2,347,259;0.797898;3,144,398
121;Wanariset;4;2;170;W.04.2.170;Dryobalanops beccarii;;1.75;24,040,625;0.207;0.777;Closed;2.11;0.85;;TRUE;23,778;118.89;139.87;0.4028;TRUE;134;0.107;103;0.464;76.94;19,235;19,235;76.94;0.087;5,117,647,059;5,117,647,059;5,117,647,059;1,261;0.698;2,463;14.14;10.08;24.21;1,413,708;1,008,272;2,421,282;1,413,708;1,008,272;2,421,282
122;Wanariset;4;2;201;W.04.2.201;Popowia pisocarpa;;2.08;3,396,224;0.207;0.777;Closed;3.22;1.59;;TRUE;44,004;220.02;138.38;0.4938;FALSE;;-0.018;101;0.455;103.96;25.99;25.99;100;0.172;1,011,764,706;1,011,764,706;1,011,764,706;2,136;1.28;2,948;23.68;19.32;42.99;23,684;1,931,552;4,298,672;23,684;1,931,552;4,298,672
123;Wanariset;4;2;206;W.04.2.206;Mallotus mollissimus;;0.43;0.1451465;0.207;0.777;Closed;10.57;3.86;;TRUE;193,568;967.84;250.74;0.3652;TRUE;6;0.33;105;0.586;43.69;109,225;109,225;43.69;-0.115;-6,764,705,882;-6,764,705,882;0;2,426;1.81;2,993;25.94;30.10;56.02;259,413;3,009,532;5,601,852;259,413;3,009,532;5,601,852
124;Wanariset;4;2;214;W.04.2.214;Rubroshorea smithiana;;1.44;1,627,776;0.207;0.777;Closed;5.65;2.51;;TRUE;1,156,466,667;346.94;138.22;0.4442;TRUE;71;0.172;104;0.648;73.46;18,365;18,365;73.46;0.019;1,117,647,059;1,117,647,059;1,117,647,059;2,595;1,273;3,448;29.53;17.01;46.53;2,953,213;170,071;465,265;2,953,213;170,071;465,265
125;Wanariset;4;2;224;W.04.2.224;Camellia lanceolata;;2.77;60,232,265;0.207;0.777;Closed;9.5;2.97;;TRUE;80,996;404.98;136.36;0.3126;TRUE;94;;;0.443;100;25;25;100;;0;0;0;;;;0.00;0.00;0.00;0;0;0;0;0;0
126;Wanariset;4;2;240;W.04.2.240;Euphorbiaceae;;4.35;148,541,625;0.207;0.777;Closed;3.44;0.98;;TRUE;31,024;155.12;158.29;0.2849;TRUE;32;0.432;106;0.576;25;6.25;6.25;25;0.005;0.2941176471;2,941,176,471;2,941,176,471;1.85;0.709;0.982;21.59;7.58;29.16;2,158,779;0.75781;291,588;2,158,779;0.75781;291,588
127;Wanariset;4;3;4;W.04.3.004;Syzygium sp5;52;16.55;2,150,134,625;0.207;0.777;Closed;14.56;7.29;;TRUE;108.83;544.15;74.64;0.5007;TRUE;321;-0.025;105;0.586;104.27;260,675;260,675;100;-0.035;-2,058,823,529;-2,058,823,529;0;0.552;0.318;0.585;6.15;4.70;10.85;0.615498;0.469884;1,085,064;0.615498;0.469884;1,085,064
128;Wanariset;4;3;6;W.04.3.006;Dipterocarpus sp3;39;12.41;1,208,963,585;0.207;0.777;Closed;12.03;5.91;;TRUE;2,574,766,667;772.43;130.70;0.4913;TRUE;10;0.113;106;0.576;80.38;20,095;20,095;80.38;-0.046;-2,705,882,353;-2,705,882,353;0;2,721;2.43;3,434;28.02;42.91;70.91;2,802;4,291,272;7,090,842;2,802;4,291,272;7,090,842
129;Wanariset;4;4;1;W.04.4.001;Diospyros borneensis;77;24.51;4,715,809,785;0.207;0.777;Closed;10.29;5.01;;TRUE;70,524;352.62;70.38;0.4869;TRUE;188;0.47;106;0.576;18.4;4.6;4.6;18.4;-0.035;-2,058,823,529;-2,058,823,529;0;0.34;0.199;0.386;3.78;2.97;6.75;0.378269;0.29659;0.67466;0.378269;0.29659;0.67466
130;Wanariset;5;1;4;W.05.1.004;Utania sp1;;1.14;1,020,186;0.122;0.857;Closed;9.82;4.79;FALSE;TRUE;1,280,333,333;384.1;80.19;0.4878;TRUE;31;0.026;110;0.282;90.78;22,695;22,695;90.78;0.059;3,470,588,235;3,470,588,235;3,470,588,235;0.481;0.232;0.85;5.48;3.06;8.54;0.548462;0.306172;0.854402;0.548462;0.306172;0.854402
131;Wanariset;5;1;12;W.05.1.012;Baccaurea parviflora;;0.76;0.453416;0.122;0.857;Closed;5.39;2.66;FALSE;TRUE;37,418;187.09;70.33;0.4935;TRUE;80;0.005;110;0.282;98.23;245,575;245,575;98.23;-0.054;-3,176,470,588;-3,176,470,588;0;1.14;0.55;1,519;13.00;7.26;20.25;129,985;0.72598;202,528;129,985;0.72598;202,528
132;Wanariset;5;1;21;W.05.1.021;Macaranga lowii;;0.73;0.4183265;0.122;0.857;Closed;5.62;2.39;FALSE;TRUE;102,234;511.17;213.88;0.4253;TRUE;6;0.047;112;0.285;83.51;208,775;208,775;83.51;0.063;3,705,882,353;3,705,882,353;3,705,882,353;1,312;0.624;2,705;14.98;8.15;23.13;1,498,384;0.814944;2,312,704;1,498,384;0.814944;2,312,704
133;Wanariset;5;1;22;W.05.1.022;Ochanostachys amentacea;;0.43;0.1451465;0.122;0.857;Closed;2.75;0.85;FALSE;TRUE;63,855;255.42;300.49;0.3091;TRUE;44;0.003;110;0.282;98.94;24,735;24,735;98.94;0.007;0.4117647059;4,117,647,059;4,117,647,059;2,262;1,321;2,823;25.17;19.66;44.83;2,517,391;1,966,474;4,482,544;2,517,391;1,966,474;4,482,544
134;Wanariset;5;1;31;W.05.1.031;Pternandra coerulescens;;0.45;0.1589625;0.122;0.857;Closed;2.46;0.8;FALSE;TRUE;34.89;139.56;174.45;0.3252;TRUE;47;0.027;111;0.279;90.32;22.58;22.58;90.32;-0.001;-0.05882352941;-0.5882352941;0;1,029;0.407;0.787;11.97;4.50;16.47;1,197,347;0.450458;1,647,398;1,197,347;0.450458;1,647,398
135;Wanariset;5;1;35;W.05.1.035;Shorea laevis;;0.28;0.061544;0.122;0.857;Closed;1.53;0.76;FALSE;TRUE;22,696;113.48;149.32;0.4967;TRUE;97;0.455;112;0.285;-59.65;-149,125;0;0;0.016;0.9411764706;9,411,764,706;9,411,764,706;1,695;0.803;2,673;19.37;10.46;29.81;1,936,643;104,561;298,145;1,936,643;104,561;298,145
136;Wanariset;5;1;60;W.05.1.060;Shorea laevis;;0.4;0.1256;0.122;0.857;Closed;1.14;0.62;FALSE;TRUE;16,008;80.04;129.10;0.5439;TRUE;157;0.465;110;0.282;-64.89;-162,225;0;0;0.142;8,352,941,176;8,352,941,176;8,352,941,176;1,202;0.606;1.97;13.64;8.25;21.88;1,363,526;0.825204;2,188,124;1,363,526;0.825204;2,188,124
137;Wanariset;5;1;77;W.05.1.077;Knema latericia;;0.59;0.2732585;0.122;0.857;Closed;4.63;1.78;FALSE;TRUE;66.34;331.7;186.35;0.3844;FALSE;;0.299;108;0.272;-9.93;-24,825;0;0;0.061;3,588,235,294;3,588,235,294;3,588,235,294;1,935;1,528;2,841;20.46;25.94;46.38;2,046,418;259,354;463,843;2,046,418;259,354;463,843
138;Wanariset;5;1;104;W.05.1.104;Diospyros borneensis;;0.46;0.166106;0.122;0.857;Closed;6.77;2.82;FALSE;TRUE;1,238,875;495.55;175.73;0.4165;TRUE;28;0.004;109;0.272;98.53;246,325;246,325;98.53;0.038;2,235,294,118;2,235,294,118;2,235,294,118;0.795;0.568;2,118;8.57;9.29;17.85;0.856858;0.92866;178,495;0.856858;0.92866;178,495
139;Wanariset;5;1;74;W.05.1.074;Monoon sp.;;0.41;0.1319585;0.122;0.857;Closed;4.18;1.77;FALSE;TRUE;78,786;393.93;222.56;0.4234;TRUE;76;0.224;108;0.272;17.65;44,125;44,125;17.65;0.154;9,058,823,529;9,058,823,529;9,058,823,529;2,178;1,226;3,058;24.36;17.88;42.23;2,436,266;1,788,236;4,223,276;2,436,266;1,788,236;4,223,276
140;Wanariset;5;1;92;W.05.1.092;Rubiaceae3;;0.52;0.212264;0.122;0.857;Closed;8.38;2.35;FALSE;TRUE;69,258;346.29;147.36;0.2804;TRUE;65;0.279;108;0.272;-2.57;-0.6425;0;0;0.089;5,235,294,118;5,235,294,118;5,235,294,118;1,508;0.62;1,351;17.48;7.14;24.62;174,838;0.714056;2,461,816;174,838;0.714056;2,461,816
141;Wanariset;5;2;20;W.05.2.020;Syzygium sp1;;1.28;1,286,144;0.122;0.857;Closed;6.41;3.03;FALSE;TRUE;71,986;359.93;118.79;0.4727;TRUE;127;0.126;107;0.575;78.09;195,225;195,225;78.09;0.138;8,117,647,059;8,117,647,059;8,117,647,059;0.517;0.264;0.749;5.86;3.63;9.48;0.585574;0.362604;0.947914;0.585574;0.362604;0.947914
142;Wanariset;5;2;31;W.05.2.031;Trigonostemon villosus;;0.77;0.4654265;0.122;0.857;Closed;18.94;5.6;FALSE;TRUE;186.86;560.58;100.10;0.2957;TRUE;164;;;0.443;100;25;25;100;;0;0;0;;;;0.00;0.00;0.00;0;0;0;0;0;0
143;Wanariset;5;2;40;W.05.2.040;Aporosa subcaudata;;0.85;0.5671625;0.122;0.857;Closed;5.93;2.34;FALSE;TRUE;70,192;350.96;149.98;0.3946;FALSE;;0.322;108;0.272;-18.38;-4,595;0;0;0.076;4,470,588,235;4,470,588,235;4,470,588,235;0.695;0.249;0.584;8.16;2.45;10.60;0.815669;0.24495;106,037;0.815669;0.24495;106,037
144;Wanariset;5;2;38;W.05.2.038;Macaranga lowii;;0.88;0.607904;0.122;0.857;Closed;6.33;2.96;FALSE;TRUE;85.55;427.75;144.51;0.4676;TRUE;5;0.329;108;0.272;-20.96;-5.24;0;0;0.045;2,647,058,824;2,647,058,824;2,647,058,824;1,729;0.894;2,735;19.55;12.38;31.93;1,955,344;1,238,088;3,192,538;1,955,344;1,238,088;3,192,538
145;Wanariset;5;2;61;W.05.2.061;Antidesma neurocarpum;;1.31;13,471,385;0.122;0.857;Closed;4.2;1.43;FALSE;TRUE;27,506;137.53;96.17;0.3405;FALSE;;0.434;111;0.279;-55.56;-13.89;0;0;0.016;0.9411764706;9,411,764,706;9,411,764,706;0.732;0.495;1,421;7.96;7.91;15.87;0.796485;0.790974;1,586,964;0.796485;0.790974;1,586,964
146;Wanariset;5;2;81;W.05.2.081;Camellia lanceolata;;1.09;0.9326585;0.122;0.857;Closed;3.13;1.07;FALSE;TRUE;30,888;154.44;144.34;0.3419;TRUE;38;0.383;111;0.279;-37.28;-9.32;0;0;-0.012;-0.7058823529;-7,058,823,529;0;0.6;0.297;0.953;6.82;3.99;10.81;0.682107;0.39933;108,114;0.682107;0.39933;108,114
147;Wanariset;5;2;86;W.05.2.086;Vatica umbonata;;4.55;162,514,625;0.122;0.857;Closed;8.86;4.17;FALSE;TRUE;86,676;433.38;103.93;0.4707;TRUE;111;0.042;112;0.285;85.26;21,315;21,315;85.26;0.107;6,294,117,647;6,294,117,647;6,294,117,647;0.61;0.293;1,157;6.96;3.85;10.81;0.695883;0.38549;108,108;0.695883;0.38549;108,108
148;Wanariset;5;2;93;W.05.2.093;sp20;;1.99;31,086,785;0.122;0.857;Closed;44.01;15.64;FALSE;TRUE;;0;;0.3554;TRUE;26;0.005;109;0.272;98.16;24.54;24.54;98.16;0.013;0.7647058824;7,647,058,824;7,647,058,824;1.44;0.72;1.63;16.35;9.75;26.09;163,512;0.97488;260,928;163,512;0.97488;260,928
149;Wanariset;5;2;95;W.05.2.095;Madhuca sericea;;4.25;141,790,625;0.122;0.857;Closed;13.5;6.63;;TRUE;157.72;473.16;71.37;0.4911;TRUE;53;0.481;110;0.282;-70.57;-176,425;0;0;0.091;5,352,941,176;5,352,941,176;5,352,941,176;0.986;0.467;1,227;11.27;6.08;17.34;1,126,597;0.607982;1,734,112;1,126,597;0.607982;1,734,112
150;Wanariset;5;2;98;W.05.2.098;Durio dulcis;;4.48;15,755,264;0.122;0.857;Closed;7.28;2.56;;TRUE;71.14;355.7;138.95;0.3516;FALSE;;0.111;109;0.272;59.19;147,975;147,975;59.19;0.033;1,941,176,471;1,941,176,471;1,941,176,471;1,583;0.944;2,324;17.56;14.21;31.76;1,756,474;1,420,916;3,176,446;1,756,474;1,420,916;3,176,446
151;Wanariset;5;2;103;W.05.2.103;Camellia lanceolata;;0.98;0.753914;0.122;0.857;Closed;7.7;2.29;;TRUE;60,748;303.74;132.64;0.2974;FALSE;;0.063;109;0.272;76.84;19.21;19.21;76.84;0.139;8,176,470,588;8,176,470,588;8,176,470,588;0.708;0.325;0.739;8.12;4.13;12.24;0.811735;0.412906;1,224,316;0.811735;0.412906;1,224,316
152;Wanariset;5;2;111;W.05.2.111;Calophyllum tetrapterum;;1.3;132,665;0.122;0.857;Closed;1.4;0.72;;TRUE;16,968;84.84;117.83;0.5143;TRUE;37;0.466;108;0.272;-71.32;-17.83;0;0;-0.004;-0.2352941176;-2,352,941,176;0;0.628;0.23;1,022;7.36;2.33;9.68;0.73569;0.232796;0.968256;0.73569;0.232796;0.968256
153;Wanariset;5;2;133;W.05.2.133;sp21;;4.73;175,627,265;0.122;0.857;Closed;96.53;26.51;;TRUE;;0;;0.2746;TRUE;38;0.519;111;0.279;-86.02;-21,505;0;0;0.064;3,764,705,882;3,764,705,882;3,764,705,882;0.741;0.503;1,053;8.06;8.05;16.10;0.805763;0.805082;1,610,342;0.805763;0.805082;1,610,342
154;Wanariset;5;2;141;W.05.2.141;Baccaurea sp2;;2.3;415,265;0.122;0.857;Closed;8.38;3,766;;TRUE;86,642;433.21;115.03;0.4494;TRUE;175;0.498;111;0.279;-78.49;-196,225;0;0;0.018;1,058,823,529;1,058,823,529;1,058,823,529;0.328;0.177;0.743;3.69;2.52;6.21;0.368947;0.251826;0.620596;0.368947;0.251826;0.620596
155;Wanariset;5;2;144;W.05.2.144;Gironniera nervosa;;1.54;1,861,706;0.122;0.857;Closed;3.81;1.37;;TRUE;40,102;200.51;146.36;0.3596;TRUE;40;0.372;112;0.285;-30.53;-76,325;0;0;0.097;5,705,882,353;5,705,882,353;5,705,882,353;1,275;0.824;2.05;13.98;12.90;26.87;1,397,594;129,026;268,703;1,397,594;129,026;268,703
156;Wanariset;5;2;148;W.05.2.148;Durio sp.;;2.8;61,544;0.122;0.857;Closed;3.65;1.36;;TRUE;33,188;165.94;122.01;0.3726;TRUE;20;;;0.443;100;25;25;100;;0;0;0;;;;0.00;0.00;0.00;0;0;0;0;0;0
157;Wanariset;5;2;165;W.05.2.165;sp22;;1.47;16,963,065;0.122;0.857;Closed;4.99;1.18;;TRUE;41,664;208.32;176.54;0.2365;TRUE;107;0.439;109;0.272;-61.4;-15.35;0;0;0.04;2,352,941,176;2,352,941,176;2,352,941,176;0.771;0.375;0.975;8.78;4.98;13.76;0.878295;0.497922;1,375,842;0.878295;0.497922;1,375,842
158;Wanariset;5;2;172;W.05.2.172;Macaranga lowii;;2.93;67,391,465;0.122;0.857;Closed;5.35;2.68;;TRUE;92,256;461.28;172.12;0.5009;TRUE;6;0.32;112;0.285;-12.28;-3.07;0;0;0.126;7,411,764,706;7,411,764,706;7,411,764,706;1,305;0.673;2,647;14.76;9.30;24.06;1,476,313;0.93043;240,607;1,476,313;0.93043;240,607
159;Wanariset;5;2;183;W.05.2.183;Macaranga lowii;;3.4;90,746;0.122;0.857;Closed;3.8;1.78;;TRUE;54,744;273.72;153.78;0.4684;TRUE;10;0.428;110;0.282;-51.77;-129,425;0;0;0.013;0.7647058824;7,647,058,824;7,647,058,824;1,285;0.594;2,293;14.72;7.59;22.30;1,472,164;0.75888;223,045;1,472,164;0.75888;223,045
160;Wanariset;5;2;186;W.05.2.186;Dacryodes sp1;;1.23;11,876,265;0.122;0.857;Closed;17.93;13.63;;TRUE;;0;;0.7602;FALSE;;;;0.443;100;25;25;100;;0;0;0;;;;0.00;0.00;0.00;0;0;0;0;0;0
161;Wanariset;5;2;197;W.05.2.197;Antidesma neurocarpum;;0.81;0.5150385;0.122;0.857;Closed;3.91;1.4;;TRUE;23,396;116.98;83.56;0.3581;TRUE;42;0.473;107;0.575;17.74;4,435;4,435;17.74;0.143;8,411,764,706;8,411,764,706;8,411,764,706;1,189;0.988;2,147;12.44;17.06;29.49;1,244,258;1,706,068;2,949,338;1,244,258;1,706,068;2,949,338
162;Wanariset;5;2;200;W.05.2.200;Dacryodes sp1;;2.11;34,948,985;0.122;0.857;Closed;26.91;21.58;;TRUE;;0;;0.8019;TRUE;81;0.032;109;0.272;88.24;22.06;22.06;88.24;0.056;3,294,117,647;3,294,117,647;3,294,117,647;0.947;0.316;1,752;11.18;2.80;13.98;1,117,686;0.280444;1,397,814;1,117,686;0.280444;1,397,814
163;Wanariset;5;2;226;W.05.2.226;Discospermum malaccense;;0.59;0.2732585;0.122;0.857;Closed;3.38;1.17;;TRUE;34,442;172.21;147.19;0.3462;TRUE;186;0.129;112;0.285;54.74;13,685;13,685;54.74;0.046;2,705,882,353;2,705,882,353;2,705,882,353;1,085;0.603;1,497;12.16;8.73;20.88;1,215,743;0.87309;208,823;1,215,743;0.87309;208,823
164;Wanariset;5;3;8;W.05.3.008;Drypetes kikir;33;10.5;8,654,625;0.122;0.857;Closed;5.22;2.43;;TRUE;53,674;268.37;110.44;0.4655;TRUE;68;0.595;107;0.575;-3.48;-0.87;0;0;0.078;4,588,235,294;4,588,235,294;4,588,235,294;0.693;0.463;1,119;7.56;7.36;14.91;0.755563;0.735946;1,491,046;0.755563;0.735946;1,491,046
165;Wanariset;5;4;6;W.05.4.006;Syzygium sp6;77;24.51;4,715,809,785;0.122;0.857;Closed;2.6;1.29;;TRUE;31,258;156.29;121.16;0.4962;TRUE;242;0.31;111;0.279;-11.11;-27,775;0;0;0.125;7,352,941,176;7,352,941,176;7,352,941,176;0.281;0.163;0.778;3.13;2.42;5.55;0.313023;0.241762;0.554622;0.313023;0.241762;0.554622
166;Wanariset;6;1;14;W.06.1.014;Antidesma sp2;;0.64;0.321536;0.047;0.975;Closed;4.5;1.55;FALSE;TRUE;41,968;209.84;135.38;0.3444;TRUE;59;0.346;114;0.267;-29.59;-73,975;0;0;0.094;5,529,411,765;5,529,411,765;5,529,411,765;0.506;0.281;0.656;5.67;4.07;9.73;0.567031;0.406682;0.973432;0.567031;0.406682;0.973432
167;Wanariset;6;1;13;W.06.1.013;Crudia reticulata;;0.52;0.212264;0.047;0.975;Closed;5.87;2.79;FALSE;TRUE;80,364;401.82;144.02;0.4753;TRUE;96;0.432;113;0.259;-66.8;-16.7;0;0;0.049;2,882,352,941;2,882,352,941;2,882,352,941;2,095;1,519;3.05;22.52;24.98;47.49;2,252,039;249,805;474,857;2,252,039;249,805;474,857
168;Wanariset;6;1;33;W.06.1.033;Ficus lepicarpa;;0.6;0.2826;0.047;0.975;Closed;10.88;2.47;FALSE;TRUE;1,574,825;629.93;255.03;0.2270;TRUE;67;0.109;114;0.267;59.18;14,795;14,795;59.18;0.085;5;50;50;2,689;2.26;3,433;28.07;39.17;67.22;280,709;3,916,948;6,721,778;280,709;3,916,948;6,721,778
169;Wanariset;6;1;40;W.06.1.040;Knema pallens;;0.72;0.406944;0.047;0.975;Closed;16.19;4.31;FALSE;TRUE;1,664,325;665.73;154.46;0.2662;TRUE;20;0.007;114;0.267;97.38;24,345;24,345;97.38;0.085;5;50;50;2,698;1,049;2,861;31.44;11.40;42.83;3,144,279;1,139,546;4,282,776;3,144,279;1,139,546;4,282,776
170;Wanariset;6;2;15;W.06.2.015;Crudia reticulata;;0.74;0.429866;0.047;0.975;Closed;10.28;5.26;FALSE;TRUE;1,823,625;729.45;138.68;0.5117;TRUE;61;0.297;113;0.259;-14.67;-36,675;0;0;0.143;8,411,764,706;8,411,764,706;8,411,764,706;2,602;1,896;3,265;27.95;31.24;59.17;2,794,516;3,124,104;5,916,724;2,794,516;3,124,104;5,916,724
171;Wanariset;6;2;21;W.06.2.021;Pternandra coerulescens;;1.5;176,625;0.047;0.975;Closed;5.15;1.63;FALSE;TRUE;58,774;293.87;180.29;0.3165;TRUE;135;0.437;113;0.259;-68.73;-171,825;0;0;0.054;3,176,470,588;3,176,470,588;3,176,470,588;1,183;0.495;1,196;13.69;5.80;19.49;1,369,255;0.579906;1,948,666;1,369,255;0.579906;1,948,666
172;Wanariset;6;2;24;W.06.2.024;Syzygium sp7;;5.58;24,442,074;0.047;0.975;Closed;9.04;3.68;FALSE;TRUE;96.77;483.85;131.48;0.4071;TRUE;152;0.099;115;0.242;59.09;147,725;147,725;59.09;0.042;2,470,588,235;2,470,588,235;2,470,588,235;2,132;0.868;2,189;24.74;9.90;34.63;2,474,148;0.989944;3,463,224;2,474,148;0.989944;3,463,224
173;Wanariset;6;2;27;W.06.2.027;Syzygium sp7;;2.9;660,185;0.047;0.975;Closed;7.72;2.87;FALSE;TRUE;61,048;305.24;106.36;0.3718;TRUE;137;0.084;115;0.242;65.29;163,225;163,225;65.29;0.026;1,529,411,765;1,529,411,765;1,529,411,765;1,181;0.598;1,429;13.39;8.17;21.55;1,339,008;0.816712;2,155,122;1,339,008;0.816712;2,155,122
174;Wanariset;6;2;48;W.06.2.048;Mangifera sp1;;3.81;113,951,385;0.047;0.975;Closed;32.36;12.58;FALSE;TRUE;201.01;1005.05;79.89;0.3888;TRUE;155;0.01;115;0.242;95.87;239,675;239,675;95.87;0.164;9,647,058,824;9,647,058,824;9,647,058,824;2,784;1,779;3,251;30.57;27.71;58.26;3,057,129;2,770,998;5,826,348;3,057,129;2,770,998;5,826,348
175;Wanariset;6;2;60;W.06.2.060;Crudia reticulata;;0.78;0.477594;0.047;0.975;Closed;9.6;4.5;FALSE;TRUE;106,216;531.08;118.02;0.4688;TRUE;61;0.105;114;0.267;60.67;151,675;151,675;60.67;0.064;3,764,705,882;3,764,705,882;3,764,705,882;2,273;1,442;3,148;24.99;22.38;47.36;2,498,812;2,238,416;4,735,786;2,498,812;2,238,416;4,735,786
176;Wanariset;6;2;66;W.06.2.066;Hydnocarpus sp.;;2.99;70,179,785;0.047;0.975;Closed;12.04;4.7;FALSE;TRUE;152.6;763;162.34;0.3904;TRUE;176;;;0.443;100;25;25;100;;0;0;0;;;;0.00;0.00;0.00;0;0;0;0;0;0
177;Wanariset;6;2;73;W.06.2.073;Syzygium tawahense;;0.7;0.38465;0.047;0.975;Closed;3.76;1.31;FALSE;TRUE;52.04;260.2;198.63;0.3484;TRUE;67;0.165;114;0.267;38.2;9.55;9.55;38.2;-0.001;-0.05882352941;-0.5882352941;0;1,125;0.427;1,177;13.14;4.51;17.65;1,313,887;0.45133;176,479;1,313,887;0.45133;176,479
178;Wanariset;6;2;102;W.06.2.102;sp16;;1.65;21,371,625;0.047;0.975;Closed;17.74;7.01;FALSE;TRUE;173,928;869.64;124.06;0.3952;TRUE;126;0.04;115;0.242;83.47;208,675;208,675;83.47;0.122;7,176,470,588;7,176,470,588;7,176,470,588;2,167;1,199;2,963;24.30;17.32;41.60;2,429,559;1,731,554;4,159,914;2,429,559;1,731,554;4,159,914
179;Wanariset;6;2;106;W.06.2.106;Syzygium sp2;;0.84;0.553896;0.047;0.975;Closed;7;2.78;FALSE;TRUE;1,080,433,333;324.13;116.59;0.3971;TRUE;268;0.473;113;0.259;-82.63;-206,575;0;0;0.094;5,529,411,765;5,529,411,765;5,529,411,765;1,369;0.707;1,854;15.48;9.78;25.26;1,548,447;0.978338;2,526,078;1,548,447;0.978338;2,526,078
180;Wanariset;6;2;109;W.06.2.109;Nauclea sp.;;0.35;0.0961625;0.047;0.975;Closed;9.39;3.79;FALSE;TRUE;2,184,966,667;655.49;172.95;0.4036;TRUE;104;0.524;113;0.259;-102.32;-25.58;0;0;0.166;9,764,705,882;9,764,705,882;9,764,705,882;2,188;1,513;2,774;23.72;24.41;48.11;2,371,763;2,440,786;4,811,036;2,371,763;2,440,786;4,811,036
181;Wanariset;6;3;2;W.06.3.002;Macaranga sp.;35;11.14;97,418,186;0.047;0.975;Closed;12.34;5.87;FALSE;TRUE;271.02;813.06;138.51;0.4757;TRUE;54;0.001;115;0.242;99.59;248,975;248,975;99.59;0.01;0.5882352941;5,882,352,941;5,882,352,941;2,767;2,515;3,321;28.38;44.64;72.99;2,837,555;4,464,394;7,299,434;2,837,555;4,464,394;7,299,434
182;Wanariset;6;4;8;W.06.4.008;Aglaia sp1;70;22.28;389,672,744;0.047;0.975;Closed;57.52;24.28;FALSE;TRUE;;0;;0.4221;TRUE;117;0.069;113;0.259;73.36;18.34;18.34;73.36;-0.052;-3,058,823,529;-3,058,823,529;0;1,556;0.841;2,154;17.50;11.98;29.47;1,749,891;1,197,682;2,946,732;1,749,891;1,197,682;2,946,732
183;Wanariset;6;2;32;W.06.2.032;sp23;;0.68;0.362984;0.047;0.975;Closed;8;3.45;FALSE;TRUE;1,583,225;633.29;183.56;0.4313;TRUE;96;0.094;114;0.267;64.79;161,975;161,975;64.79;0.053;3,117,647,059;3,117,647,059;3,117,647,059;2,942;1,475;3,443;33.40;20.01;53.39;3,339,565;2,000,894;5,338,984;3,339,565;2,000,894;5,338,984
184;Wanariset;7;1;27;W.07.1.027;Eusideroxylon zwageri;;0.82;0.527834;0.134;0.782;Closed;9.73;3.21;FALSE;TRUE;1,313,225;525.29;163.64;0.3299;FALSE;;0.373;118;0.257;-45.14;-11,285;0;0;0.064;3,764,705,882;3,764,705,882;3,764,705,882;1,321;0.591;1,554;15.19;7.35;22.53;1,518,691;0.735162;2,253,262;1,518,691;0.735162;2,253,262
185;Wanariset;7;1;31;W.07.1.031;Nothaphoebe umbelliflora;;0.75;0.4415625;0.134;0.782;Closed;18.11;4.6;FALSE;TRUE;1,848,375;739.35;160.73;0.2540;TRUE;88;0.248;117;0.246;-0.81;-0.2025;0;0;0.048;2,823,529,412;2,823,529,412;2,823,529,412;0.99;0.411;1.56;11.47;4.78;16.24;1,146,741;0.47787;16,242;1,146,741;0.47787;16,242
186;Wanariset;7;1;40;W.07.1.040;Paracroton pendulus;;0.67;0.3523865;0.134;0.782;Closed;11.27;3.82;FALSE;TRUE;102.8;308.4;80.73;0.3390;TRUE;52;0.473;116;0.264;-79.17;-197,925;0;0;-0.008;-0.4705882353;-4,705,882,353;0;0.558;0.258;0.537;6.39;3.30;9.69;0.639258;0.329676;0.968676;0.639258;0.329676;0.968676
187;Wanariset;7;1;42;W.07.1.042;Dipterocarpus sp.;;0.75;0.4415625;0.134;0.782;Closed;25.72;9.39;FALSE;TRUE;;0;;0.3651;TRUE;32;0.279;116;0.264;-5.68;-1.42;0;0;0.008;0.4705882353;4,705,882,353;4,705,882,353;1,351;0.67;2,361;15.36;9.02;24.37;153,554;0.902032;2,436,902;153,554;0.902032;2,436,902
188;Wanariset;7;1;48;W.07.1.048;Macaranga lowii;;0.36;0.101736;0.134;0.782;Closed;2.72;1.08;FALSE;TRUE;53,765;215.06;199.13;0.3971;FALSE;;0.363;118;0.257;-41.25;-103,125;0;0;-0.001;-0.05882352941;-0.5882352941;0;1,037;0.639;2,404;11.45;9.78;21.22;1,145,099;0.977994;2,122,454;1,145,099;0.977994;2,122,454
189;Wanariset;7;1;59;W.07.1.059;Knema latericia;;0.44;0.151976;0.134;0.782;Closed;3.91;1.57;FALSE;TRUE;52,176;260.88;166.17;0.4015;TRUE;47;;;0.443;100;25;25;100;;0;0;0;;;;0.00;0.00;0.00;0;0;0;0;0;0
190;Wanariset;7;1;80;W.07.1.080;Annonaceae3;;0.81;0.5150385;0.134;0.782;Closed;10.24;1.98;FALSE;TRUE;905,175;362.07;182.86;0.1934;TRUE;25;;;0.443;100;25;25;100;;0;0;0;;;;0.00;0.00;0.00;0;0;0;0;0;0
191;Wanariset;7;1;79;W.07.1.079;Ardisia pterocaulis;;0.64;0.321536;0.134;0.782;Closed;4.18;1.51;FALSE;TRUE;43.02;215.1;142.45;0.3612;TRUE;17;;;0.443;100;25;25;100;;0;0;0;;;;0.00;0.00;0.00;0;0;0;0;0;0
192;Wanariset;7;2;3;W.07.2.003;Dryobalanops lanceolata;;2.7;572,265;0.134;0.782;Closed;5.19;2.05;FALSE;TRUE;47,442;237.21;115.71;0.3950;TRUE;26;;;0.443;100;25;25;100;;0;0;0;;;;0.00;0.00;0.00;0;0;0;0;0;0
193;Wanariset;7;2;39;W.07.2.039;sp27;;1.95;29,849,625;0.134;0.782;Closed;9.69;4.24;FALSE;TRUE;105,974;529.87;124.97;0.4376;TRUE;188;;;0.443;100;25;25;100;;0;0;0;;;;0.00;0.00;0.00;0;0;0;0;0;0
194;Wanariset;7;2;42;W.07.2.042;Eusideroxylon zwageri;;6.13;294,978,665;0.134;0.782;Closed;23.96;8.56;FALSE;TRUE;178,988;894.94;104.55;0.3573;FALSE;;0.098;118;0.257;61.87;154,675;154,675;61.87;-0.011;-0.6470588235;-6,470,588,235;0;0.815;0.418;1,643;9.23;5.76;14.98;0.922608;0.5758;149,799;0.922608;0.5758;149,799
195;Wanariset;7;2;44;W.07.2.044;Antidesma neurocarpum;;1.65;21,371,625;0.134;0.782;Closed;3.16;0.97;FALSE;TRUE;23,568;117.84;121.48;0.3070;TRUE;28;;;0.443;100;25;25;100;;0;0;0;;;;0.00;0.00;0.00;0;0;0;0;0;0
196;Wanariset;7;2;74;W.07.2.074;Trigonostemon villosus;;1.71;22,954,185;0.134;0.782;Closed;6.24;1.98;FALSE;TRUE;80.85;323.4;163.33;0.3173;TRUE;17;0.439;117;0.246;-78.46;-19,615;0;0;-0.304;-1,788,235,294;-1,788,235,294;0;2,012;1,547;3,014;21.39;26.01;47.39;2,139,097;2,601,014;4,738,564;2,139,097;2,601,014;4,738,564
197;Wanariset;7;2;76;W.07.2.076;Dillenia sp.;;3.7;1,074,665;0.134;0.782;Closed;35.69;15.11;FALSE;TRUE;405.02;1215.06;80.41;0.4234;TRUE;82;0.254;117;0.246;-3.25;-0.8125;0;0;-0.097;-5,705,882,353;-5,705,882,353;0;1,581;0.802;2,552;17.92;10.97;28.88;1,792,132;1,096,672;2,888,002;1,792,132;1,096,672;2,888,002
198;Wanariset;7;2;79;W.07.2.079;Calophyllum tetrapterum;;0.9;0.63585;0.134;0.782;Closed;1.14;0.59;FALSE;TRUE;13,644;68.22;115.63;0.5175;TRUE;84;;;0.443;100;25;25;100;;0;0;0;;;;0.00;0.00;0.00;0;0;0;0;0;0
199;Wanariset;7;2;83;W.07.2.083;Aporosa confusa;;1.88;2,774,504;0.134;0.782;Closed;15.41;5.89;FALSE;TRUE;143,552;717.76;121.86;0.3822;TRUE;68;0.179;116;0.264;32.2;8.05;8.05;32.2;-0.157;-9,235,294,118;-9,235,294,118;0;0.682;0.293;0.77;7.87;3.52;11.39;0.787323;0.351794;1,138,824;0.787323;0.351794;1,138,824
200;Wanariset;7;2;86;W.07.2.086;Bouea oppositifolia;;1.42;1,582,874;0.134;0.782;Closed;4.4;2.39;FALSE;TRUE;105,814;529.07;221.37;0.5432;TRUE;56;0.079;116;0.264;70.08;17.52;17.52;70.08;;0;0;0;0.507;0.284;0.934;5.67;4.13;9.80;0.567494;0.413084;0.980294;0.567494;0.413084;0.980294
201;Wanariset;7;2;103;W.07.2.103;Callicarpa pentandra;;3.52;9,726,464;0.134;0.782;Closed;3.71;1.2;FALSE;TRUE;43,038;215.19;179.33;0.3235;TRUE;41;0.543;117;0.246;-120.73;-301,825;0;0;-0.174;-1,023,529,412;-1,023,529,412;0;1,264;1,062;2,597;13.20;18.40;31.59;1,319,602;1,840,428;3,158,968;1,319,602;1,840,428;3,158,968
202;Wanariset;7;2;118;W.07.2.118;Shorea laevis;;0.99;0.7693785;0.134;0.782;Closed;1.54;0.71;FALSE;TRUE;28,924;144.62;203.69;0.4610;TRUE;103;;;0.443;100;25;25;100;;0;0;0;;;;0.00;0.00;0.00;0;0;0;0;0;0
203;Wanariset;7;2;124;W.07.2.124;Macaranga lowii;;2.13;35,614,665;0.134;0.782;Closed;3.66;1.43;;TRUE;57,606;288.03;201.42;0.3907;TRUE;15;;;0.443;100;25;25;100;;0;0;0;;;;0.00;0.00;0.00;0;0;0;0;0;0
204;Wanariset;7;2;126;W.07.2.126;Annonaceae3;;1.64;2,111,336;0.134;0.782;Closed;15.05;3.41;;TRUE;118,398;591.99;173.60;0.2266;TRUE;35;;;0.443;100;25;25;100;;0;0;0;;;;0.00;0.00;0.00;0;0;0;0;0;0
205;Wanariset;7;2;133;W.07.2.133;sp25;;3.69;106,886,385;0.134;0.782;Closed;9.35;4.37;;TRUE;84,074;420.37;96.19;0.4674;TRUE;120;;;0.443;100;25;25;100;;0;0;0;;;;0.00;0.00;0.00;0;0;0;0;0;0
206;Wanariset;7;2;135;W.07.2.135;Shorea laevis;;0.97;0.7386065;0.134;0.782;Closed;1.74;0.81;;TRUE;29,372;146.86;181.31;0.4655;TRUE;123;0.405;115;0.242;-67.36;-16.84;0;0;-0.095;-5,588,235,294;-5,588,235,294;0;0.991;0.469;1,582;11.32;6.10;17.42;1,132,409;0.610222;1,742,162;1,132,409;0.610222;1,742,162
207;Wanariset;7;2;140;W.07.2.140;Annona sp.;;0.66;0.341946;0.134;0.782;Closed;4.2;1.73;;TRUE;72,138;360.69;208.49;0.4119;TRUE;54;;;0.443;100;25;25;100;;0;0;0;;;;0.00;0.00;0.00;0;0;0;0;0;0
208;Wanariset;7;2;145;W.07.2.145;Melanochyla sp.;;1.26;1,246,266;0.134;0.782;Closed;11.65;5.84;;TRUE;121.09;605.45;103.67;0.5013;TRUE;358;0.228;117;0.246;7.32;1.83;1.83;7.32;-0.12;-7,058,823,529;-7,058,823,529;0;0.634;0.321;1.38;7.19;4.38;11.57;0.718831;0.438378;1,156,888;0.718831;0.438378;1,156,888
209;Wanariset;7;2;173;W.07.2.173;Hancea penangensis;;2.04;3,266,856;0.134;0.782;Closed;7.68;3.68;;TRUE;121,134;605.67;164.58;0.4792;TRUE;17;;;0.443;100;25;25;100;;0;0;0;;;;0.00;0.00;0.00;0;0;0;0;0;0
210;Wanariset;7;2;197;W.07.2.197;sp26;;3.28;8,445,344;0.134;0.782;Closed;12.8;5.73;;TRUE;100,338;501.69;87.55;0.4477;TRUE;342;0.458;116;0.264;-73.48;-18.37;0;0;-0.101;-5,941,176,471;-5,941,176,471;0;1,025;0.472;1,796;11.75;6.01;17.75;1,174,782;0.60118;177,549;1,174,782;0.60118;177,549
211;Wanariset;7;2;198;W.07.2.198;Santiria sp.;;5.68;25,325,984;0.134;0.782;Closed;5.99;4.42;;TRUE;;0;;0.7379;TRUE;26;0.088;118;0.257;65.76;16.44;16.44;65.76;-0.184;-1,082,352,941;-1,082,352,941;0;0.963;0.388;1,503;11.19;4.38;15.56;1,118,638;0.437836;1,556,086;1,118,638;0.437836;1,556,086
212;Wanariset;7;2;205;W.07.2.205;Aporosa sp2;;1.56;1,910,376;0.134;0.782;Closed;5.95;2.39;;TRUE;55.46;277.3;116.03;0.4017;TRUE;56;0.15;117;0.246;39.02;9,755;9,755;39.02;-0.126;-7,411,764,706;-7,411,764,706;0;0.434;0.226;0.587;4.90;3.14;8.05;0.490386;0.314428;0.804588;0.490386;0.314428;0.804588
213;Wanariset;7;3;4;W.07.3.004;sp24;46;14.64;168,248,736;0.134;0.782;Closed;7.07;3.15;;TRUE;63,254;316.27;100.40;0.4455;TRUE;43;0.557;116;0.264;-110.98;-27,745;0;0;-0.386;-2,270,588,235;-2,270,588,235;0;0.551;0.341;0.903;6.08;5.23;11.31;0.608041;0.523022;1,130,722;0.608041;0.523022;1,130,722
214;Wanariset;7;4;4;W.07.4.004;Eusideroxylon zwageri;87;27.69;6,018,878,385;0.134;0.782;Closed;31.06;11.54;;TRUE;225,925;903.7;78.31;0.3715;FALSE;;0.17;118;0.257;33.85;84,625;84,625;33.85;-0.126;-7,411,764,706;-7,411,764,706;0;0.789;0.336;1,485;9.12;4.00;13.11;0.911646;0.400188;1,311,498;0.911646;0.400188;1,311,498
215;Wanariset;8;1;8;W.08.1.008;Ardisia pterocaulis;;0.48;0.180864;0.361;0.628;Closed;4.35;1.84;FALSE;TRUE;33,802;169.01;91.85;0.4230;TRUE;43;-0.035;120;0.296;111.82;27,955;27,955;100;-0.013;-0.7647058824;-7,647,058,824;0;1,043;0.45;1,238;12.04;5.42;17.45;120,356;0.542376;1,745,486;120,356;0.542376;1,745,486
216;Wanariset;8;1;6;W.08.1.006;Popowia hirta;;0.4;0.1256;0.361;0.628;Closed;5.29;2.26;FALSE;TRUE;133.06;532.24;235.50;0.4272;TRUE;34;0.409;118;0.257;-59.14;-14,785;0;0;0.201;1,182,352,941;1,182,352,941;1,182,352,941;2.23;1,633;3,123;23.93;26.96;50.87;2,392,823;269,593;508,712;2,392,823;269,593;508,712
217;Wanariset;8;1;38;W.08.1.038;Durio sp.;;0.6;0.2826;0.361;0.628;Closed;6.3;2.46;FALSE;TRUE;57.26;286.3;116.38;0.3905;TRUE;30;0.337;122;0.294;-14.63;-36,575;0;0;0.015;0.8823529412;8,823,529,412;8,823,529,412;2,635;1,819;3,269;28.57;29.32;57.88;2,857,139;293,233;578,765;2,857,139;293,233;578,765
218;Wanariset;8;1;21;W.08.1.021;Artocarpus nitidus;;0.44;0.151976;0.361;0.628;Closed;5.78;2.42;FALSE;TRUE;1,203,366,667;361.01;149.18;0.4187;FALSE;;0.239;119;0.25;4.4;1.1;1.1;4.4;-0.036;-2,117,647,059;-2,117,647,059;0;2,875;3,012;3,548;28.41;55.52;83.90;2,841,022;555,198;838,999;2,841,022;555,198;838,999
219;Wanariset;8;2;8;W.08.2.008;Campnosperma auriculatum;;3.95;122,479,625;0.361;0.628;Closed;9.79;4.76;FALSE;TRUE;91,602;458.01;96.22;0.4862;TRUE;50;0.184;122;0.294;37.41;93,525;93,525;37.41;-0.095;-5,588,235,294;-5,588,235,294;0;2,643;2,062;3,361;28.02;34.85;62.85;2,801,932;3,485,056;6,284,926;2,801,932;3,485,056;6,284,926
220;Wanariset;8;2;18;W.08.2.018;Ardisia pterocaulis;;3.77;111,571,265;0.361;0.628;Closed;2.78;1.3;FALSE;TRUE;28.41;142.05;109.27;0.4676;TRUE;108;-0.007;119;0.25;102.8;25.7;25.7;100;-0.005;-0.2941176471;-2,941,176,471;0;1,784;0.856;2,962;20.35;11.25;31.60;2,035,416;1,125,328;3,159,888;2,035,416;1,125,328;3,159,888
221;Wanariset;8;2;23;W.08.2.023;Baccaurea parviflora;;0.75;0.4415625;0.361;0.628;Closed;6.4;1.74;FALSE;TRUE;53,578;267.89;153.96;0.2719;TRUE;20;0.014;120;0.296;95.27;238,175;238,175;95.27;0.05;2,941,176,471;2,941,176,471;2,941,176,471;0.929;0.404;0.999;10.71;4.90;15.61;1,071,154;0.490388;1,561,138;1,071,154;0.490388;1,561,138
222;Wanariset;8;2;41;W.08.2.041;sp27;;2.82;6,242,634;0.361;0.628;Closed;5.89;1.6;FALSE;TRUE;43,102;215.51;134.69;0.2716;TRUE;31;0.125;121;0.308;59.42;14,855;14,855;59.42;-0.029;-1,705,882,353;-1,705,882,353;0;2,122;0.694;1,685;25.08;5.96;31.04;2,508,254;0.596164;3,103,724;2,508,254;0.596164;3,103,724
223;Wanariset;8;2;57;W.08.2.057;Calophyllum tetrapterum;;1.83;26,288,865;0.361;0.628;Closed;3.34;1.44;FALSE;TRUE;32.24;161.2;111.94;0.4311;TRUE;143;0.207;119;0.25;17.2;4.3;4.3;17.2;0.096;5,647,058,824;5,647,058,824;5,647,058,824;2,332;0.88;2,331;27.25;9.24;36.48;272,492;0.923824;3,647,864;272,492;0.923824;3,647,864
224;Wanariset;8;2;63;W.08.2.063;Fordia splendidissima;;1.76;2,431,616;0.361;0.628;Closed;23.01;12.18;FALSE;TRUE;;0;;0.5293;TRUE;86;0.088;119;0.25;64.8;16.2;16.2;64.8;-0.056;-3,294,117,647;-3,294,117,647;0;2.5;1,692;3,249;27.20;27.05;54.23;2,719,852;270,468;542,284;2,719,852;270,468;542,284
225;Wanariset;8;2;78;W.08.2.078;Dacryodes rugosa;;3.47;94,521,065;0.361;0.628;Closed;14.69;10.14;FALSE;TRUE;;0;;0.6903;TRUE;85;0.025;121;0.308;91.88;22.97;22.97;91.88;-0.155;-9,117,647,059;-9,117,647,059;0;2,674;1,266;3,366;30.55;16.48;47.02;3,055,426;1,647,708;4,701,868;3,055,426;1,647,708;4,701,868
226;Wanariset;8;2;109;W.08.2.109;Lepisanthes sp.;;2.54;5,064,506;0.361;0.628;Closed;11.76;5.51;FALSE;TRUE;;0;;0.4685;TRUE;8;0.078;120;0.296;73.65;184,125;184,125;73.65;-0.017;-1;-10;0;2,717;1,264;3,113;31.11;16.23;47.32;3,110,574;1,623,004;4,732,314;3,110,574;1,623,004;4,732,314
227;Wanariset;8;2;96;W.08.2.096;Campnosperma auriculatum;;4.91;189,248,585;0.361;0.628;Closed;8.24;3.71;FALSE;TRUE;78,924;394.62;106.37;0.4502;TRUE;25;0.113;119;0.25;54.8;13.7;13.7;54.8;-0.044;-2,588,235,294;-2,588,235,294;0;2,666;1,817;3,242;28.97;29.13;58.08;2,897,047;2,913,242;5,808,472;2,897,047;2,913,242;5,808,472
228;Wanariset;8;2;102;W.08.2.102;Fordia splendidissima;;1.44;1,627,776;0.361;0.628;Closed;13.3;8.19;FALSE;TRUE;;0;;0.6158;TRUE;47;0.296;120;0.296;0;0;0;0;-0.185;-1,088,235,294;-1,088,235,294;0;1,643;0.805;1,899;18.70;10.75;29.44;1,870,065;1,074,526;2,943,786;1,870,065;1,074,526;2,943,786
229;Wanariset;8;2;25;W.08.2.025;Syzygium sp8;;2.75;59,365,625;0.361;0.628;Closed;12.98;5.98;FALSE;TRUE;86,664;433.32;72.46;0.4607;TRUE;46;-0.049;121;0.308;115.91;289,775;289,775;100;0.002;0.1176470588;1,176,470,588;1,176,470,588;1,545;0.554;1,694;18.13;5.46;23.58;1,813,124;0.5456;235,817;1,813,124;0.5456;235,817
230;Wanariset;8;2;101;W.08.2.101;Scaphium macropodum;;0.15;0.0176625;0.361;0.628;Closed;15.74;6.15;FALSE;TRUE;2,271,666,667;681.5;110.81;0.3907;TRUE;103;0.241;120;0.296;18.58;4,645;4,645;18.58;0.105;6,176,470,588;6,176,470,588;6,176,470,588;2,665;1,982;3,264;28.51;32.92;61.41;2,851,392;329,156;614,097;2,851,392;329,156;614,097
231;Wanariset;8;2;114;W.08.2.114;Shorea laevis;;2.92;6,693,224;0.361;0.628;Closed;1.96;1;FALSE;TRUE;26,488;132.44;132.44;0.5102;TRUE;45;0.256;119;0.25;-2.4;-0.6;0;0;-0.072;-4,235,294,118;-4,235,294,118;0;2,439;1,364;3,147;27.31;19.82;47.11;2,730,614;1,982,108;4,711,358;2,730,614;1,982,108;4,711,358
232;Wanariset;8;2;127;W.08.2.127;Syzygium sp1;;3.77;111,571,265;0.361;0.628;Closed;12.93;4.92;FALSE;TRUE;111,028;555.14;112.83;0.3805;TRUE;127;0.172;122;0.294;41.5;10,375;10,375;41.5;0.07;4,117,647,059;4,117,647,059;4,117,647,059;2,164;0.942;2,641;24.95;11.44;36.38;2,494,882;1,144,428;3,638,368;2,494,882;1,144,428;3,638,368
233;Wanariset;8;3;4;W.08.3.004;sp29;53;16.87;2,234,085,665;0.361;0.628;Closed;2.08;0.9;FALSE;TRUE;25,732;128.66;142.96;0.4327;TRUE;65;0.382;121;0.308;-24.03;-60,075;0;0;0.034;2;20;20;2.67;1,579;3.28;29.66;23.66;53.31;2,966,149;236,635;533,092;2,966,149;236,635;533,092
234;Wanariset;8;3;5;W.08.3.005;Syzygium sp8;58;18.46;267,505,706;0.361;0.628;Closed;5.37;2.79;;TRUE;30,188;150.94;54.10;0.5196;TRUE;94;0.132;120;0.296;55.41;138,525;138,525;55.41;-0.138;-8,117,647,059;-8,117,647,059;0;1,951;0.896;3,157;22.37;11.39;33.75;2,236,746;1,138,772;3,374,622;2,236,746;1,138,772;3,374,622
235;Wanariset;8;3;26;W.08.3.026;Syzygium sp8;47;14.96;175,684,256;0.361;0.628;Closed;8.12;3.87;;TRUE;57.66;288.3;74.50;0.4766;TRUE;203;0.242;122;0.294;17.69;44,225;44,225;17.69;-0.096;-5,647,058,824;-5,647,058,824;0;2.34;0.939;2,679;27.19;10.55;37.73;2,719,209;105,519;377,346;2,719,209;105,519;377,346
236;Wanariset;8;4;6;W.08.4.006;sp28;69;21.96;378,559,656;0.361;0.628;Closed;4.61;2.35;;TRUE;51,036;255.18;108.59;0.5098;TRUE;90;0.535;121;0.308;-73.7;-18,425;0;0;-0.05;-2,941,176,471;-2,941,176,471;0;2,633;1,183;2,995;30.26;14.77;45.01;3,025,683;1,476,826;4,501,326;3,025,683;1,476,826;4,501,326
237;Wanariset;9;1;9;W.09.1.009;Macaranga lowii;;0.65;0.3316625;0.124;0.818;Closed;4.06;2.02;FALSE;TRUE;71,808;359.04;177.74;0.4975;TRUE;6;;;0.443;100;25;25;100;;0;0;0;;;;0.00;0.00;0.00;0;0;0;0;0;0
238;Wanariset;9;1;35;W.09.1.035;Eusideroxylon zwageri;;0.5;0.19625;0.124;0.818;Closed;12.06;3.84;FALSE;TRUE;92,284;461.42;120.16;0.3184;FALSE;;0.079;124;0.291;72.85;182,125;182,125;72.85;0.142;8,352,941,176;8,352,941,176;8,352,941,176;1,005;0.532;1,587;11.33;7.48;18.81;1,133,242;0.74794;188,065;1,133,242;0.74794;188,065
239;Wanariset;9;1;31;W.09.1.031;Eusideroxylon zwageri;;0.54;0.228906;0.124;0.818;Closed;9.82;3.04;FALSE;TRUE;1,096,466,667;328.94;108.20;0.3096;FALSE;;;;0.443;100;25;25;100;;0;0;0;;;;0.00;0.00;0.00;0;0;0;0;0;0
240;Wanariset;9;1;42;W.09.1.042;Trigonostemon villosus;#N/A;#N/A;#N/A;0.124;0.818;Closed;16.69;4.89;FALSE;TRUE;2,237,033,333;671.11;137.24;0.2930;TRUE;43;;;0.443;100;25;25;100;;0;0;0;;;;0.00;0.00;0.00;0;0;0;0;0;0
241;Wanariset;9;1;47;W.09.1.047;Knema laurina;;0.44;0.151976;0.124;0.818;Closed;2.42;1.06;FALSE;TRUE;62,075;248.3;234.25;0.4380;TRUE;44;-0.099;123;0.283;134.98;33,745;33,745;100;0.141;8,294,117,647;8,294,117,647;8,294,117,647;0.732;0.422;1,381;8.16;6.24;14.40;0.816122;0.623804;1,439,504;0.816122;0.623804;1,439,504
242;Wanariset;9;1;50;W.09.1.050;Scaphium macropodum;;0.44;0.151976;0.124;0.818;Closed;7.05;2.77;FALSE;TRUE;1,043,466,667;313.04;113.01;0.3929;TRUE;129;0.095;123;0.283;66.43;166,075;166,075;66.43;0.088;5,176,470,588;5,176,470,588;5,176,470,588;1,216;0.768;2,182;13.38;11.90;25.27;1,337,728;1,189,632;2,526,592;1,337,728;1,189,632;2,526,592
243;Wanariset;9;2;19;W.09.2.019;Goniothalamus macrophyllus;;1.77;24,593,265;0.124;0.818;Closed;27.78;11.24;FALSE;TRUE;2,689,966,667;806.99;71.80;0.4046;TRUE;56;0.365;125;0.298;-22.48;-5.62;0;0;0.205;1,205,882,353;1,205,882,353;1,205,882,353;0.789;0.686;1,782;8.17;12.02;20.18;0.817496;1,201,688;2,018,498;0.817496;1,201,688;2,018,498
244;Wanariset;9;2;22;W.09.2.022;Macaranga lowii;;1.77;24,593,265;0.124;0.818;Closed;6.05;2.57;FALSE;TRUE;97,552;487.76;189.79;0.4248;TRUE;8;;;0.443;100;25;25;100;;0;0;0;;;;0.00;0.00;0.00;0;0;0;0;0;0
245;Wanariset;9;2;23;W.09.2.023;Antidesma neurocarpum;;0.99;0.7693785;0.124;0.818;Closed;5;1.42;FALSE;TRUE;45,206;226.03;159.18;0.2840;TRUE;33;;;0.443;100;25;25;100;;0;0;0;;;;0.00;0.00;0.00;0;0;0;0;0;0
246;Wanariset;9;2;36;W.09.2.036;Macaranga lowii;;1.78;2,487,194;0.124;0.818;Closed;5.04;2.23;FALSE;TRUE;89,336;446.68;200.30;0.4425;TRUE;5;;;0.443;100;25;25;100;;0;0;0;;;;0.00;0.00;0.00;0;0;0;0;0;0
247;Wanariset;9;2;41;W.09.2.041;Trigonostemon villosus;;1.45;16,504,625;0.124;0.818;Closed;12.39;3.58;FALSE;TRUE;1,253,633,333;376.09;105.05;0.2889;TRUE;94;;;0.443;100;25;25;100;;0;0;0;;;;0.00;0.00;0.00;0;0;0;0;0;0
248;Wanariset;9;2;46;W.09.2.046;sp30;;4.73;175,627,265;0.124;0.818;Closed;6.13;2.84;FALSE;TRUE;67,428;337.14;118.71;0.4633;TRUE;36;;;0.443;100;25;25;100;;0;0;0;;;;0.00;0.00;0.00;0;0;0;0;0;0
249;Wanariset;9;2;59;W.09.2.059;Trigonostemon villosus;;1.06;0.882026;0.124;0.818;Closed;16.48;5.23;FALSE;TRUE;2,297,233,333;689.17;131.77;0.3174;TRUE;71;0.488;124;0.291;-67.7;-16,925;0;0;0.332;1,952,941,176;1,952,941,176;1,952,941,176;0.649;0.578;1,032;6.69;10.20;16.88;0.668748;1,019,888;1,688,058;0.668748;1,019,888;1,688,058
250;Wanariset;9;2;65;W.09.2.065;Cleistanthus oblongifolius;;0.76;0.453416;0.124;0.818;Closed;3.92;1.57;FALSE;TRUE;49,288;246.44;156.97;0.4005;TRUE;48;;;0.443;100;25;25;100;;0;0;0;;;;0.00;0.00;0.00;0;0;0;0;0;0
251;Wanariset;9;2;72;W.09.2.072;Syzygium sp3;;3.22;8,139,194;0.124;0.818;Closed;6.51;3.06;FALSE;TRUE;56,956;284.78;93.07;0.4700;TRUE;89;;;0.443;100;25;25;100;;0;0;0;;;;0.00;0.00;0.00;0;0;0;0;0;0
252;Wanariset;9;2;76;W.09.2.076;Macaranga lowii;;1;0.785;0.124;0.818;Closed;4.91;2.37;FALSE;TRUE;68,454;342.27;144.42;0.4827;TRUE;6;0.123;123;0.283;56.54;14,135;14,135;56.54;0.336;1,976,470,588;1,976,470,588;1,976,470,588;0.883;0.471;1,696;9.95;6.65;16.60;0.994711;0.665346;1,659,586;0.994711;0.665346;1,659,586
253;Wanariset;9;2;79;W.09.2.079;Hancea penangensis;;1.02;0.816714;0.124;0.818;Closed;3.54;1.65;FALSE;TRUE;69.72;278.88;169.02;0.4661;TRUE;20;0.373;124;0.291;-28.18;-7,045;0;0;0.049;2,882,352,941;2,882,352,941;2,882,352,941;1;0.554;1,682;11.21;8.01;19.21;1,120,974;0.80066;192,108;1,120,974;0.80066;192,108
254;Wanariset;9;2;92;W.09.2.092;Syzygium sp2;;0.68;0.362984;0.124;0.818;Closed;9.25;3.33;FALSE;TRUE;98.08;490.4;147.27;0.3600;TRUE;59;0.333;123;0.283;-17.67;-44,175;0;0;0.081;4,764,705,882;4,764,705,882;4,764,705,882;0.274;0.158;0.366;3.05;2.34;5.39;0.305478;0.233588;0.538908;0.305478;0.233588;0.538908
255;Wanariset;9;2;106;W.09.2.106;Croton sp1;;1.78;2,487,194;0.124;0.818;Closed;6.32;2.34;FALSE;TRUE;50.58;252.9;108.08;0.3703;TRUE;128;;;0.443;100;25;25;100;;0;0;0;;;;0.00;0.00;0.00;0;0;0;0;0;0
256;Wanariset;9;2;119;W.09.2.119;Syzygium sp2;;0.52;0.212264;0.124;0.818;Closed;9.41;3.48;;TRUE;1,124,225;449.69;129.22;0.3698;TRUE;126;0.104;124;0.291;64.26;16,065;16,065;64.26;0.229;1,347,058,824;1,347,058,824;1,347,058,824;0.764;0.301;0.851;8.89;3.32;12.21;0.889311;0.331738;1,220,748;0.889311;0.331738;1,220,748
257;Wanariset;9;2;143;W.09.2.143;Utania spicata;;1;0.785;0.124;0.818;Closed;17.24;5.18;;TRUE;158.7;793.5;153.19;0.3005;TRUE;110;0.088;123;0.283;68.9;17,225;17,225;68.9;0.148;8,705,882,353;8,705,882,353;8,705,882,353;0.512;0.424;0.713;5.36;7.31;12.67;0.536184;0.731344;1,267,104;0.536184;0.731344;1,267,104
258;Wanariset;9;2;147;W.09.2.147;Parinari oblingifolia;;2.39;44,839,985;0.124;0.818;Closed;20.7;9.35;;TRUE;2,182,325;872.93;93.36;0.4517;FALSE;;0.07;123;0.283;75.27;188,175;188,175;75.27;0.206;1,211,764,706;1,211,764,706;1,211,764,706;1,014;0.868;2,042;10.54;15.13;25.67;1,054,288;1,513,168;2,566,588;1,054,288;1,513,168;2,566,588
259;Wanariset;9;2;177;W.09.2.177;Calophyllum ferrugineum;;0.59;0.2732585;0.124;0.818;Closed;5.05;1.95;;TRUE;56,856;284.28;145.78;0.3861;TRUE;53;0.578;122;0.294;-96.6;-24.15;0;0;0.213;1,252,941,176;1,252,941,176;1,252,941,176;1,137;0.708;2.34;12.54;10.89;23.42;1,253,538;1,089,204;2,342,034;1,253,538;1,089,204;2,342,034
260;Wanariset;9;2;184;W.09.2.184;Macaranga lowii;;1.46;1,673,306;0.124;0.818;Closed;3.11;1.34;;TRUE;45,262;226.31;168.89;0.4309;TRUE;17;;;0.443;100;25;25;100;;0;0;0;;;;0.00;0.00;0.00;0;0;0;0;0;0
261;Wanariset;9;2;194;W.09.2.194;Monoon sp.;;0.63;0.3115665;0.124;0.818;Closed;4.07;1.76;;TRUE;57.66;288.3;163.81;0.4324;TRUE;160;0.001;124;0.291;99.66;24,915;24,915;99.66;0.029;1,705,882,353;1,705,882,353;1,705,882,353;2,091;1.15;3,176;23.46;16.55;40.00;234,622;1,654,912;3,999,982;234,622;1,654,912;3,999,982
262;Wanariset;9;2;57;W.09.2.057;Trigonostemon villosus;;2.69;56,803,385;0.124;0.818;Closed;11.19;3.42;;TRUE;92.49;369.96;108.18;0.3056;TRUE;38;0.572;124;0.291;-96.56;-24.14;0;0;0.223;1,311,764,706;1,311,764,706;1,311,764,706;0.175;0.161;0.855;1.79;2.87;4.66;0.178941;0.28679;0.46557;0.178941;0.28679;0.46557
263;Wanariset;9;3;9;W.09.3.009;Parkia speciosa;44;14.01;1,540,798,785;0.124;0.818;Closed;21.3;9.6;;TRUE;;0;;0.4507;FALSE;;;;0.443;100;25;25;100;;0;0;0;;;;0.00;0.00;0.00;0;0;0;0;0;0
264;Wanariset;9;4;3;W.09.4.003;Eusideroxylon zwageri;77.5;24.67;4,777,579,865;0.124;0.818;Closed;14.64;5.15;;TRUE;2,079,633,333;623.89;121.14;0.3518;FALSE;;0.461;122;0.294;-56.8;-14.2;0;0;;0;0;0;1,326;0.7;2,374;14.96;9.82;24.77;149,572;0.982432;2,477,452;149,572;0.982432;2,477,452
265;Wanariset;10;1;11;W.10.1.011;Calophyllum tetrapterum;;0.69;0.3737385;0.106;0.836;Closed;1.67;0.66;FALSE;TRUE;18,456;92.28;139.82;0.3952;TRUE;64;;;0.443;100;25;25;100;;0;0;0;;;;0.00;0.00;0.00;0;0;0;0;0;0
266;Wanariset;10;1;13;W.10.1.013;Popowia pisocarpa;;0.63;0.3115665;0.106;0.836;Closed;2.44;1.05;FALSE;TRUE;51.62;206.48;196.65;0.4303;TRUE;29;0.32;126;0.298;-7.38;-1,845;0;0;-0.224;-1,317,647,059;-1,317,647,059;0;0.338;0.119;0.9;3.97;1.14;5.11;0.397249;0.114326;0.511456;0.397249;0.114326;0.511456
267;Wanariset;10;1;10;W.10.1.010;Knema laurina;;0.54;0.228906;0.106;0.836;Closed;5.44;1.87;FALSE;TRUE;67,418;337.09;180.26;0.3438;FALSE;;0.53;127;0.283;-87.28;-21.82;0;0;-0.174;-1,023,529,412;-1,023,529,412;0;0.534;0.367;0.812;5.79;5.91;11.70;0.579457;0.590518;1,169,608;0.579457;0.590518;1,169,608
268;Wanariset;10;1;22;W.10.1.022;Annonaceae2;;0.38;0.113354;0.106;0.836;Closed;6.03;2.31;FALSE;TRUE;93,714;468.57;202.84;0.3831;FALSE;;;;0.443;100;25;25;100;;0;0;0;;;;0.00;0.00;0.00;0;0;0;0;0;0
269;Wanariset;10;1;44;W.10.1.044;Trigonostemon villosus;;0.52;0.212264;0.106;0.836;Closed;15.54;4.53;FALSE;TRUE;104,106;520.53;114.91;0.2915;TRUE;30;;;0.443;100;25;25;100;;0;0;0;;;;0.00;0.00;0.00;0;0;0;0;0;0
270;Wanariset;10;1;55;W.10.1.055;Popowia hirta;;0.38;0.113354;0.106;0.836;Closed;6.2;2.49;FALSE;TRUE;74.26;297.04;119.29;0.4016;TRUE;51;0.073;125;0.298;75.5;18,875;18,875;75.5;-0.243;-1,429,411,765;-1,429,411,765;0;0.758;0.317;1.32;8.77;3.71;12.48;0.877387;0.371186;1,248,256;0.877387;0.371186;1,248,256
271;Wanariset;10;1;60;W.10.1.060;Trigonostemon villosus;;0.62;0.301754;0.106;0.836;Closed;14.24;4.37;FALSE;TRUE;115.88;463.52;106.07;0.3069;TRUE;56;0.557;127;0.283;-96.82;-24,205;0;0;-0.136;-8;-80;0;0.71;0.595;1,706;7.42;10.30;17.71;0.741645;103,027;177,132;0.741645;103,027;177,132
272;Wanariset;10;1;78;W.10.1.078;Annonaceae3;;1.71;22,954,185;0.106;0.836;Closed;20.06;3.38;FALSE;TRUE;154,036;770.18;227.86;0.1685;TRUE;46;;;0.443;100;25;25;100;;0;0;0;;;;0.00;0.00;0.00;0;0;0;0;0;0
273;Wanariset;10;1;82;W.10.1.082;Trigonostemon villosus;;0.68;0.362984;0.106;0.836;Closed;16.09;4.56;FALSE;TRUE;119,792;598.96;131.35;0.2834;TRUE;55;;;0.443;100;25;25;100;;0;0;0;;;;0.00;0.00;0.00;0;0;0;0;0;0
274;Wanariset;10;1;88;W.10.1.088;Antidesma neurocarpum;;0.59;0.2732585;0.106;0.836;Closed;5.12;1.55;FALSE;TRUE;43,012;215.06;138.75;0.3027;TRUE;16;0.725;125;0.298;-143.29;-358,225;0;0;;0;0;0;;;;0.00;0.00;0.00;0;0;0;0;0;0
275;Wanariset;10;1;91;W.10.1.091;Syzygium sp1;;0.46;0.166106;0.106;0.836;Closed;7.98;3.19;FALSE;TRUE;55.06;275.3;86.30;0.3997;TRUE;63;0.505;126;0.298;-69.46;-17,365;0;0;-0.383;-2,252,941,176;-2,252,941,176;0;0.327;0.173;0.511;3.69;2.43;6.12;0.368753;0.243134;0.611714;0.368753;0.243134;0.611714
276;Wanariset;10;1;119;W.10.1.119;Hopea sp.;;0.47;0.1734065;0.106;0.836;Closed;2.5;0.76;FALSE;TRUE;28,272;141.36;186.00;0.3040;TRUE;12;0.411;127;0.283;-45.23;-113,075;0;0;-0.108;-6,352,941,176;-6,352,941,176;0;1,211;0.891;1.86;12.98;14.74;27.71;1,298,291;1,473,642;2,771,042;1,298,291;1,473,642;2,771,042
277;Wanariset;10;1;126;W.10.1.126;Madhuca palembanica;;0.9;0.63585;0.106;0.836;Closed;6.52;2.53;FALSE;TRUE;45,874;229.37;90.66;0.3880;TRUE;72;0.201;125;0.298;32.55;81,375;81,375;32.55;-0.179;-1,052,941,176;-1,052,941,176;0;0.391;0.124;0.838;4.63;1.01;5.64;0.463214;0.100972;0.564062;0.463214;0.100972;0.564062
278;Wanariset;10;2;1;W.10.2.001;Gonystylus sp.;4.5;1.43;16,052,465;0.106;0.836;Closed;5.99;2.52;FALSE;TRUE;59,668;298.34;118.39;0.4207;TRUE;29;0.499;128;0.529;5.67;14,175;14,175;5.67;-0.106;-6,235,294,118;-6,235,294,118;0;0.868;0.479;1,534;9.74;6.91;16.64;0.973509;0.690686;1,663,716;0.973509;0.690686;1,663,716
279;Wanariset;10;2;3;W.10.2.003;Phyllanthaceae;5;1.59;19,845,585;0.106;0.836;Closed;13.02;5.09;FALSE;TRUE;123,886;619.43;121.70;0.3909;TRUE;126;0.404;126;0.298;-35.57;-88,925;0;0;0.016;0.9411764706;9,411,764,706;9,411,764,706;1,021;0.489;2,278;11.65;6.42;18.07;1,165,129;0.641982;1,806,622;1,165,129;0.641982;1,806,622
280;Wanariset;10;2;23;W.10.2.023;Fordia splendidissima;7;2.23;39,037,265;0.106;0.836;Closed;13.52;5.71;FALSE;TRUE;133,364;666.82;116.78;0.4223;TRUE;93;-0.049;127;0.283;117.31;293,275;293,275;100;-0.025;-1,470,588,235;-1,470,588,235;0;1,595;0.937;2,534;17.74;13.99;31.72;1,773,597;139,927;317,193;1,773,597;139,927;317,193
281;Wanariset;10;2;33;W.10.2.033;sp32;1;0.32;0.080384;0.106;0.836;Closed;0.65;0.28;FALSE;TRUE;10.21;51.05;182.32;0.4308;TRUE;113;0.417;128;0.529;21.17;52,925;52,925;21.17;-0.08;-4,705,882,353;-4,705,882,353;0;0.613;0.209;1,139;7.22;1.92;9.14;0.722289;0.191726;0.913806;0.722289;0.191726;0.913806
282;Wanariset;10;2;32;W.10.2.032;Trigonostemon villosus;8;2.55;51,044,625;0.106;0.836;Closed;12.66;3.52;FALSE;TRUE;119,524;597.62;169.78;0.2780;TRUE;40;0.455;127;0.283;-60.78;-15,195;0;0;-0.242;-1,423,529,412;-1,423,529,412;0;0.579;0.497;1,402;6.02;8.67;14.68;0.601637;0.867158;1,468,298;0.601637;0.867158;1,468,298
283;Wanariset;10;2;34;W.10.2.034;Macaranga motleyana;3.5;1.11;0.9671985;0.106;0.836;Closed;17.84;9.63;FALSE;TRUE;402.21;1206.63;125.30;0.5398;TRUE;84;0.447;126;0.298;-50;-12.5;0;0;0.011;0.6470588235;6,470,588,235;6,470,588,235;2,714;1,801;3,249;29.62;28.54;58.15;2,962,311;2,854,138;5,814,648;2,962,311;2,854,138;5,814,648
284;Wanariset;10;2;61;W.10.2.061;Trigonostemon villosus;4;1.27;12,661,265;0.106;0.836;Closed;14.87;4.33;;TRUE;104,664;523.32;120.86;0.2912;TRUE;46;0.503;125;0.298;-68.79;-171,975;0;0;-0.092;-5,411,764,706;-5,411,764,706;0;0.82;0.698;1,601;8.54;12.15;20.68;0.853638;121,466;20,676;0.853638;121,466;20,676
285;Wanariset;10;2;69;W.10.2.069;Trigonostemon villosus;4;1.27;12,661,265;0.106;0.836;Closed;13.56;3.92;;TRUE;92,438;462.19;117.91;0.2891;TRUE;42;0.106;128;0.529;79.96;19.99;19.99;79.96;-0.088;-5,176,470,588;-5,176,470,588;0;0.612;0.524;1,282;6.36;9.14;15.49;0.636284;0.913544;1,549,304;0.636284;0.913544;1,549,304
286;Wanariset;10;2;74;W.10.2.074;Macaranga lowii;;1.44;1,627,776;0.106;0.836;Closed;5.01;2.06;;TRUE;77.3;386.5;187.62;0.4112;TRUE;9;;;0.443;100;25;25;100;;0;0;0;;;;0.00;0.00;0.00;0;0;0;0;0;0
287;Wanariset;10;2;88;W.10.2.088;sp33;;1.63;20,856,665;0.106;0.836;Closed;2.79;1.12;;TRUE;26,696;133.48;119.18;0.4014;TRUE;57;0.292;128;0.529;44.8;11.2;11.2;44.8;0.268;1,576,470,588;1,576,470,588;1,576,470,588;0.721;0.606;1,471;7.53;10.50;18.02;0.752656;1,050,312;1,802,362;0.752656;1,050,312;1,802,362
288;Wanariset;10;2;90;W.10.2.090;Rubiaceae5;;1.15;10,381,625;0.106;0.836;Closed;19.32;8.43;;TRUE;2,145,875;858.35;101.82;0.4363;TRUE;85;0.081;126;0.298;72.82;18,205;18,205;72.82;-0.114;-6,705,882,353;-6,705,882,353;0;0.698;0.307;1,118;8.04;3.76;11.80;0.803877;0.376366;1,179,936;0.803877;0.376366;1,179,936
289;Wanariset;10;2;96;W.10.2.096;sp34;;6.27;308,606,265;0.106;0.836;Closed;3.4;1.28;;TRUE;33,054;165.27;129.12;0.3765;TRUE;14;0.508;126;0.298;-70.47;-176,175;0;0;-0.291;-1,711,764,706;-1,711,764,706;0;0.863;0.553;1,348;9.47;8.62;18.09;0.947253;0.862486;1,809,186;0.947253;0.862486;1,809,186
290;Wanariset;10;2;101;W.10.2.101;Aglaia tomentosa;;3.21;80,887,185;0.106;0.836;Closed;13.1;4.68;;TRUE;;0;;0.3573;TRUE;49;0.565;125;0.298;-89.6;-22.4;0;0;0.276;1,623,529,412;1,623,529,412;1,623,529,412;0.626;0.467;0.836;6.69;7.76;14.45;0.669397;0.776462;1,445,392;0.669397;0.776462;1,445,392
291;Wanariset;10;2;115;W.10.2.115;Trigonostemon villosus;;0.89;0.6217985;0.106;0.836;Closed;23.65;7.71;;TRUE;128.7;643.5;83.46;0.3260;TRUE;51;;;0.443;100;25;25;100;;0;0;0;;;;0.00;0.00;0.00;0;0;0;0;0;0
292;Wanariset;10;2;126;W.10.2.126;Shorea laevis;;2.64;5,471,136;0.106;0.836;Closed;3.47;1.49;;TRUE;35,872;179.36;120.38;0.4294;TRUE;42;0.327;127;0.283;-15.55;-38,875;0;0;0.199;1,170,588,235;1,170,588,235;1,170,588,235;0.355;0.236;0.621;3.87;3.74;7.61;0.387366;0.3743;0.76143;0.387366;0.3743;0.76143
293;Wanariset;10;2;134;W.10.2.134;Trigonostemon villosus;;1.1;0.94985;0.106;0.836;Closed;33.84;10.45;;TRUE;79,266;396.33;37.93;0.3088;TRUE;62;;;0.443;100;25;25;100;;0;0;0;;;;0.00;0.00;0.00;0;0;0;0;0;0
294;Wanariset;10;2;159;W.10.2.159;Pternandra coerulescens;;0.83;0.5407865;0.106;0.836;Closed;4.4;1.23;;TRUE;42,884;214.42;174.33;0.2795;TRUE;36;;;0.443;100;25;25;100;;0;0;0;;;;0.00;0.00;0.00;0;0;0;0;0;0
295;Wanariset;10;4;1;W.10.4.001;#N/A;#N/A;#N/A;#N/A;0.106;0.836;Closed;9.55;2.8;;TRUE;80,078;400.39;143.00;0.2932;FALSE;;;;0.443;100;25;25;100;;0;0;0;;;;0.00;0.00;0.00;0;0;0;0;0;0
296;Wanariset;10;4;6;W.10.4.006;sp32;72;22.92;412,381,224;0.106;0.836;Closed;5.49;2.13;;TRUE;44,912;224.56;105.43;0.3880;TRUE;29;;;0.443;100;25;25;100;;0;0;0;;;;0.00;0.00;0.00;0;0;0;0;0;0
297;Wanariset;11;1;8;W.11.1.008;Glochidion pubicapsa;;0.9;0.63585;0.054;0.91;Closed;22.09;6.52;FALSE;TRUE;183,782;918.91;140.94;0.2952;FALSE;;0.377;130;0.566;33.39;83,475;83,475;33.39;0.113;6,647,058,824;6,647,058,824;6,647,058,824;1,047;0.415;1,512;12.18;4.60;16.78;1,218,055;0.460354;1,677,994;1,218,055;0.460354;1,677,994
298;Wanariset;11;1;23;W.11.1.023;Knema glauca;;0.56;0.246176;0.054;0.91;Closed;3.23;1.23;FALSE;TRUE;45,576;227.88;185.27;0.3808;FALSE;;0.171;132;0.502;65.94;16,485;16,485;65.94;0.498;2,929,411,765;2,929,411,765;2,929,411,765;2,013;0.849;2,532;23.28;10.02;33.29;2,328,129;1,002,126;3,329,406;2,328,129;1,002,126;3,329,406
299;Wanariset;11;1;41;W.11.1.041;Rubiaceae3;;0.63;0.3115665;0.054;0.91;Closed;15.7;7.06;FALSE;TRUE;130,106;650.53;92.14;0.4497;TRUE;76;0.454;128;0.529;14.18;3,545;3,545;14.18;0.259;1,523,529,412;1,523,529,412;1,523,529,412;1,322;0.596;2,283;15.19;7.46;22.64;1,518,616;0.746144;2,264,164;1,518,616;0.746144;2,264,164
300;Wanariset;11;1;47;W.11.1.047;Xanthophyllum ecarinum;;0.49;0.1884785;0.054;0.91;Closed;0.43;0.22;FALSE;TRUE;10.12;50.6;230.00;0.5116;FALSE;;;;0.443;100;25;25;100;;0;0;0;;;;0.00;0.00;0.00;0;0;0;0;0;0
301;Wanariset;11;1;48;W.11.1.048;Fordia splendidissima;;0.74;0.429866;0.054;0.91;Closed;13.48;6.94;FALSE;TRUE;;0;;0.5148;TRUE;37;;;0.443;100;25;25;100;;0;0;0;;;;0.00;0.00;0.00;0;0;0;0;0;0
302;Wanariset;11;1;56;W.11.1.056;Annonaceae4;;0.77;0.4654265;0.054;0.91;Closed;4.44;1.85;FALSE;TRUE;58,268;291.34;157.48;0.4167;TRUE;21;0.123;131;0.563;78.15;195,375;195,375;78.15;0.654;3,847,058,824;3,847,058,824;3,847,058,824;2,287;1,416;3,079;25.24;21.72;46.94;2,523,586;2,172,324;4,694,494;2,523,586;2,172,324;4,694,494
303;Wanariset;11;1;81;W.11.1.081;sp36;;0.61;0.2920985;0.054;0.91;Closed;4.79;2.04;FALSE;TRUE;47,978;239.89;117.59;0.4259;TRUE;40;;;0.443;100;25;25;100;;0;0;0;;;;0.00;0.00;0.00;0;0;0;0;0;0
304;Wanariset;11;1;87;W.11.1.087;sp37;;0.65;0.3316625;0.054;0.91;Closed;4.01;1.34;FALSE;TRUE;40,064;200.32;149.49;0.3342;FALSE;;0.155;129;0.523;70.36;17.59;17.59;70.36;0.329;1,935,294,118;1,935,294,118;1,935,294,118;0.87;0.388;1,086;10.01;4.81;14.82;1,000,528;0.48136;14,815;1,000,528;0.48136;14,815
305;Wanariset;11;1;82;W.11.1.082;Scaphium macropodum;;1;0.785;0.054;0.91;Closed;7.49;2.84;FALSE;TRUE;832,175;332.87;117.21;0.3792;TRUE;36;0.163;128;0.529;69.19;172,975;172,975;69.19;0.391;23;230;230;1.75;1,401;2,654;18.46;23.89;42.34;1,845,631;238,929;423,352;1,845,631;238,929;423,352
306;Wanariset;11;2;3;W.11.2.003;Shorea laevis;;0.41;0.1319585;0.054;0.91;Closed;1.41;0.68;FALSE;TRUE;16,032;80.16;117.88;0.4823;TRUE;65;;;0.443;100;25;25;100;;0;0;0;;;;0.00;0.00;0.00;0;0;0;0;0;0
307;Wanariset;11;2;8;W.11.2.008;Diospyros sp3;;0.45;0.1589625;0.054;0.91;Closed;10;3.01;FALSE;TRUE;71,452;357.26;118.69;0.3010;TRUE;21;;;0.443;100;25;25;100;;0;0;0;;;;0.00;0.00;0.00;0;0;0;0;0;0
308;Wanariset;11;2;11;W.11.2.011;Calophyllum tetrapterum;;0.14;0.015386;0.054;0.91;Closed;0.7;0.36;FALSE;TRUE;12,308;61.54;170.94;0.5143;TRUE;72;0.248;130;0.566;56.18;14,045;14,045;56.18;0.374;22;220;220;0.735;0.234;1,024;8.71;1.92;10.62;0.870504;0.19188;106,215;0.870504;0.19188;106,215
309;Wanariset;11;2;13;W.11.2.013;Shorea laevis;;0.64;0.321536;0.054;0.91;Closed;1.66;0.85;FALSE;TRUE;27.91;139.55;164.18;0.5120;TRUE;58;;;0.443;100;25;25;100;;0;0;0;;;;0.00;0.00;0.00;0;0;0;0;0;0
310;Wanariset;11;2;17;W.11.2.017;Melanochyla sp.;;0.46;0.166106;0.054;0.91;Closed;10.94;5.69;FALSE;TRUE;149,098;745.49;131.02;0.5201;TRUE;167;0.303;130;0.566;46.47;116,175;116,175;46.47;0.117;6,882,352,941;6,882,352,941;6,882,352,941;0.302;0.077;0.904;3.63;0.35;3.98;0.362827;0.034994;0.397744;0.362827;0.034994;0.397744
311;Wanariset;11;2;32;W.11.2.032;Eusideroxylon zwageri;;0.3;0.07065;0.054;0.91;Closed;12.19;5.27;FALSE;TRUE;110,744;553.72;105.07;0.4323;TRUE;59;0.51;131;0.563;9.41;23,525;23,525;9.41;-0.06;-3,529,411,765;-3,529,411,765;0;0.498;0.298;0.88;5.52;4.49;10.01;0.552298;0.449356;1,001,356;0.552298;0.449356;1,001,356
312;Wanariset;11;2;64;W.11.2.064;Macaranga lowii;;3.78;11,216,394;0.054;0.91;Closed;5.29;2.44;FALSE;TRUE;61,806;309.03;126.65;0.4612;TRUE;5;;;0.443;100;25;25;100;;0;0;0;;;;0.00;0.00;0.00;0;0;0;0;0;0
313;Wanariset;11;2;65;W.11.2.065;Madhuca palembanica;;2.22;3,868,794;0.054;0.91;Closed;4.4;1.89;FALSE;TRUE;38,122;190.61;100.85;0.4295;TRUE;30;0.408;131;0.563;27.53;68,825;68,825;27.53;0.13;7,647,058,824;7,647,058,824;7,647,058,824;1,066;0.506;1.51;12.18;6.60;18.77;1,217,706;0.659852;1,877,052;1,217,706;0.659852;1,877,052
314;Wanariset;11;2;76;W.11.2.076;sp38;;5.55;241,799,625;0.054;0.91;Closed;5.99;2.65;FALSE;TRUE;50,906;254.53;96.05;0.4424;TRUE;41;0.139;131;0.563;75.31;188,275;188,275;75.31;0.156;9,176,470,588;9,176,470,588;9,176,470,588;1,052;0.429;1,639;12.21;4.90;17.10;1,220,639;0.490074;1,710,284;1,220,639;0.490074;1,710,284
315;Wanariset;11;2;77;W.11.2.077;Macaranga lowii;;4.09;131,315,585;0.054;0.91;Closed;4.81;2.17;FALSE;TRUE;72,566;362.83;167.20;0.4511;TRUE;3;;;0.443;100;25;25;100;;0;0;0;;;;0.00;0.00;0.00;0;0;0;0;0;0
316;Wanariset;11;2;87;W.11.2.087;Antidesma neurocarpum;;0.83;0.5407865;0.054;0.91;Closed;28.37;10.91;;TRUE;207,734;1038.67;95.20;0.3846;TRUE;20;0.255;132;0.502;49.2;12.3;12.3;49.2;0.334;1,964,705,882;1,964,705,882;1,964,705,882;0.978;0.466;1,541;11.17;6.09;17.26;1,116,706;0.609436;1,725,676;1,116,706;0.609436;1,725,676
317;Wanariset;11;2;106;W.11.2.106;sp39;;2.44;4,673,576;0.054;0.91;Closed;4.71;2.12;;TRUE;49,052;245.26;115.69;0.4501;TRUE;52;;;0.443;100;25;25;100;;0;0;0;;;;0.00;0.00;0.00;0;0;0;0;0;0
318;Wanariset;11;2;111;W.11.2.111;Calophyllum ferrugineum;;0.77;0.4654265;0.054;0.91;Closed;8.68;2.95;;TRUE;114.76;573.8;194.51;0.3399;TRUE;29;0.154;129;0.523;70.55;176,375;176,375;70.55;0.146;8,588,235,294;8,588,235,294;8,588,235,294;1,202;0.5;2,635;13.92;5.82;19.74;139,204;0.582464;1,974,004;139,204;0.582464;1,974,004
319;Wanariset;11;2;149;W.11.2.149;Scaphium macropodum;;1.03;0.8328065;0.054;0.91;Closed;13.27;5;;TRUE;166.45;499.35;99.87;0.3768;TRUE;113;0.034;131;0.563;93.96;23.49;23.49;93.96;0.024;1,411,764,706;1,411,764,706;1,411,764,706;1,528;0.795;2,449;17.27;11.05;28.31;1,726,705;1,105,446;2,831,356;1,726,705;1,105,446;2,831,356
320;Wanariset;11;2;142;W.11.2.142;Shorea laevis;;2.57;51,848,465;0.054;0.91;Closed;4.21;2.1;;TRUE;60,208;301.04;143.35;0.4988;TRUE;98;0.158;130;0.566;72.08;18.02;18.02;72.08;0.046;2,705,882,353;2,705,882,353;2,705,882,353;1,528;0.466;1.96;18.15;3.52;21.67;1,815,206;0.352036;2,166,776;1,815,206;0.352036;2,166,776
321;Wanariset;11;2;144;W.11.2.144;Discospermum malaccense;;3.7;1,074,665;0.054;0.91;Closed;8.4;2.82;;TRUE;66.65;333.25;118.17;0.3357;TRUE;81;0.317;132;0.502;36.85;92,125;92,125;36.85;0.26;1,529,411,765;1,529,411,765;1,529,411,765;1,674;0.74;2,943;19.27;9.11;28.37;192,692;0.911168;2,837,348;192,692;0.911168;2,837,348
322;Wanariset;11;2;155;W.11.2.155;Baccaurea parviflora;;0.92;0.664424;0.054;0.91;Closed;5.83;1.59;;TRUE;50.01;250.05;157.26;0.2727;TRUE;18;;;0.443;100;25;25;100;;0;0;0;;;;0.00;0.00;0.00;0;0;0;0;0;0
323;Wanariset;11;2;156;W.11.2.156;sp40;;0.87;0.5941665;0.054;0.91;Closed;15.01;4.79;;TRUE;100.41;401.64;83.85;0.3191;TRUE;31;0.355;131;0.563;36.94;9,235;9,235;36.94;0.095;5,588,235,294;5,588,235,294;5,588,235,294;1,126;0.697;2,093;12.43;10.69;23.11;1,242,527;1,069,162;2,310,992;1,242,527;1,069,162;2,310,992
324;Wanariset;11;2;36;W.11.2.036;Knema laurina;;1.3;132,665;0.054;0.91;Closed;12.45;5.92;;TRUE;1,426,466,667;427.94;72.29;0.4755;TRUE;42;;;0.443;100;25;25;100;;0;0;0;;;;0.00;0.00;0.00;0;0;0;0;0;0
325;Wanariset;11;2;171;W.11.2.171;Eurycoma longifolia;;2.35;43,351,625;0.054;0.91;Closed;6.76;3.96;;TRUE;;0;;0.5858;TRUE;64;-0.031;129;0.523;105.93;264,825;264,825;100;0.202;1,188,235,294;1,188,235,294;1,188,235,294;1,885;1,255;3,085;20.56;19.92;40.47;2,056,355;199,177;404,687;2,056,355;199,177;404,687
326;Wanariset;11;2;179;W.11.2.179;Fordia splendidissima;;1.06;0.882026;0.054;0.91;Closed;18.48;11.09;;TRUE;;0;;0.6001;TRUE;129;0.539;129;0.523;-3.06;-0.765;0;0;0.192;1,129,411,765;1,129,411,765;1,129,411,765;0.693;0.295;1,111;8.01;3.51;11.52;0.800755;0.351226;1,151,686;0.800755;0.351226;1,151,686
327;Wanariset;11;2;211;W.11.2.211;Utania volubilis;;1.37;14,733,665;0.054;0.91;Closed;21.89;7.94;;TRUE;140,508;702.54;88.48;0.3627;TRUE;19;;;0.443;100;25;25;100;;0;0;0;;;;0.00;0.00;0.00;0;0;0;0;0;0
328;Wanariset;11;2;199;W.11.2.199;Dacryodes rugosa;;3.3;854,865;0.054;0.91;Closed;26.58;20.45;;TRUE;;0;;0.7694;FALSE;;;;0.443;100;25;25;100;;0;0;0;;;;0.00;0.00;0.00;0;0;0;0;0;0
329;Wanariset;11;2;231;W.11.2.231;Dipterocarpus sp2;;1.76;2,431,616;0.054;0.91;Closed;27.08;11.16;;TRUE;4,043,033,333;1212.91;108.68;0.4121;TRUE;67;;;0.443;100;25;25;100;;0;0;0;;;;0.00;0.00;0.00;0;0;0;0;0;0
330;Wanariset;11;2;245;W.11.2.245;Antidesma neurocarpum;;0.46;0.166106;0.054;0.91;Closed;4.6;1.43;;TRUE;44.01;220.05;153.88;0.3109;TRUE;23;-0.033;130;0.566;105.83;264,575;264,575;100;-0.064;-3,764,705,882;-3,764,705,882;0;1,122;0.524;1,539;12.84;6.75;19.58;1,283,984;0.674864;1,958,324;1,283,984;0.674864;1,958,324
331;Wanariset;11;2;258;W.11.2.258;Pternandra coerulescens;;1.18;1,093,034;0.054;0.91;Closed;10.93;3.58;;TRUE;77,666;388.33;108.47;0.3275;TRUE;82;;;0.443;100;25;25;100;;0;0;0;;;;0.00;0.00;0.00;0;0;0;0;0;0
332;Wanariset;11;2;268;W.11.2.268;Bouea oppositifolia;;0.59;0.2732585;0.054;0.91;Closed;4.83;2.84;;TRUE;58.91;294.55;103.71;0.5880;TRUE;73;0.112;129;0.523;78.59;196,475;196,475;78.59;0.065;3,823,529,412;3,823,529,412;3,823,529,412;0.7;0.24;0.911;8.24;2.22;10.46;0.82444;0.222;10,462;0.82444;0.222;10,462
333;Wanariset;11;2;269;W.11.2.269;Aquilaria sp.;;0.84;0.553896;0.054;0.91;Closed;4.96;1.96;;TRUE;46,912;234.56;119.67;0.3952;TRUE;82;0.328;130;0.566;42.05;105,125;105,125;42.05;0.078;4,588,235,294;4,588,235,294;4,588,235,294;1,603;0.631;2,221;18.66;6.95;25.60;1,866,071;0.694786;2,560,226;1,866,071;0.694786;2,560,226
334;Wanariset;11;3;1;W.11.3.001;Syzygium sp8;52;16.55;2,150,134,625;0.054;0.91;Closed;6.82;3.66;;TRUE;65,064;325.32;88.89;0.5367;TRUE;123;0.107;129;0.523;79.54;19,885;19,885;79.54;0.026;1,529,411,765;1,529,411,765;1,529,411,765;0.447;0.188;0.61;5.17;2.21;7.38;0.517118;0.221324;0.738254;0.517118;0.221324;0.738254
335;Wanariset;11;3;5;W.11.3.005;#N/A;#N/A;#N/A;#N/A;0.054;0.91;Closed;6.91;3.12;;TRUE;67,378;336.89;107.98;0.4515;FALSE;;0.167;132;0.502;66.73;166,825;166,825;66.73;;0;0;0;;;;0.00;0.00;0.00;0;0;0;0;0;0
336;Wanariset;12;1;1;W.12.1.001;Macaranga lowii;;0.4;0.1256;0.19;0.764;Closed;4.67;2.2;FALSE;TRUE;93,538;467.69;212.59;0.4711;TRUE;23;0.463;134;0.572;19.06;4,765;4,765;19.06;0.023;1,352,941,176;1,352,941,176;1,352,941,176;0.71;0.466;1,742;7.76;7.35;15.11;0.776346;0.73486;151,074;0.776346;0.73486;151,074
337;Wanariset;12;1;23;W.12.1.023;Shorea sp3;;0.46;0.166106;0.19;0.764;Closed;6.44;2.48;FALSE;TRUE;45,394;226.97;91.52;0.3851;TRUE;76;0.116;132;0.502;76.89;192,225;192,225;76.89;0.002;0.1176470588;1,176,470,588;1,176,470,588;0.469;0.275;0.67;5.22;4.10;9.32;0.521655;0.410258;0.931638;0.521655;0.410258;0.931638
338;Wanariset;12;1;22;W.12.1.022;Antidesma neurocarpum;;0.47;0.1734065;0.19;0.764;Closed;3.6;1.11;FALSE;TRUE;27,438;137.19;123.59;0.3083;TRUE;13;0.483;136;0.638;24.29;60,725;60,725;24.29;-0.009;-0.5294117647;-5,294,117,647;0;0.652;0.546;1,458;6.81;9.45;16.26;0.681166;0.945204;1,625,824;0.681166;0.945204;1,625,824
339;Wanariset;12;1;32;W.12.1.032;Croton sp2;;0.37;0.1074665;0.19;0.764;Closed;2.8;0.93;FALSE;TRUE;45,865;183.46;197.27;0.3321;TRUE;42;0.175;132;0.502;65.14;16,285;16,285;65.14;0.145;8,529,411,765;8,529,411,765;8,529,411,765;1,634;0.729;2,135;18.79;9.05;27.83;1,879,079;0.904698;2,783,048;1,879,079;0.904698;2,783,048
340;Wanariset;12;1;37;W.12.1.037;Knema latericia;;0.74;0.429866;0.19;0.764;Closed;3.72;1.54;FALSE;TRUE;40,782;203.91;132.41;0.4140;FALSE;;0.39;136;0.638;38.87;97,175;97,175;38.87;0.06;3,529,411,765;3,529,411,765;3,529,411,765;0.407;0.116;0.573;4.86;0.75;5.61;0.485686;0.075164;0.560734;0.485686;0.075164;0.560734
341;Wanariset;12;1;52;W.12.1.052;Xanthophyllum stipitatum;;0.3;0.07065;0.19;0.764;Closed;0.58;0.23;FALSE;TRUE;6,618;33.09;143.87;0.3966;TRUE;40;0.482;133;0.559;13.77;34,425;34,425;13.77;-0.05;-2,941,176,471;-2,941,176,471;0;0.455;0.269;0.643;5.05;4.03;9.08;0.505489;0.40307;0.90829;0.505489;0.40307;0.90829
342;Wanariset;12;1;56;W.12.1.056;sp41;;1.47;16,963,065;0.19;0.764;Closed;2.64;1.23;FALSE;TRUE;23,608;118.04;95.97;0.4659;FALSE;;0.443;136;0.638;30.56;7.64;7.64;30.56;-0.034;-2;-20;0;0.506;0.387;1,119;5.39;6.49;11.88;0.538517;0.649422;1,187,552;0.538517;0.649422;1,187,552
343;Wanariset;12;1;79;W.12.1.079;Shorea sp3;;0.59;0.2732585;0.19;0.764;Closed;6.64;2.78;FALSE;TRUE;73.88;369.4;132.88;0.4187;FALSE;;0.398;137;0.637;37.52;9.38;9.38;37.52;0.149;8,764,705,882;8,764,705,882;8,764,705,882;0.349;0.133;0.85;4.07;1.41;5.49;0.407453;0.141238;0.548558;0.407453;0.141238;0.548558
344;Wanariset;12;1;87;W.12.1.087;Mangifera sp2;;0.85;0.5671625;0.19;0.764;Closed;11.83;4.5;FALSE;TRUE;122.62;613.1;136.24;0.3804;FALSE;;0.417;133;0.559;25.4;6.35;6.35;25.4;;0;0;0;;;;0.00;0.00;0.00;0;0;0;0;0;0
345;Wanariset;12;2;10;W.12.2.010;sp42;;5.48;23,573,864;0.19;0.764;Closed;10.93;4.48;FALSE;TRUE;86,236;431.18;96.25;0.4099;TRUE;202;0.406;135;0.528;23.11;57,775;57,775;23.11;0.102;6;60;60;0.493;0.294;0.848;5.47;4.43;9.89;0.547024;0.442536;0.989266;0.547024;0.442536;0.989266
346;Wanariset;12;2;17;W.12.2.017;Syzygium sp3;;2.61;53,474,985;0.19;0.764;Closed;16.71;6.9;FALSE;TRUE;191,714;958.57;138.92;0.4129;TRUE;97;0.379;133;0.559;32.2;8.05;8.05;32.2;0.194;1,141,176,471;1,141,176,471;1,141,176,471;0.475;0.16;0.519;5.60;1.44;7.04;0.56021;0.1441;0.70415;0.56021;0.1441;0.70415
347;Wanariset;12;2;29;W.12.2.029;sp43;;3.52;9,726,464;0.19;0.764;Closed;21.82;8.13;FALSE;TRUE;252.49;757.47;93.17;0.3726;TRUE;14;-0.054;136;0.638;108.46;27,115;27,115;100;0.138;8,117,647,059;8,117,647,059;8,117,647,059;1,992;1,357;2,987;21.65;21.75;43.39;2,164,807;2,175,274;4,338,724;2,164,807;2,175,274;4,338,724
348;Wanariset;12;2;51;W.12.2.051;Baccaurea sp6;;3.32;8,652,584;0.19;0.764;Closed;27.49;12.11;FALSE;TRUE;1,734,766,667;520.43;42.98;0.4405;TRUE;244;0.481;133;0.559;13.95;34,875;34,875;13.95;0.074;4,352,941,176;4,352,941,176;4,352,941,176;0.295;0.178;0.838;3.27;2.70;5.96;0.326768;0.26956;0.59615;0.326768;0.26956;0.59615
349;Wanariset;12;2;57;W.12.2.057;Chrysobalanaceae;;1.71;22,954,185;0.19;0.764;Closed;5.43;2.34;FALSE;TRUE;46,908;234.54;100.23;0.4309;FALSE;;0.591;136;0.638;7.37;18,425;18,425;7.37;0.152;8,941,176,471;8,941,176,471;8,941,176,471;0.382;0.327;0.797;3.97;5.70;9.67;0.397177;0.570054;0.966904;0.397177;0.570054;0.966904
350;Wanariset;12;2;56;W.12.2.056;Litsea sp4;;6.37;318,528,665;0.19;0.764;Closed;13.33;5.89;FALSE;TRUE;140.56;562.24;95.46;0.4419;TRUE;229;0.428;135;0.528;18.94;4,735;4,735;18.94;0.096;5,647,058,824;5,647,058,824;5,647,058,824;0.488;0.283;1,117;5.44;4.20;9.63;0.543633;0.419686;0.963036;0.543633;0.419686;0.963036
351;Wanariset;12;2;59;W.12.2.059;Macaranga lowii;;1.6;20,096;0.19;0.764;Closed;3.41;1.61;FALSE;TRUE;56,188;280.94;174.50;0.4721;FALSE;;0.581;136;0.638;8.93;22,325;22,325;8.93;0.167;9,823,529,412;9,823,529,412;9,823,529,412;1,383;0.896;2,633;15.15;14.05;29.19;1,515,386;1,404,596;2,919,086;1,515,386;1,404,596;2,919,086
352;Wanariset;12;2;81;W.12.2.081;Scaphium macropodum;;0.7;0.38465;0.19;0.764;Closed;8.8;3.98;FALSE;TRUE;1,863,625;745.45;187.30;0.4523;TRUE;105;0.325;135;0.528;38.45;96,125;96,125;38.45;0.239;1,405,882,353;1,405,882,353;1,405,882,353;0.73;0.569;1,668;7.74;9.61;17.35;0.774039;0.96137;173,484;0.774039;0.96137;173,484
353;Wanariset;12;2;104;W.12.2.104;Paracroton pendulus;;1.15;10,381,625;0.19;0.764;Closed;7.58;2.6;FALSE;TRUE;67,766;338.83;130.32;0.3430;TRUE;34;0.608;137;0.637;4.55;11,375;11,375;4.55;0.127;7,470,588,235;7,470,588,235;7,470,588,235;2,322;1,687;3,126;24.95;27.77;52.70;2,495,137;2,776,534;5,269,984;2,495,137;2,776,534;5,269,984
354;Wanariset;12;2;121;W.12.2.121;Madhuca palembanica;;3.34;8,757,146;0.19;0.764;Closed;4.79;2.2;FALSE;TRUE;48,482;242.41;110.19;0.4593;TRUE;51;0.078;135;0.528;85.23;213,075;213,075;85.23;0.102;6;60;60;1,545;0.713;2,188;17.70;9.10;26.79;1,770,353;0.90971;267,935;1,770,353;0.90971;267,935
355;Wanariset;12;2;126;W.12.2.126;Annonaceae3;;2.8;61,544;0.19;0.764;Closed;9.96;2.17;;TRUE;72.05;360.25;166.01;0.2179;TRUE;58;0.543;137;0.637;14.76;3.69;3.69;14.76;-0.151;-8,882,352,941;-8,882,352,941;0;0.11;0.027;0.336;1.32;0.10;1.43;0.132437;0.01035;0.14276;0.132437;0.01035;0.14276
356;Wanariset;12;2;133;W.12.2.133;Macaranga lowii;;4.19;137,815,385;0.19;0.764;Closed;4.61;2.02;;TRUE;59,552;297.76;147.41;0.4382;FALSE;;0.336;134;0.572;41.26;10,315;10,315;41.26;0.371;2,182,352,941;2,182,352,941;2,182,352,941;0.784;0.41;1,799;8.85;5.72;14.57;0.88539;0.571988;1,456,968;0.88539;0.571988;1,456,968
357;Wanariset;12;2;141;W.12.2.141;sp45;;1.12;0.984704;0.19;0.764;Closed;4.61;1.89;;TRUE;68,174;340.87;180.35;0.4100;FALSE;;0.438;134;0.572;23.43;58,575;58,575;23.43;0.078;4,588,235,294;4,588,235,294;4,588,235,294;2,802;2,079;3,443;29.99;34.50;64.47;2,999,289;3,449,574;6,446,784;2,999,289;3,449,574;6,446,784
358;Wanariset;12;2;155;W.12.2.155;sp18;;1.01;0.8007785;0.19;0.764;Closed;8.21;3.58;;TRUE;106,196;530.98;148.32;0.4361;TRUE;197;0.394;137;0.637;38.15;95,375;95,375;38.15;0.086;5,058,823,529;5,058,823,529;5,058,823,529;0.389;0.137;0.692;4.57;1.32;5.89;0.457177;0.131678;0.588718;0.457177;0.131678;0.588718
359;Wanariset;12;2;202;W.12.2.202;Xanthophyllum stipitatum;;1.67;21,892,865;0.19;0.764;Closed;0.61;0.28;;TRUE;7.28;36.4;130.00;0.4590;TRUE;61;0.565;134;0.572;1.22;0.305;0.305;1.22;0.216;1,270,588,235;1,270,588,235;1,270,588,235;0.364;0.238;0.757;3.98;3.75;7.73;0.398258;0.374668;0.772688;0.398258;0.374668;0.772688
360;Wanariset;12;2;165;W.12.2.165;sp47;;1.14;1,020,186;0.19;0.764;Closed;10.06;3.83;;TRUE;152.63;457.89;119.55;0.3807;TRUE;77;0.321;135;0.528;39.2;9.8;9.8;39.2;0.014;0.8235294118;8,235,294,118;8,235,294,118;1,573;1,299;2,945;16.48;22.39;38.86;1,648,279;2,238,546;3,885,526;1,648,279;2,238,546;3,885,526
361;Wanariset;12;2;170;W.12.2.170;sp20;;1.67;21,892,865;0.19;0.764;Closed;42.57;15.57;;TRUE;;0;;0.3658;TRUE;55;0.538;137;0.637;15.54;3,885;3,885;15.54;0.124;7,294,117,647;7,294,117,647;7,294,117,647;0.947;0.576;1,459;10.48;8.76;19.23;1,047,746;0.875844;1,923,014;1,047,746;0.875844;1,923,014
362;Wanariset;12;2;183;W.12.2.183;sp48;;1.56;1,910,376;0.19;0.764;Closed;16.34;5.43;;TRUE;100.37;501.85;92.42;0.3323;TRUE;87;0.555;137;0.637;12.87;32,175;32,175;12.87;0.16;9,411,764,706;9,411,764,706;9,411,764,706;2,017;1,413;2,912;21.81;22.92;44.72;2,181,493;2,291,814;4,471,894;2,181,493;2,291,814;4,471,894
363;Wanariset;12;2;189;W.12.2.189;sp46;;1.1;0.94985;0.19;0.764;Closed;6.2;2.99;;TRUE;118.51;592.55;198.18;0.4823;FALSE;;0.516;138;0.636;18.87;47,175;47,175;18.87;0.205;1,205,882,353;1,205,882,353;1,205,882,353;0.58;0.275;0.987;6.63;3.58;10.21;0.662625;0.35831;102,066;0.662625;0.35831;102,066
364;Wanariset;12;2;188;W.12.2.188;Aglaia tomentosa;;1.04;0.849056;0.19;0.764;Closed;17.69;6.6;;TRUE;;0;;0.3731;TRUE;64;0.404;133;0.559;27.73;69,325;69,325;27.73;0.193;1,135,294,118;1,135,294,118;1,135,294,118;0.404;0.286;0.623;4.36;4.66;9.02;0.436146;0.465868;0.901728;0.436146;0.465868;0.901728
365;Wanariset;12;2;217;W.12.2.217;Shorea laevis;;0.98;0.753914;0.19;0.764;Closed;1.55;0.84;;TRUE;30,164;150.82;179.55;0.5419;TRUE;18;0.356;138;0.636;44.03;110,075;110,075;44.03;0.073;4,294,117,647;4,294,117,647;4,294,117,647;0.758;0.391;1,661;8.57;5.41;13.98;0.857481;0.540646;1,397,736;0.857481;0.540646;1,397,736
366;Wanariset;12;2;225;W.12.2.225;Hancea penangensis;;1.13;10,023,665;0.19;0.764;Closed;4.25;2.17;;TRUE;78,856;394.28;181.70;0.5106;FALSE;;0.101;133;0.559;81.93;204,825;204,825;81.93;0.173;1,017,647,059;1,017,647,059;1,017,647,059;0.666;0.209;1,342;7.90;1.67;9.56;0.789599;0.166922;0.956312;0.789599;0.166922;0.956312
367;Wanariset;12;2;241;W.12.2.241;sp6;;1.16;1,056,296;0.19;0.764;Closed;14.26;5.12;;TRUE;117.36;586.8;114.61;0.3590;TRUE;33;0.57;138;0.636;10.38;2,595;2,595;10.38;0.205;1,205,882,353;1,205,882,353;1,205,882,353;0.632;0.257;1,449;7.34;2.93;10.26;0.733507;0.292754;1,026,004;0.733507;0.292754;1,026,004
368;Wanariset;12;2;245;W.12.2.245;Hancea penangensis;;3.23;81,898,265;0.19;0.764;Closed;4.99;2.62;;TRUE;65.85;329.25;125.67;0.5251;FALSE;;0.621;138;0.636;2.36;0.59;0.59;2.36;0.047;2,764,705,882;2,764,705,882;2,764,705,882;0.511;0.214;0.879;5.91;2.51;8.42;0.591404;0.250912;0.842102;0.591404;0.250912;0.842102
369;Wanariset;12;2;258;W.12.2.258;Croton sp2;;1.91;28,637,585;0.19;0.764;Closed;4.21;1.52;;TRUE;41,112;205.56;135.24;0.3610;TRUE;67;0.459;138;0.636;27.83;69,575;69,575;27.83;0.032;1,882,352,941;1,882,352,941;1,882,352,941;1,986;1,308;2,932;21.70;20.66;42.35;2,170,368;2,065,872;4,234,932;2,170,368;2,065,872;4,234,932
370;Wanariset;12;2;263;W.12.2.263;Knema latericia;;3.35;88,096,625;0.19;0.764;Closed;6.3;2.51;;TRUE;54,552;272.76;108.67;0.3984;TRUE;16;0.298;135;0.528;43.56;10.89;10.89;43.56;0.163;9,588,235,294;9,588,235,294;9,588,235,294;0.808;0.317;1,422;9.41;3.48;12.88;0.940887;0.347786;1,288,356;0.940887;0.347786;1,288,356
371;Wanariset;12;2;261;W.12.2.261;Hancea penangensis;;1.72;2,322,344;0.19;0.764;Closed;4.15;2.02;;TRUE;42,606;213.03;105.46;0.4867;FALSE;;0.55;138;0.636;13.52;3.38;3.38;13.52;0.219;1,288,235,294;1,288,235,294;1,288,235,294;1,003;0.495;1.64;11.41;6.64;18.04;1,140,655;0.664146;1,804,306;1,140,655;0.664146;1,804,306
372;Wanariset;12;2;271;W.12.2.271;sp17;;3;7,065;0.19;0.764;Closed;8.93;3.34;;TRUE;94,654;473.27;141.70;0.3740;TRUE;62;0.546;139;0.637;14.29;35,725;35,725;14.29;0.164;9,647,058,824;9,647,058,824;9,647,058,824;0.418;0.196;0.613;4.78;2.53;7.31;0.478136;0.253216;0.731156;0.478136;0.253216;0.731156
373;Wanariset;12;3;13;W.12.3.013;Dacryodes rugosa;42;13.37;1,403,241,665;0.19;0.764;Closed;15.15;8.89;;TRUE;;0;;0.5868;TRUE;72;0.024;134;0.572;95.8;23.95;23.95;95.8;0.147;8,647,058,824;8,647,058,824;8,647,058,824;0.412;0.074;0.781;5.03;-0.23;4.80;0.503334;-0.023356;0.479904;0.503334;0;0.479904
374;Wanariset;12;3;12;W.12.3.012;#N/A;#N/A;#N/A;#N/A;0.19;0.764;Closed;6.82;2.48;;TRUE;99,258;496.29;200.12;0.3636;FALSE;;0.411;134;0.572;28.15;70,375;70,375;28.15;-0.008;-0.4705882353;-4,705,882,353;0;;;;0.00;0.00;0.00;0;0;0;0;0;0
375;Wanariset;12;4;5;W.12.4.005;Ochanostachys amentacea;68;21.65;3,679,471,625;0.19;0.764;Closed;13.52;5.51;;TRUE;168,686;843.43;153.07;0.4075;TRUE;282;0.561;139;0.637;11.93;29,825;29,825;11.93;;0;0;0;1,016;0.544;1,865;11.44;7.70;19.14;1,143,984;0.770272;1,913,712;1,143,984;0.770272;1,913,712
376;Wanariset;13;1;6;W.13.1.006;Croton sp2;;0.36;0.101736;0.102;0.853;Closed;6.46;1.76;FALSE;TRUE;68,075;272.3;154.72;0.2724;TRUE;134;0.189;139;0.637;70.33;175,825;175,825;70.33;0.073;4,294,117,647;4,294,117,647;4,294,117,647;0.67;0.234;1,399;7.88;2.22;10.10;0.787954;0.2223;101,002;0.787954;0.2223;101,002
377;Wanariset;13;1;10;W.13.1.010;Fordia splendidissima;;0.56;0.246176;0.102;0.853;Closed;23.49;9.71;FALSE;TRUE;;0;;0.4134;TRUE;113;;;0.443;100;25;25;100;;0;0;0;;;;0.00;0.00;0.00;0;0;0;0;0;0
378;Wanariset;13;1;12;W.13.1.012;sp6;;0.41;0.1319585;0.102;0.853;Closed;3.29;1.64;FALSE;TRUE;40,605;162.42;99.04;0.4985;TRUE;143;0.467;139;0.637;26.69;66,725;66,725;26.69;0.017;1;10;10;1,391;0.607;2.1;16.03;7.39;23.42;1,603,287;0.739042;2,341,722;1,603,287;0.739042;2,341,722
379;Wanariset;13;1;27;W.13.1.027;Fordia splendidissima;;0.85;0.5671625;0.102;0.853;Closed;14.04;6.5;FALSE;TRUE;;0;;0.4630;TRUE;67;;;0.443;100;25;25;100;;0;0;0;;;;0.00;0.00;0.00;0;0;0;0;0;0
380;Wanariset;13;1;33;W.13.1.033;Aporosa sp3;;0.35;0.0961625;0.102;0.853;Closed;7.27;2.92;FALSE;TRUE;102,716;513.58;175.88;0.4017;TRUE;113;;;0.443;100;25;25;100;;0;0;0;;;;0.00;0.00;0.00;0;0;0;0;0;0
381;Wanariset;13;1;54;W.13.1.054;Knema latericia;;1.11;0.9671985;0.102;0.853;Closed;4.1;1.57;FALSE;TRUE;50,248;251.24;160.03;0.3829;TRUE;23;0.413;139;0.637;35.16;8.79;8.79;35.16;0.122;7,176,470,588;7,176,470,588;7,176,470,588;1,015;0.77;1,631;10.82;12.88;23.69;108,192;128,828;236,943;108,192;128,828;236,943
382;Wanariset;13;1;62;W.13.1.062;Campnosperma auriculatum;;0.69;0.3737385;0.102;0.853;Closed;3.07;1.39;FALSE;TRUE;508,225;203.29;146.25;0.4528;TRUE;51;0.563;139;0.637;11.62;2,905;2,905;11.62;0.178;1,047,058,824;1,047,058,824;1,047,058,824;1,143;0.49;1,679;13.20;5.87;19.06;13,198;0.587176;1,906,486;13,198;0.587176;1,906,486
383;Wanariset;13;1;78;W.13.1.078;Utania sp2;;1.78;2,487,194;0.102;0.853;Closed;17.3;7.8;FALSE;TRUE;140.57;702.85;90.11;0.4509;TRUE;69;;;0.443;100;25;25;100;0.063;3,705,882,353;3,705,882,353;3,705,882,353;0.617;0.259;1.18;7.14;3.04;10.18;0.713919;0.304354;1,018,014;0.713919;0.304354;1,018,014
384;Wanariset;13;2;17;W.13.2.017;Popowia pisocarpa;;0.93;0.6789465;0.102;0.853;Closed;3.63;1.75;FALSE;TRUE;55.85;279.25;159.57;0.4821;TRUE;95;0.196;140;0.641;69.42;17,355;17,355;69.42;-0.068;-4;-40;0;0.995;0.479;1,986;11.35;6.31;17.66;1,134,799;0.63125;176,557;1,134,799;0.63125;176,557
385;Wanariset;13;2;19;W.13.2.019;Syzygium sp9;;0.36;0.101736;0.102;0.853;Closed;4.49;1.07;FALSE;TRUE;23,598;117.99;110.27;0.2383;FALSE;;0.232;140;0.641;63.81;159,525;159,525;63.81;;0;0;0;;;;0.00;0.00;0.00;0;0;0;0;0;0
386;Wanariset;13;2;23;W.13.2.023;Camellia lanceolata;;1.91;28,637,585;0.102;0.853;Closed;3.41;1.45;FALSE;TRUE;24,092;120.46;83.08;0.4252;TRUE;35;;;0.443;100;25;25;100;;0;0;0;;;;0.00;0.00;0.00;0;0;0;0;0;0
387;Wanariset;13;2;45;W.13.2.045;Campnosperma auriculatum;;1.3;132,665;0.102;0.853;Closed;7.75;3.7;FALSE;TRUE;81,622;408.11;110.30;0.4774;TRUE;47;0.568;140;0.641;11.39;28,475;28,475;11.39;0.082;4,823,529,412;4,823,529,412;4,823,529,412;1,313;0.658;1,723;14.91;8.92;23.82;1,490,508;0.892336;2,382,186;1,490,508;0.892336;2,382,186
388;Wanariset;13;2;58;W.13.2.058;sp36;;0.81;0.5150385;0.102;0.853;Closed;4.67;1.8;FALSE;TRUE;41,202;206.01;114.45;0.3854;TRUE;65;0.117;140;0.641;81.75;204,375;204,375;81.75;0.161;9,470,588,235;9,470,588,235;9,470,588,235;0.528;0.252;0.824;6.03;3.30;9.32;0.602772;0.329976;0.932496;0.602772;0.329976;0.932496
389;Wanariset;13;2;68;W.13.2.068;sp25;;7.01;385,749,785;0.102;0.853;Closed;4.6;2.08;FALSE;TRUE;39,936;199.68;96.00;0.4522;TRUE;231;0.528;142;0.64;17.5;4,375;4,375;17.5;0.13;7,647,058,824;7,647,058,824;7,647,058,824;0.702;0.35;1,218;7.97;4.73;12.70;0.79739;0.472964;1,270,004;0.79739;0.472964;1,270,004
390;Wanariset;13;2;73;W.13.2.073;Xanthophyllum stipitatum;;6.93;376,995,465;0.102;0.853;Closed;2.45;1.04;FALSE;TRUE;23,462;117.31;112.80;0.4245;TRUE;75;0.394;140;0.641;38.53;96,325;96,325;38.53;0.394;2,317,647,059;2,317,647,059;2,317,647,059;0.737;0.25;1,751;8.69;2.28;10.96;0.86874;0.227584;1,096,074;0.86874;0.227584;1,096,074
391;Wanariset;13;2;76;W.13.2.076;Shorea sp3;;1.54;1,861,706;0.102;0.853;Closed;6.4;2.57;FALSE;TRUE;77,796;388.98;151.35;0.4016;FALSE;;0.461;141;0.641;28.08;7.02;7.02;28.08;0.4;2,352,941,176;2,352,941,176;2,352,941,176;1,417;0.702;2,176;16.11;9.44;25.54;1,610,752;0.944424;2,554,474;1,610,752;0.944424;2,554,474
392;Wanariset;13;2;82;W.13.2.082;sp16;;4.67;171,199,865;0.102;0.853;Closed;6.89;2.9;FALSE;TRUE;65,478;327.39;112.89;0.4209;TRUE;97;0.462;141;0.641;27.93;69,825;69,825;27.93;0.264;1,552,941,176;1,552,941,176;1,552,941,176;0.928;0.373;1,003;10.78;4.20;14.98;1,078,223;0.419866;1,497,716;1,078,223;0.419866;1,497,716
393;Wanariset;13;2;92;W.13.2.092;Fordia splendidissima;;3.57;100,047,465;0.102;0.853;Closed;34;12.6;FALSE;TRUE;;0;;0.3706;TRUE;73;0.415;142;0.64;35.16;8.79;8.79;35.16;0.172;1,011,764,706;1,011,764,706;1,011,764,706;0.296;0.14;0.622;3.38;1.82;5.20;0.33826;0.182072;0.520192;0.33826;0.182072;0.520192
394;Wanariset;13;2;96;W.13.2.096;Macaranga lowii;;0.78;0.477594;0.102;0.853;Closed;4.25;2.09;FALSE;TRUE;54,142;270.71;129.53;0.4918;TRUE;9;;;0.443;100;25;25;100;;0;0;0;;;;0.00;0.00;0.00;0;0;0;0;0;0
395;Wanariset;13;2;98;W.13.2.098;Shorea laevis;;0.87;0.5941665;0.102;0.853;Closed;2.25;0.96;;TRUE;24,604;123.02;128.15;0.4267;TRUE;60;0.353;140;0.641;44.93;112,325;112,325;44.93;0.313;1,841,176,471;1,841,176,471;1,841,176,471;0.484;0.208;1,186;5.59;2.50;8.08;0.558728;0.249808;0.808328;0.558728;0.249808;0.808328
396;Wanariset;13;2;102;W.13.2.102;Gonystylus sp.;;1.34;1,409,546;0.102;0.853;Closed;6.85;2.86;;TRUE;69,988;349.94;122.36;0.4175;TRUE;200;0.497;141;0.641;22.46;5,615;5,615;22.46;0.064;3,764,705,882;3,764,705,882;3,764,705,882;0.356;0.179;0.91;4.04;2.43;6.47;0.403969;0.243302;0.647092;0.403969;0.243302;0.647092
397;Wanariset;13;2;118;W.13.2.118;Calophyllum tetrapterum;;1.95;29,849,625;0.102;0.853;Closed;4.55;1.84;;TRUE;33,796;168.98;91.84;0.4044;TRUE;31;0.424;142;0.64;33.75;84,375;84,375;33.75;0.373;2,194,117,647;2,194,117,647;2,194,117,647;0.901;0.475;1,831;10.16;6.66;16.82;1,016,495;0.666082;1,682,102;1,016,495;0.666082;1,682,102
398;Wanariset;13;2;147;W.13.2.147;Polyalthia suberosa;;1;0.785;0.102;0.853;Closed;1.19;0.47;;TRUE;16,484;82.42;175.36;0.3950;FALSE;;0.528;141;0.641;17.63;44,075;44,075;17.63;0.085;5;50;50;1,062;0.673;1.58;11.68;10.44;22.11;1,167,703;1,044,154;2,211,184;1,167,703;1,044,154;2,211,184
399;Wanariset;13;2;163;W.13.2.163;Fordia splendidissima;;0.83;0.5407865;0.102;0.853;Closed;21.26;8.73;;TRUE;;0;;0.4106;TRUE;102;0.428;142;0.64;33.13;82,825;82,825;33.13;0.17;10;100;100;0.606;0.288;0.951;6.92;3.76;10.68;0.692148;0.375912;1,067,772;0.692148;0.375912;1,067,772
400;Wanariset;13;2;168;W.13.2.168;Fordia splendidissima;;0.92;0.664424;0.102;0.853;Closed;27.84;11.12;;TRUE;;0;;0.3994;TRUE;63;;;0.443;100;25;25;100;;0;0;0;;;;0.00;0.00;0.00;0;0;0;0;0;0
401;Wanariset;13;2;178;W.13.2.178;sp44;;0.85;0.5671625;0.102;0.853;Closed;34.63;12.15;;TRUE;4,204,666,667;1261.4;103.82;0.3509;TRUE;51;0.627;141;0.641;2.18;0.545;0.545;2.18;0.284;1,670,588,235;1,670,588,235;1,670,588,235;0.528;0.25;0.811;6.03;3.25;9.28;0.60331;0.325396;0.928456;0.60331;0.325396;0.928456
402;Wanariset;13;2;181;W.13.2.181;Hopea sp.;;0.63;0.3115665;0.102;0.853;Closed;2.56;1.08;;TRUE;30,376;151.88;140.63;0.4219;TRUE;89;0.23;141;0.641;64.12;16.03;16.03;64.12;0.147;8,647,058,824;8,647,058,824;8,647,058,824;0.894;0.353;1,215;10.40;3.90;14.30;1,040,423;0.389978;1,430,048;1,040,423;0.389978;1,430,048
403;Wanariset;13;2;192;W.13.2.192;Hopea sp.;;8.56;57,519,776;0.102;0.853;Closed;3.23;1.33;;TRUE;23,938;119.69;89.99;0.4118;TRUE;164;0.446;142;0.64;30.31;75,775;75,775;30.31;0.391;23;230;230;1,471;0.539;1,942;17.23;5.46;22.69;1,723,179;0.545882;2,268,522;1,723,179;0.545882;2,268,522
404;Wanariset;13;2;194;W.13.2.194;Scaphium macropodum;;2.11;34,948,985;0.102;0.853;Closed;35.3;13.5;;TRUE;502.82;1508.46;111.74;0.3824;TRUE;115;;;0.443;100;25;25;100;;0;0;0;;;;0.00;0.00;0.00;0;0;0;0;0;0
405;Wanariset;13;3;7;W.13.3.007;Dacryodes rugosa;47.5;15.12;179,462,304;0.102;0.853;Closed;20.72;11.04;;TRUE;;0;;0.5328;TRUE;25;;;0.443;100;25;25;100;;0;0;0;;;;0.00;0.00;0.00;0;0;0;0;0;0
406;Wanariset;13;4;7;W.13.4.007;Shorea laevis;54;17.19;2,319,644,385;0.102;0.853;Closed;2.14;1.13;;TRUE;21.57;107.85;95.44;0.5280;TRUE;98;;;0.443;100;25;25;100;;0;0;0;;;;0.00;0.00;0.00;0;0;0;0;0;0
407;Semak Belukar;1;2;1;S.01.2.001;Hevea brasiliensis;17;5.41;229,754,585;0.808;0.192;Open;48.5;17.81;TRUE;TRUE;;0;;0.3672;TRUE;68;-0.057;0;0.443;112.86;28,215;28,215;100;0.018;1,058,823,529;1,058,823,529;1,058,823,529;2;0.927;2,837;22.49;12.02;34.50;2,248,727;1,202,274;3,450,074;2,248,727;1,202,274;3,450,074
408;Semak Belukar;1;2;3;S.01.2.003;Prasoxylon excelsum;4.2;1.34;1,409,546;0.808;0.192;Open;31.14;13.54;TRUE;TRUE;;0;;0.4348;TRUE;248;-0.008;0;0.443;101.81;254,525;254,525;100;-0.139;-8,176,470,588;-8,176,470,588;0;0.656;0.323;1,286;7.46;4.33;11.79;0.746233;0.432662;1,178,572;0.746233;0.432662;1,178,572
409;Semak Belukar;1;2;4;S.01.2.004;Hevea brasiliensis;8.5;2.71;57,651,185;0.808;0.192;Open;39.73;15.78;TRUE;TRUE;;0;;0.3972;TRUE;224;-0.177;0;0.443;139.95;349,875;349,875;100;0.008;0.4705882353;4,705,882,353;4,705,882,353;1,322;0.649;1,789;15.04;8.68;23.71;1,504,359;0.867514;2,371,224;1,504,359;0.867514;2,371,224
410;Semak Belukar;1;2;6;S.01.2.006;Ficus grossularioides;7.5;2.39;44,839,985;0.808;0.192;Open;27.22;6.59;TRUE;TRUE;170,096;850.48;129.06;0.2421;FALSE;;0.06;0;0.443;86.46;21,615;21,615;86.46;-0.037;-2,176,470,588;-2,176,470,588;0;1,372;1,089;2,292;14.49;18.52;33.00;1,449,499;1,851,714;3,300,124;1,449,499;1,851,714;3,300,124
411;Semak Belukar;1;2;7;S.01.2.007;Macaranga motleyana;5.25;1.67;21,892,865;0.808;0.192;Open;42.63;14.8;TRUE;TRUE;3,065,825;1226.33;82.86;0.3472;TRUE;317;-0.165;0;0.443;137.24;34.31;34.31;100;-0.037;-2,176,470,588;-2,176,470,588;0;2,543;2,042;3,478;26.80;34.86;61.64;2,680,312;3,486,056;6,164,326;2,680,312;3,486,056;6,164,326
412;Semak Belukar;1;2;8;S.01.2.008;Macaranga motleyana;3.17;1.01;0.8007785;0.808;0.192;Open;33.9;12.85;TRUE;TRUE;199,352;996.76;77.57;0.3791;TRUE;61;-0.148;0;0.443;133.4;33.35;33.35;100;-0.115;-6,764,705,882;-6,764,705,882;0;1,071;0.895;2,169;11.19;15.48;26.67;1,119,415;1,548,322;2,666,842;1,119,415;1,548,322;2,666,842
413;Semak Belukar;1;2;9;S.01.2.009;Macaranga motleyana;4;1.27;12,661,265;0.808;0.192;Open;30.6;12.16;TRUE;TRUE;263,938;1319.69;108.53;0.3974;TRUE;35;-0.177;0;0.443;139.95;349,875;349,875;100;0.028;1,647,058,824;1,647,058,824;1,647,058,824;2,463;1,699;3,343;26.71;27.38;54.07;2,670,979;2,738,026;5,407,306;2,670,979;2,738,026;5,407,306
414;Semak Belukar;1;2;10;S.01.2.010;Psychotria viridiflora;4.75;1.51;17,898,785;0.808;0.192;Open;26.42;12.03;TRUE;TRUE;119,848;599.24;49.81;0.4553;TRUE;70;-0.112;0;0.443;125.28;31.32;31.32;100;0.18;1,058,823,529;1,058,823,529;1,058,823,529;2,785;2,128;3,395;29.65;35.70;65.32;2,964,518;356,974;653,213;2,964,518;356,974;653,213
415;Semak Belukar;1;2;11;S.01.2.011;Ficus grossularioides;4.5;1.43;16,052,465;0.808;0.192;Open;13.05;3.21;TRUE;TRUE;108.09;540.45;168.36;0.2460;FALSE;;0.007;0;0.443;98.42;24,605;24,605;98.42;-0.009;-0.5294117647;-5,294,117,647;0;0.792;0.729;1,643;8.10;12.99;21.08;0.809739;1,298,754;2,107,764;0.809739;1,298,754;2,107,764
416;Semak Belukar;1;2;12;S.01.2.012;Ficus grossularioides;4.75;1.51;17,898,785;0.808;0.192;Open;12.14;4.75;TRUE;TRUE;89,008;445.04;93.69;0.3913;FALSE;;-0.124;0;0.443;127.98;31,995;31,995;100;0.095;5,588,235,294;5,588,235,294;5,588,235,294;1,787;1,484;2,469;18.70;25.62;44.31;1,870,294;2,562,044;4,430,854;1,870,294;2,562,044;4,430,854
417;Semak Belukar;1;2;13;S.01.2.013;Ficus grossularioides;5;1.59;19,845,585;0.808;0.192;Open;24.16;5.5;TRUE;TRUE;188,388;941.94;171.26;0.2276;FALSE;;0.17;0;0.443;61.63;154,075;154,075;61.63;-0.018;-1,058,823,529;-1,058,823,529;0;0.769;0.709;1.63;7.86;12.64;20.49;0.785909;1,263,718;2,048,918;0.785909;1,263,718;2,048,918
418;Semak Belukar;1;3;1;S.01.3.001;Hevea brasiliensis;46;14.64;168,248,736;0.808;0.192;Open;13.79;8.27;FALSE;TRUE;177.13;885.65;107.09;0.5997;TRUE;56;;;0.443;100;25;25;100;;0;0;0;;;;0.00;0.00;0.00;0;0;0;0;0;0
419;Semak Belukar;1;3;3;S.01.3.003;Schima wallichii;37;11.78;108,933,194;0.808;0.192;Open;6.48;1.92;TRUE;TRUE;34,444;172.22;89.70;0.2963;TRUE;43;-0.063;0;0.443;114.22;28,555;28,555;100;0.164;9,647,058,824;9,647,058,824;9,647,058,824;0.922;0.672;2,255;9.90;11.07;20.97;0.990172;1,107,384;2,096,884;0.990172;1,107,384;2,096,884
420;Semak Belukar;1;3;4;S.01.3.004;Durio kutejensis;44;14.01;1,540,798,785;0.808;0.192;Open;35.83;13.96;TRUE;TRUE;161,276;806.38;57.76;0.3896;FALSE;;-0.04;0;0.443;109.03;272,575;272,575;100;0.063;3,705,882,353;3,705,882,353;3,705,882,353;0.334;0.3;0.703;3.43;5.31;8.74;0.34348;0.530688;0.873868;0.34348;0.530688;0.873868
421;Semak Belukar;1;4;1;S.01.4.001;Cratoxylum sp.;74;23.55;4,353,629,625;0.808;0.192;Open;2.85;1.09;TRUE;TRUE;18,214;91.07;83.55;0.3825;TRUE;69;0.012;0;0.443;97.29;243,225;243,225;97.29;0.021;1,235,294,118;1,235,294,118;1,235,294,118;;;;0.00;0.00;0.00;0;0;0;0;0;0
422;Semak Belukar;1;4;3;S.01.4.003;Hevea brasiliensis;116.5;37.08;1,079,317,224;0.808;0.192;Open;10.6;4.49;TRUE;TRUE;71,942;359.71;80.11;0.4236;FALSE;;0.015;0;0.443;96.61;241,525;241,525;96.61;0.115;6,764,705,882;6,764,705,882;6,764,705,882;2,461;1.5;3,418;27.22;22.83;50.04;272,197;2,283,252;5,003,722;272,197;2,283,252;5,003,722
423;Semak Belukar;1;4;4;S.01.4.004;Hevea brasiliensis;63.5;20.21;3,206,286,185;0.808;0.192;Open;6.6;2.61;TRUE;TRUE;59,958;299.79;114.86;0.3955;TRUE;62;-0.024;0;0.443;105.42;26,355;26,355;100;0.028;1,647,058,824;1,647,058,824;1,647,058,824;0.956;0.649;1,799;10.40;10.39;20.78;1,039,539;1,038,802;2,077,692;1,039,539;1,038,802;2,077,692
424;Semak Belukar;1;4;5;S.01.4.005;Hevea brasiliensis;75.5;24.03;4,532,911,065;0.808;0.192;Open;23.75;11.79;TRUE;TRUE;;0;;0.4964;FALSE;;-0.095;0;0.443;121.44;30.36;30.36;100;0.069;4,058,823,529;4,058,823,529;4,058,823,529;2,726;1,947;3,481;29.38;31.83;61.19;2,938,277;3,182,862;6,119,192;2,938,277;3,182,862;6,119,192
425;Semak Belukar;1;4;7;S.01.4.007;Hevea brasiliensis;85;27.06;574,811,226;0.808;0.192;Open;7.98;3.94;TRUE;FALSE;;0;;0.4937;TRUE;49;-0.084;0;0.443;118.96;29.74;29.74;100;0.048;2,823,529,412;2,823,529,412;2,823,529,412;2.15;1,235;3,481;23.98;18.22;42.19;2,398,285;182,195;4,219;2,398,285;182,195;4,219
426;Semak Belukar;2;1;8;S.02.1.008;Peronema canescens;4.25;1.35;14,306,625;0.902;0.098;Open;37.14;13.35;TRUE;TRUE;;0;;0.3595;FALSE;;-0.008;0;0.443;101.81;254,525;254,525;100;0.286;1,682,352,941;1,682,352,941;1,682,352,941;2,494;1,948;3,266;26.43;32.94;59.35;2,643,368;3,293,728;5,935,148;2,643,368;3,293,728;5,935,148
427;Semak Belukar;2;1;16;S.02.1.016;Psychotria viridiflora;2.5;0.8;0.5024;0.902;0.098;Open;45.1;10.4;TRUE;TRUE;491,972;2459.86;236.53;0.2306;TRUE;190;0.002;0;0.443;99.55;248,875;248,875;99.55;0.403;2,370,588,235;2,370,588,235;2,370,588,235;1,334;0.816;1,499;14.75;12.44;27.18;1,474,676;1,244,328;2,718,188;1,474,676;1,244,328;2,718,188
428;Semak Belukar;2;1;21;S.02.1.021;Strobocalyx arborea;;1.15;10,381,625;0.902;0.098;Open;41.9;8.46;TRUE;TRUE;182,352;911.76;107.77;0.2019;TRUE;127;-0.075;0;0.443;116.93;292,325;292,325;100;-0.063;-3,705,882,353;-3,705,882,353;0;0.688;0.328;1,008;7.86;4.29;12.14;0.785528;0.429136;1,214,336;0.785528;0.429136;1,214,336
429;Semak Belukar;2;1;22;S.02.1.022;Macaranga motleyana;2;0.64;0.321536;0.902;0.098;Open;4.81;1.69;TRUE;TRUE;46,166;230.83;136.59;0.3514;FALSE;;-0.082;0;0.443;118.51;296,275;296,275;100;-0.011;-0.6470588235;-6,470,588,235;0;1,711;0.797;2,634;19.59;10.24;29.82;1,958,577;1,024,382;2,982,162;1,958,577;1,024,382;2,982,162
430;Semak Belukar;2;2;1;S.02.2.001;Gmelina arborea;3.7;1.18;1,093,034;0.902;0.098;Open;31.32;8.15;TRUE;TRUE;229,588;1147.94;140.85;0.2602;TRUE;99;-0.015;0;0.443;103.39;258,475;258,475;100;0.45;2,647,058,824;2,647,058,824;2,647,058,824;0.367;0.139;0.924;4.29;1.47;5.75;0.428699;0.146554;0.575114;0.428699;0.146554;0.575114
431;Semak Belukar;2;2;2;S.02.2.002;Strobocalyx arborea;28;8.91;623,196,585;0.902;0.098;Open;11.21;4.71;TRUE;TRUE;86,632;433.16;91.97;0.4202;TRUE;156;-0.041;0;0.443;109.25;273,125;273,125;100;0.358;2,105,882,353;2,105,882,353;2,105,882,353;0.805;0.429;0.950;9.07;6.06;15.12;0.906949;0.60567;151,219;0.906949;0.60567;151,219
432;Semak Belukar;2;2;4;S.02.2.004;Macaranga motleyana;22;7;38,465;0.902;0.098;Open;48.14;21.1;TRUE;TRUE;;0;;0.4383;TRUE;28;-0.031;0;0.443;107;26.75;26.75;100;0.157;9,235,294,118;9,235,294,118;9,235,294,118;2,014;0.943;2,926;23.04;12.17;35.20;2,304,113;1,216,918;3,520,088;2,304,113;1,216,918;3,520,088
433;Semak Belukar;2;2;6;S.02.2.006;Peronema canescens;4.25;1.35;14,306,625;0.902;0.098;Open;47.12;15.74;TRUE;TRUE;;0;;0.3340;TRUE;69;-0.017;0;0.443;103.84;25.96;25.96;100;0.426;2,505,882,353;2,505,882,353;2,505,882,353;2,431;1,988;3,238;25.53;34.15;59.65;2,552,598;3,414,812;5,965,422;2,552,598;3,414,812;5,965,422
434;Semak Belukar;2;2;7;S.02.2.007;sp1;1;0.32;0.080384;0.902;0.098;Open;4.77;2;TRUE;TRUE;43,494;217.47;108.74;0.4193;FALSE;;-0.059;0;0.443;113.32;28.33;28.33;100;0.309;1,817,647,059;1,817,647,059;1,817,647,059;1,160;0.444;1,681;13.54;4.74;18.27;1,353,764;0.47388;18,272;1,353,764;0.47388;18,272
435;Semak Belukar;2;2;8;S.02.2.008;Strobocalyx arborea;4.5;1.43;16,052,465;0.902;0.098;Open;8.52;3.95;TRUE;TRUE;49.52;247.6;62.68;0.4636;TRUE;197;-0.139;0;0.443;131.37;328,425;328,425;100;0.41;2,411,764,706;2,411,764,706;2,411,764,706;1,723;0.801;2,147;19.73;10.28;30.00;1,972,741;1,027,926;2,999,866;1,972,741;1,027,926;2,999,866
436;Semak Belukar;2;2;9;S.02.2.009;Peronema canescens;3.7;1.18;1,093,034;0.902;0.098;Open;46.46;15.64;TRUE;FALSE;;0;;0.3366;TRUE;33;-0.072;0;0.443;116.25;290,625;290,625;100;0.675;3,970,588,235;3,970,588,235;3,970,588,235;1,129;0.44;1,237;13.15;4.79;17.94;131,547;0.479228;1,794,258;131,547;0.479228;1,794,258
437;Semak Belukar;2;2;10;S.02.2.010;Pternandra coerulescens;1.75;0.56;0.246176;0.902;0.098;Open;6.27;3.25;TRUE;TRUE;29,246;146.23;44.99;0.5183;FALSE;;-0.03;0;0.443;106.77;266,925;266,925;100;0.064;3,764,705,882;3,764,705,882;3,764,705,882;0.456;0.160;0.578;5.36;1.53;6.89;0.53608;0.152992;0.688912;0.53608;0.152992;0.688912
438;Semak Belukar;2;2;11;S.02.2.011;Macaranga motleyana;4;1.27;12,661,265;0.902;0.098;Open;34.67;14.26;TRUE;FALSE;;0;;0.4113;FALSE;;-0.095;0;0.443;121.44;30.36;30.36;100;0.536;3,152,941,176;3,152,941,176;3,152,941,176;1;0.574;1,309;11.55;8.32;19.86;1,154,964;0.831952;1,986,342;1,154,964;0.831952;1,986,342
439;Semak Belukar;2;2;13;S.02.2.013;Swietenia macrophylla;6.25;1.99;31,086,785;0.902;0.098;Open;57.92;25.5;FALSE;FALSE;;0;;0.4403;TRUE;182;-0.056;0;0.443;112.64;28.16;28.16;100;0.509;2,994,117,647;2,994,117,647;2,994,117,647;0.754;0.309;1,096;8.74;3.55;12.29;0.874459;0.354738;1,228,888;0.874459;0.354738;1,228,888
440;Semak Belukar;2;2;14;S.02.2.014;Swietenia macrophylla;5.5;1.75;24,040,625;0.902;0.098;Open;31.81;14.04;TRUE;FALSE;;0;;0.4414;FALSE;;-0.05;0;0.443;111.28;27.82;27.82;100;0.296;1,741,176,471;1,741,176,471;1,741,176,471;2,015;0.648;1,939;23.85;5.41;29.25;2,384,738;0.5409;292,499;2,384,738;0.5409;292,499
441;Semak Belukar;2;2;15;S.02.2.015;Macaranga motleyana;3.5;1.11;0.9671985;0.902;0.098;Open;18.69;9.33;TRUE;TRUE;;0;;0.4992;FALSE;;-0.132;0;0.443;129.79;324,475;324,475;100;0.407;2,394,117,647;2,394,117,647;2,394,117,647;0.621;0.278;0.731;7.14;3.46;10.60;0.713888;0.345992;1,059,602;0.713888;0.345992;1,059,602
442;Semak Belukar;2;2;18;S.02.2.018;Durio zibethinus;5.5;1.75;24,040,625;0.902;0.098;Open;4.09;3.6;TRUE;TRUE;50,418;252.09;70.03;0.8802;FALSE;;0.007;0;0.443;98.42;24,605;24,605;98.42;0.161;9,470,588,235;9,470,588,235;9,470,588,235;0.187;0.09;1.04;2.13;1.19;3.32;0.21328;0.118584;0.331774;0.21328;0.118584;0.331774
443;Semak Belukar;2;2;20;S.02.2.020;Strobocalyx arborea;5;1.59;19,845,585;0.902;0.098;Open;5.12;3.24;TRUE;TRUE;38,582;192.91;59.54;0.6328;TRUE;129;-0.082;0;0.443;118.51;296,275;296,275;100;0.043;2,529,411,765;2,529,411,765;2,529,411,765;1,448;0.662;1,813;16.61;8.38;24.99;1,660,882;0.838316;2,498,536;1,660,882;0.838316;2,498,536
444;Semak Belukar;2;2;21;S.02.2.021;Macaranga motleyana;2;0.64;0.321536;0.902;0.098;Open;39.4;15.07;TRUE;TRUE;;0;;0.3825;TRUE;14;-0.164;0;0.443;137.01;342,525;342,525;100;0.151;8,882,352,941;8,882,352,941;8,882,352,941;2,734;1,552;3,335;30.55;22.75;53.28;3,054,692;2,274,568;5,327,708;3,054,692;2,274,568;5,327,708
445;Semak Belukar;2;2;22;S.02.2.022;Macaranga motleyana;3;0.95;0.7084625;0.902;0.098;Open;29.4;12.3;FALSE;TRUE;182.88;914.4;74.34;0.4184;FALSE;;;;0.443;100;25;25;100;;0;0;0;;;;0.00;0.00;0.00;0;0;0;0;0;0
446;Semak Belukar;2;2;23;S.02.2.023;Durio zibethinus;4.5;1.43;16,052,465;0.902;0.098;Open;5.7;2.09;TRUE;TRUE;30,116;150.58;72.05;0.3667;FALSE;;0.041;0;0.443;90.75;226,875;226,875;90.75;-0.011;-0.6470588235;-6,470,588,235;0;2,280;1,280;2,712;25.51;18.64;44.14;255,128;186,416;441,416;255,128;186,416;441,416
447;Semak Belukar;2;2;24;S.02.2.024;Strobocalyx arborea;4.5;1.43;16,052,465;0.902;0.098;Open;7.83;3.37;TRUE;TRUE;40,764;203.82;60.48;0.4304;FALSE;;-0.062;0;0.443;113.99;284,975;284,975;100;-0.066;-3,882,352,941;-3,882,352,941;0;1,326;0.738;1,556;14.85;10.69;25.54;1,485,498;1,069,452;2,554,212;1,485,498;1,069,452;2,554,212
448;Semak Belukar;2;3;1;S.02.3.001;Schima wallichii;50.5;16.07;2,027,222,465;0.902;0.098;Open;6.78;3.96;TRUE;TRUE;46,398;231.99;58.58;0.5841;TRUE;352;-0.038;0;0.443;108.58;27,145;27,145;100;0.158;9,294,117,647;9,294,117,647;9,294,117,647;1,324;0.572;1,824;15.28;6.90;22.17;1,527,612;0.690248;2,217,288;1,527,612;0.690248;2,217,288
449;Semak Belukar;2;3;4;S.02.3.004;Dacryodes sp.;35.5;11.3;10,023,665;0.902;0.098;Open;8.32;4;TRUE;TRUE;63,386;316.93;79.23;0.4808;TRUE;387;-0.037;0;0.443;108.35;270,875;270,875;100;0.059;3,470,588,235;3,470,588,235;3,470,588,235;2,090;1,592;3,493;22.26;26.68;48.92;2,226,052;266,756;489,202;2,226,052;266,756;489,202
450;Semak Belukar;2;3;5;S.02.3.005;Pterocarpus indicus;32;10.19;815,113,385;0.902;0.098;Open;15.62;5.21;TRUE;TRUE;;0;;0.3335;TRUE;117;;;0.443;100;25;25;100;;0;0;0;;;;0.00;0.00;0.00;0;0;0;0;0;0
451;Semak Belukar;2;3;6;S.02.3.006;Swietenia macrophylla;48.5;15.44;187,138,976;0.902;0.098;Open;12.68;5.21;TRUE;TRUE;88,756;443.78;85.18;0.4109;TRUE;264;-0.105;0;0.443;123.7;30,925;30,925;100;0.034;2;20;20;1,337;0.640;1,588;15.26;8.40;23.65;152,583;0.839884;2,365,074;152,583;0.839884;2,365,074
452;Semak Belukar;2;3;7;S.02.3.007;Macaranga motleyana;51.5;16.39;2,108,761,985;0.902;0.098;Open;58.09;28.27;TRUE;TRUE;;0;;0.4867;FALSE;;-0.146;0;0.443;132.95;332,375;332,375;100;0.371;2,182,352,941;2,182,352,941;2,182,352,941;1,380;0.695;2,441;15.66;9.46;25.11;1,565,645;0.94571;251,066;1,565,645;0.94571;251,066
453;Semak Belukar;2;3;8;S.02.3.008;Peronema canescens;27.5;8.75;601,015,625;0.902;0.098;Open;6.8;1.99;TRUE;TRUE;33.53;167.65;84.25;0.2926;FALSE;;-0.073;0;0.443;116.47;291,175;291,175;100;0.486;2,858,823,529;2,858,823,529;2,858,823,529;2,460;1,956;3,273;25.98;33.28;59.24;2,598,036;332,796;592,404;2,598,036;332,796;592,404
454;Semak Belukar;2;4;1;S.02.4.001;Schima wallichii;68.5;21.8;3,730,634;0.902;0.098;Open;4.39;3.75;TRUE;TRUE;33.97;169.85;45.29;0.8542;TRUE;369;-0.137;0;0.443;130.92;32.73;32.73;100;0.534;3,141,176,471;3,141,176,471;3,141,176,471;1,194;0.582;1,648;13.60;7.74;21.33;1,359,822;0.773988;2,133,228;1,359,822;0.773988;2,133,228
455;Semak Belukar;2;4;2;S.02.4.002;Vitex pinnata;68.5;21.8;3,730,634;0.902;0.098;Open;31.39;11.62;TRUE;TRUE;198,554;992.77;85.44;0.3702;TRUE;130;-0.161;0;0.443;136.34;34,085;34,085;100;0.61;3,588,235,294;3,588,235,294;3,588,235,294;1,347;0.872;2.08;14.76;13.66;28.42;1,476,122;1,366,484;2,841,734;1,476,122;1,366,484;2,841,734
456;Semak Belukar;2;4;3;S.02.4.003;Schima wallichii;64;20.37;3,257,254,665;0.902;0.098;Open;6.58;3.43;TRUE;TRUE;53.12;265.6;77.43;0.5213;TRUE;196;0.022;0;0.443;95.03;237,575;237,575;95.03;0.355;2,088,235,294;2,088,235,294;2,088,235,294;1,214;0.523;1,753;14.01;6.30;20.30;1,401,093;0.629518;2,030,088;1,401,093;0.629518;2,030,088
457;Semak Belukar;2;4;4;S.02.4.004;Peronema canescens;107;34.06;910,665,626;0.902;0.098;Open;30.33;12.73;TRUE;TRUE;;0;;0.4197;FALSE;;-0.09;0;0.443;120.31;300,775;300,775;100;0.2;1,176,470,588;1,176,470,588;1,176,470,588;1,948;1,486;2,697;20.74;24.91;45.64;2,074,226;2,491,276;4,564,016;2,074,226;2,491,276;4,564,016
458;Semak Belukar;3;1;16;S.03.1.016;Acacia mangium;;0.43;0.1451465;0.887;0.113;Open;8.31;2.21;TRUE;TRUE;39,734;198.67;89.90;0.2659;TRUE;106;-0.079;0;0.443;117.83;294,575;294,575;100;0.16;9,411,764,706;9,411,764,706;9,411,764,706;11,775;0.829;2,516;12.72;13.47;26.19;1,272,424;134,734;2,618,935;1,272,424;134,734;2,618,935
459;Semak Belukar;3;1;19;S.03.1.019;Macaranga motleyana;;0.64;0.321536;0.887;0.113;Open;16;5.17;TRUE;TRUE;159.6;798;154.35;0.3231;TRUE;57;;;0.443;100;25;25;100;0.011;0.6470588235;6,470,588,235;6,470,588,235;1.74;0.971;2,437;19.49;14.09;33.57;1,948,601;140,927;33,569;1,948,601;140,927;33,569
460;Semak Belukar;3;1;20;S.03.1.020;Schima wallichii;;0.44;0.151976;0.887;0.113;Open;7.7;2.71;TRUE;TRUE;35,518;177.59;65.53;0.3519;TRUE;145;-0.086;0;0.443;119.41;298,525;298,525;100;0.038;2,235,294,118;2,235,294,118;2,235,294,118;0.853;0.279;0.724;10.08;2.40;12.48;1,008,259;0.239706;1,247,686;1,008,259;0.239706;1,247,686
461;Semak Belukar;3;1;28;S.03.1.028;Ficus grossularioides;;0.78;0.477594;0.887;0.113;Open;41.21;8.83;TRUE;TRUE;209,454;1047.27;118.60;0.2143;FALSE;;0.03;0;0.443;93.23;233,075;233,075;93.23;0.068;4;40;40;1,219;0.609;1,705;13.84;8.24;22.08;1,384,309;0.824118;2,207,818;1,384,309;0.824118;2,207,818
462;Semak Belukar;3;1;29;S.03.1.029;Acacia mangium;;0.54;0.228906;0.887;0.113;Open;13.28;3.33;TRUE;TRUE;65,172;325.86;97.86;0.2508;TRUE;66;-0.032;0;0.443;107.22;26,805;26,805;100;0.331;1,947,058,824;1,947,058,824;1,947,058,824;1,395;0.612;2,014;16.07;7.49;23.55;1,607,022;0.74862;235,503;1,607,022;0.74862;235,503
463;Semak Belukar;3;1;31;S.03.1.031;Peronema canescens;;1.39;15,166,985;0.887;0.113;Open;7.84;3.1;TRUE;TRUE;47.04;235.2;75.87;0.3954;TRUE;174;-0.002;0;0.443;100.45;251,125;251,125;100;0.081;4,764,705,882;4,764,705,882;4,764,705,882;0.703;0.29;0.78;8.15;3.35;11.50;0.8148;0.335096;1,149,606;0.8148;0.335096;1,149,606
464;Semak Belukar;3;1;32;S.03.1.032;Sapindaceae;;1.51;17,898,785;0.887;0.113;Open;44.49;18.8;TRUE;TRUE;;0;;0.4226;TRUE;226;-0.088;0;0.443;119.86;29,965;29,965;100;-0.013;-0.7647058824;-7,647,058,824;0;0.688;0.328;1,008;7.86;4.29;12.14;0.785528;0.429136;1,214,336;0.785528;0.429136;1,214,336
465;Semak Belukar;3;1;34;S.03.1.034;Ficus grossularioides;;0.75;0.4415625;0.887;0.113;Open;16.77;5.92;TRUE;TRUE;;0;;0.3530;TRUE;50;-0.04;0;0.443;109.03;272,575;272,575;100;0.018;1,058,823,529;1,058,823,529;1,058,823,529;;;;0.00;0.00;0.00;0;0;0;0;0;0
466;Semak Belukar;3;1;39;S.03.1.039;Macaranga motleyana;;0.67;0.3523865;0.887;0.113;Open;21.2;8.56;TRUE;TRUE;;0;;0.4038;TRUE;46;-0.04;0;0.443;109.03;272,575;272,575;100;0.038;2,235,294,118;2,235,294,118;2,235,294,118;2,604;1,444;3,292;29.19;20.88;50.05;2,918,644;2,088,088;5,005,288;2,918,644;2,088,088;5,005,288
467;Semak Belukar;3;1;45;S.03.1.045;Fordia splendidissima;;0.66;0.341946;0.887;0.113;Open;18.91;9.04;TRUE;TRUE;;0;;0.4781;TRUE;73;0.018;0;0.443;95.94;23,985;23,985;95.94;0.04;2,352,941,176;2,352,941,176;2,352,941,176;1,129;0.44;1,237;13.15;4.79;17.94;131,547;0.479228;1,794,258;131,547;0.479228;1,794,258
468;Semak Belukar;3;1;47;S.03.1.047;Meliaceae;;0.63;0.3115665;0.887;0.113;Open;7.29;2.85;TRUE;TRUE;;0;;0.3909;TRUE;16;-0.112;0;0.443;125.28;31.32;31.32;100;0.258;1,517,647,059;1,517,647,059;1,517,647,059;1.43;0.497;1,921;16.82;4.69;21.51;1,682,407;0.46889;21,508;1,682,407;0.46889;21,508
469;Semak Belukar;3;1;48;S.03.1.048;Eusideroxylon zwageri;;0.56;0.246176;0.887;0.113;Open;3.53;1.63;TRUE;TRUE;;0;;0.4618;FALSE;;-0.138;0;0.443;131.14;32,785;32,785;100;-0.069;-4,058,823,529;-4,058,823,529;0;0.318;0.208;1,037;3.48;3.27;6.75;0.347908;0.327496;0.675196;0.347908;0.327496;0.675196
470;Semak Belukar;3;2;3;S.03.2.003;Durio zibethinus;;0.71;0.3957185;0.887;0.113;Open;6.03;2.1;TRUE;TRUE;38,622;193.11;91.96;0.3483;FALSE;;0.012;0;0.443;97.29;243,225;243,225;97.29;0.407;2,394,117,647;2,394,117,647;2,394,117,647;1,016;0.543;1,627;11.44;7.68;19.12;1,144,253;0.767982;1,911,692;1,144,253;0.767982;1,911,692
471;Semak Belukar;3;2;4;S.03.2.004;Macaranga trichocarpa;;2.79;61,105,185;0.887;0.113;Open;7.77;2.86;TRUE;TRUE;;0;;0.3681;FALSE;;-0.068;0;0.443;115.35;288,375;288,375;100;0.159;9,352,941,176;9,352,941,176;9,352,941,176;0.833;0.5;1,057;9.23;7.55;16.78;0.92341;0.755156;1,678,066;0.92341;0.755156;1,678,066
472;Semak Belukar;3;2;5;S.03.2.005;Mallotus paniculatus;;0.78;0.477594;0.887;0.113;Open;6.83;2.91;TRUE;TRUE;;0;;0.4261;FALSE;;-0.037;0;0.443;108.35;270,875;270,875;100;0.405;2,382,352,941;2,382,352,941;2,382,352,941;0.471;0.237;0.609;5.34;3.22;8.56;0.534417;0.322302;0.856482;0.534417;0.322302;0.856482
473;Semak Belukar;3;2;6;S.03.2.006;Strobocalyx arborea;;2.54;5,064,506;0.887;0.113;Open;7.57;3.23;TRUE;TRUE;35,454;177.27;54.88;0.4267;TRUE;29;-0.025;0;0.443;105.64;26.41;26.41;100;-0.046;-2,705,882,353;-2,705,882,353;0;0.703;0.29;0.78;8.15;3.35;11.50;0.8148;0.335096;1,149,606;0.8148;0.335096;1,149,606
474;Semak Belukar;3;2;7;S.03.2.007;Durio dulcis;;2.7;572,265;0.887;0.113;Open;6.63;2.33;TRUE;TRUE;;0;;0.3514;FALSE;;-0.025;0;0.443;105.64;26.41;26.41;100;0.004;0.2352941176;2,352,941,176;2,352,941,176;0.754;0.309;1,096;8.74;3.55;12.29;0.874459;0.354738;1,228,888;0.874459;0.354738;1,228,888
475;Semak Belukar;3;2;8;S.03.2.008;Elaeocarpus stipularis;;1.68;2,215,584;0.887;0.113;Open;27.68;11.1;TRUE;TRUE;126,528;632.64;56.99;0.4010;TRUE;258;-0.067;0;0.443;115.12;28.78;28.78;100;0.069;4,058,823,529;4,058,823,529;4,058,823,529;0.494;0.207;0.703;5.72;2.43;8.14;0.571697;0.242838;0.814328;0.571697;0.242838;0.814328
476;Semak Belukar;3;2;9;S.03.2.009;Macaranga trichocarpa;;0.87;0.5941665;0.887;0.113;Open;8.75;3.38;TRUE;TRUE;77,084;385.42;114.03;0.3863;FALSE;;-0.025;0;0.443;105.64;26.41;26.41;100;-0.028;-1,647,058,824;-1,647,058,824;0;0.934;0.44;1;10.68;5.70;16.38;106,782;0.570488;1,637,868;106,782;0.570488;1,637,868
477;Semak Belukar;3;2;10;S.03.2.010;Strobocalyx arborea;;1.28;1,286,144;0.887;0.113;Open;9.67;4.07;TRUE;TRUE;;0;;0.4209;FALSE;;-0.063;0;0.443;114.22;28,555;28,555;100;0.095;5,588,235,294;5,588,235,294;5,588,235,294;;;;0.00;0.00;0.00;0;0;0;0;0;0
478;Semak Belukar;3;2;11;S.03.2.011;Mallotus paniculatus;;2.18;3,730,634;0.887;0.113;Open;13.83;4.5;TRUE;TRUE;;0;;0.3254;FALSE;;0;;0.443;100;25;25;100;0.242;1,423,529,412;1,423,529,412;1,423,529,412;0.203;0.071;0.64;2.39;0.68;3.06;0.238711;0.067586;0.306226;0.238711;0.067586;0.306226
479;Semak Belukar;3;2;12;S.03.2.012;Acacia mangium;;1.95;29,849,625;0.887;0.113;Open;25.57;7.32;TRUE;TRUE;;0;;0.2863;TRUE;90;-0.132;0;0.443;129.79;324,475;324,475;100;0.537;3,158,823,529;3,158,823,529;3,158,823,529;1,915;0.967;3,224;21.72;13.18;34.89;2,171,927;131,821;348,917;2,171,927;131,821;348,917
480;Semak Belukar;3;2;13;S.03.2.013;Strobocalyx arborea;;0.93;0.6789465;0.887;0.113;Open;33.94;15.7;TRUE;TRUE;;0;;0.4626;TRUE;175;-0.089;0;0.443;120.09;300,225;300,225;100;-0.003;-0.1764705882;-1,764,705,882;0;;;;0.00;0.00;0.00;0;0;0;0;0;0
481;Semak Belukar;3;2;15;S.03.2.015;Macaranga trichocarpa;;0.72;0.406944;0.887;0.113;Open;15.05;4.79;TRUE;TRUE;;0;;0.3183;FALSE;;0.011;0;0.443;97.52;24.38;24.38;97.52;0.217;1,276,470,588;1,276,470,588;1,276,470,588;0.067;0.018;0.408;0.80;0.10;0.90;0.080248;0.009864;0.090094;0.080248;0.009864;0.090094
482;Semak Belukar;3;2;16;S.03.2.016;Mallotus paniculatus;;1.99;31,086,785;0.887;0.113;Open;12.01;4.24;TRUE;TRUE;;0;;0.3530;FALSE;;-0.103;0;0.443;123.25;308,125;308,125;100;0.031;1,823,529,412;1,823,529,412;1,823,529,412;0.047;0.005;0.41;0.58;-0.11;0.48;0.058345;-0.010546;0.047794;0.058345;0;0.047794
483;Semak Belukar;3;2;17;S.03.2.017;Trema orientale;;3.25;82,915,625;0.887;0.113;Open;19.15;5.2;TRUE;TRUE;95.8;479;92.12;0.2715;TRUE;101;-0.11;0;0.443;124.83;312,075;312,075;100;0.533;3,135,294,118;3,135,294,118;3,135,294,118;1,979;0.912;2,784;22.68;11.62;34.29;2,268,002;1,162,308;3,429,398;2,268,002;1,162,308;3,429,398
484;Semak Belukar;3;2;18;S.03.2.018;Mallotus paniculatus;;1.76;2,431,616;0.887;0.113;Open;13.07;5.09;TRUE;TRUE;183,006;915.03;179.77;0.3894;FALSE;;0.023;0;0.443;94.81;237,025;237,025;94.81;0.271;1,594,117,647;1,594,117,647;1,594,117,647;0.187;0.09;1.04;2.13;1.19;3.32;0.21328;0.118584;0.331774;0.21328;0.118584;0.331774
485;Semak Belukar;3;2;19;S.03.2.019;Trema orientale;;2.28;4,080,744;0.887;0.113;Open;3.65;1.38;TRUE;TRUE;37.55;187.75;136.05;0.3781;FALSE;;-0.119;0;0.443;126.86;31,715;31,715;100;0.05;2,941,176,471;2,941,176,471;2,941,176,471;0.367;0.139;0.924;4.29;1.47;5.75;0.428699;0.146554;0.575114;0.428699;0.146554;0.575114
486;Semak Belukar;3;2;22;S.03.2.022;Nephelium lappaceum;;3.13;76,905,665;0.887;0.113;Open;69.32;34.13;TRUE;TRUE;;0;;0.4924;FALSE;;-0.045;0;0.443;110.16;27.54;27.54;100;-0.105;-6,176,470,588;-6,176,470,588;0;2.45;1,303;3,141;27.61;18.37;45.97;2,760,993;183,727;459,696;2,760,993;183,727;459,696
487;Semak Belukar;3;2;23;S.03.2.023;Prasoxylon excelsum;;1.14;1,020,186;0.887;0.113;Open;31.85;16.76;TRUE;TRUE;;0;;0.5262;TRUE;97;-0.043;0;0.443;109.7;27,425;27,425;100;0.063;3,705,882,353;3,705,882,353;3,705,882,353;0.084;0.158;0.246;0.64;3.23;3.87;0.064178;0.322508;0.386528;0.064178;0.322508;0.386528
488;Semak Belukar;3;2;24;S.03.2.024;Lauraceae;;1.56;1,910,376;0.887;0.113;Open;13.51;5.41;TRUE;TRUE;70,688;353.44;65.33;0.4004;FALSE;;-0.069;0;0.443;115.57;288,925;288,925;100;0.164;9,647,058,824;9,647,058,824;9,647,058,824;;;;0.00;0.00;0.00;0;0;0;0;0;0
489;Semak Belukar;3;2;25;S.03.2.025;Strobocalyx arborea;;2.33;42,616,865;0.887;0.113;Open;31.54;8.02;TRUE;TRUE;142,748;713.74;89.00;0.2543;TRUE;186;-0.069;0;0.443;115.57;288,925;288,925;100;-0.124;-7,294,117,647;-7,294,117,647;0;1,031;0.493;1,644;11.77;6.46;18.23;1,176,753;0.646462;1,822,722;1,176,753;0.646462;1,822,722
490;Semak Belukar;3;3;1;S.03.3.001;#N/A;#N/A;#N/A;#N/A;0.887;0.113;Open;5.08;2.23;TRUE;TRUE;28,308;141.54;63.47;0.4390;TRUE;201;-0.069;0;0.443;115.57;288,925;288,925;100;-0.003;-0.1764705882;-1,764,705,882;0;0.586;0.401;0.746;6.36;6.44;12.80;0.636351;0.644042;1,279,992;0.636351;0.644042;1,279,992
491;Semak Belukar;3;3;2;S.03.3.002;Schima wallichii;;10.05;792,869,625;0.887;0.113;Open;9.07;4.54;TRUE;TRUE;54,826;274.13;60.38;0.5006;TRUE;103;-0.013;0;0.443;102.93;257,325;257,325;100;0.048;2,823,529,412;2,823,529,412;2,823,529,412;2,015;0.648;1,939;23.85;5.41;29.25;2,384,738;0.5409;292,499;2,384,738;0.5409;292,499
492;Semak Belukar;4;2;1;S.04.2.001;Acacia mangium;17;5.41;229,754,585;0.922;0.078;Open;19.83;6.45;TRUE;TRUE;;0;;0.3253;TRUE;218;-0.13;0;0.443;129.34;32,335;32,335;100;0.129;7,588,235,294;7,588,235,294;7,588,235,294;0.693;0.359;1,798;7.84;4.98;12.81;0.783539;0.497786;1,280,966;0.783539;0.497786;1,280,966
493;Semak Belukar;4;2;4;S.04.2.004;Acacia mangium;17;5.41;229,754,585;0.922;0.078;Open;12.99;3.93;TRUE;TRUE;;0;;0.3025;TRUE;99;0.09;0;0.443;79.69;199,225;199,225;79.69;0.09;5,294,117,647;5,294,117,647;5,294,117,647;1,246;0.685;1,903;13.98;9.86;23.83;1,398,155;0.985522;2,382,992;1,398,155;0.985522;2,382,992
494;Semak Belukar;4;2;5;S.04.2.005;Schima wallichii;14.5;4.62;16,755,354;0.922;0.078;Open;7.88;3.29;TRUE;TRUE;;0;;0.4175;TRUE;199;-0.016;0;0.443;103.61;259,025;259,025;100;0.116;6,823,529,412;6,823,529,412;6,823,529,412;2,112;1,024;2,951;24.07;13.57;37.62;2,406,784;1,356,544;3,762,304;2,406,784;1,356,544;3,762,304
495;Semak Belukar;4;2;7;S.04.2.007;Acacia mangium;12;3.82;11,455,034;0.922;0.078;Open;16.36;5.44;TRUE;TRUE;;0;;0.3325;TRUE;188;0.072;0;0.443;83.75;209,375;209,375;83.75;0.181;1,064,705,882;1,064,705,882;1,064,705,882;0.856;0.52;1,732;9.47;7.90;17.37;0.94724;0.790192;1,736,912;0.94724;0.790192;1,736,912
496;Semak Belukar;4;2;8;S.04.2.008;Acacia mangium;22.5;7.16;40,243,496;0.922;0.078;Open;15.93;6.29;TRUE;TRUE;;0;;0.3949;TRUE;117;0.062;0;0.443;86.01;215,025;215,025;86.01;0.186;1,094,117,647;1,094,117,647;1,094,117,647;1,746;0.741;2,554;20.18;8.80;28.97;2,018,091;0.879762;2,897,112;2,018,091;0.879762;2,897,112
497;Semak Belukar;4;2;9;S.04.2.009;Acacia mangium;25.5;8.12;51,758,504;0.922;0.078;Open;10.49;3.35;TRUE;TRUE;;0;;0.3194;TRUE;150;-0.086;0;0.443;119.41;298,525;298,525;100;0.028;1,647,058,824;1,647,058,824;1,647,058,824;1,721;0.815;2,301;19.66;10.61;30.27;1,966,435;1,060,922;3,026,542;1,966,435;1,060,922;3,026,542
498;Semak Belukar;4;2;12;S.04.2.012;Acacia mangium;7;2.23;39,037,265;0.922;0.078;Open;17.11;5.27;TRUE;TRUE;87.71;438.55;83.22;0.3080;TRUE;198;-0.027;0;0.443;106.09;265,225;265,225;100;0.073;4,294,117,647;4,294,117,647;4,294,117,647;1.87;0.887;2,867;21.36;11.56;32.91;2,136,297;115,607;329,148;2,136,297;115,607;329,148
499;Semak Belukar;4;2;13;S.04.2.013;Strobocalyx arborea;12.5;3.98;12,434,714;0.922;0.078;Open;33.52;8.63;TRUE;TRUE;150,978;754.89;87.47;0.2575;TRUE;116;-0.067;0;0.443;115.12;28.78;28.78;100;0.157;9,235,294,118;9,235,294,118;9,235,294,118;0.914;0.646;1,884;9.87;10.52;20.38;0.987006;1,051,588;2,037,948;0.987006;1,051,588;2,037,948
500;Semak Belukar;4;2;14;S.04.2.014;Ficus grossularioides;3;0.95;0.7084625;0.922;0.078;Open;38.3;11.09;TRUE;TRUE;273,676;1368.38;123.39;0.2896;FALSE;;0.088;0;0.443;80.14;20,035;20,035;80.14;;0;0;0;0.903;0.56;1,665;9.96;8.60;18.55;0.99617;0.859796;1,855,406;0.99617;0.859796;1,855,406
501;Semak Belukar;4;2;15;S.04.2.015;Macaranga motleyana;4.5;1.43;16,052,465;0.922;0.078;Open;37.26;16.59;TRUE;TRUE;;0;;0.4452;TRUE;109;0.062;0;0.443;86.01;215,025;215,025;86.01;0.102;6;60;60;2,192;1,388;3,264;24.10;21.53;45.62;2,410,468;2,152,664;4,561,744;2,410,468;2,152,664;4,561,744
502;Semak Belukar;4;2;16;S.04.2.016;Macaranga motleyana;3;0.95;0.7084625;0.922;0.078;Open;32.2;12.58;TRUE;TRUE;440.8;2204;175.20;0.3907;TRUE;73;-0.054;0;0.443;112.19;280,475;280,475;100;0.103;6,058,823,529;6,058,823,529;6,058,823,529;2,458;1,442;3,382;27.34;21.52;48.84;2,733,762;2,151,836;4,884,156;2,733,762;2,151,836;4,884,156
503;Semak Belukar;4;2;17;S.04.2.017;Ficus grossularioides;5.5;1.75;24,040,625;0.922;0.078;Open;56.69;16.04;TRUE;TRUE;2,866,375;1146.55;71.48;0.2829;FALSE;;0.219;0;0.443;50.58;12,645;12,645;50.58;0.233;1,370,588,235;1,370,588,235;1,370,588,235;0.817;0.65;1,468;8.63;11.06;19.68;0.86274;1,106,144;1,968,234;0.86274;1,106,144;1,968,234
504;Semak Belukar;4;2;18;S.04.2.018;Strobocalyx arborea;5.5;1.75;24,040,625;0.922;0.078;Open;36.43;8.58;TRUE;TRUE;172.63;863.15;100.60;0.2355;TRUE;152;-0.06;0;0.443;113.54;28,385;28,385;100;0.087;5,117,647,059;5,117,647,059;5,117,647,059;0.567;0.385;0.765;6.17;6.16;12.32;0.616525;0.616294;1,232,434;0.616525;0.616294;1,232,434
505;Semak Belukar;4;2;19;S.04.2.019;;5.5;1.75;24,040,625;0.922;0.078;Open;9.66;4.77;TRUE;TRUE;;0;;0.4938;TRUE;259;0.063;0;0.443;85.78;21,445;21,445;85.78;0.024;1,411,764,706;1,411,764,706;1,411,764,706;0.063;-0.004;0.122;0.81;-0.39;0.42;0.081086;-0.038644;0.042446;0.081086;0;0.042446
506;Semak Belukar;4;2;20;S.04.2.020;;15;4.77;178,610,265;0.922;0.078;Open;16.82;9.15;TRUE;TRUE;83.31;416.55;45.52;0.5440;FALSE;;;;0.443;100;25;25;100;;0;0;0;;;;0.00;0.00;0.00;0;0;0;0;0;0
507;Semak Belukar;4;3;2;S.04.3.002;Macarana gigantea;49.5;15.76;194,976,416;0.922;0.078;Open;135.31;55.45;TRUE;TRUE;2119.15;4238.3;76.43;0.4098;FALSE;;;;0.443;100;25;25;100;;0;0;0;;;;0.00;0.00;0.00;0;0;0;0;0;0
508;Semak Belukar;4;4;1;S.04.4.001;Falcataria falcata;71.25;22.68;403,790,184;0.922;0.078;Open;15.43;5.76;FALSE;TRUE;;0;;0.3733;TRUE;169;;;0.443;100;25;25;100;0.043;2,529,411,765;2,529,411,765;2,529,411,765;;;;0.00;0.00;0.00;0;0;0;0;0;0
509;Semak Belukar;4;4;2;S.04.4.002;Schima wallichii;101;32.15;8,113,936,625;0.922;0.078;Open;7.32;3.79;TRUE;TRUE;42.28;211.4;55.78;0.5178;TRUE;212;0.077;0;0.443;82.62;20,655;20,655;82.62;0.196;1,152,941,176;1,152,941,176;1,152,941,176;1,368;0.574;1,912;15.83;6.74;22.57;1,582,954;0.674236;2,256,616;1,582,954;0.674236;2,256,616
510;Semak Belukar;4;4;3;S.04.4.003;Schima wallichii;111;35.33;9,798,439,865;0.922;0.078;Open;6.18;3;TRUE;TRUE;59,156;295.78;98.59;0.4854;TRUE;417;-0.11;0;0.443;124.83;312,075;312,075;100;0.128;7,529,411,765;7,529,411,765;7,529,411,765;1,625;0.675;2,311;18.82;7.85;26.67;1,882,175;0.78525;266,675;1,882,175;0.78525;266,675
511;Semak Belukar;5;2;1;S.05.2.001;Pternandra coerulescens;35.5;11.3;10,023,665;0.746;0.254;Open;9.78;3.27;TRUE;TRUE;39,404;197.02;60.25;0.3344;TRUE;135;-0.022;0;0.443;104.97;262,425;262,425;100;0.072;4,235,294,118;4,235,294,118;4,235,294,118;0.170;0.069;0.295;1.97;0.78;2.76;0.197339;0.07845;0.27572;0.197339;0.07845;0.27572
512;Semak Belukar;5;2;2;S.05.2.002;Aquilaria malaccensis;12.5;3.98;12,434,714;0.746;0.254;Open;3.96;1.48;TRUE;TRUE;28,162;140.81;95.14;0.3737;TRUE;113;-0.075;0;0.443;116.93;292,325;292,325;100;-0.01;-0.5882352941;-5,882,352,941;0;0.387;0.126;0.766;4.58;1.07;5.65;0.457596;0.107424;0.564894;0.457596;0.107424;0.564894
513;Semak Belukar;5;2;3;S.05.2.003;Acacia mangium;7.5;2.39;44,839,985;0.746;0.254;Open;14.87;6.03;TRUE;TRUE;58,722;293.61;48.69;0.4055;TRUE;67;-0.101;0;0.443;122.79;306,975;306,975;100;0.034;2;20;20;0.476;0.245;1,426;5.39;3.38;8.77;0.538615;0.338282;0.876652;0.538615;0.338282;0.876652
514;Semak Belukar;5;3;2;S.05.3.002;Schima wallichii;114.5;36.45;1,042,952,963;0.746;0.254;Open;5.04;2.62;TRUE;TRUE;31,604;158.02;60.31;0.5198;TRUE;183;-0.179;0;0.443;140.4;35.1;35.1;100;-0.078;-4,588,235,294;-4,588,235,294;0;1,304;0.448;1,913;15.36;4.16;19.51;1,535,568;0.415648;1,950,768;1,535,568;0.415648;1,950,768
515;Semak Belukar;5;3;3;S.05.3.003;Schima wallichii;36;11.46;103,095,306;0.746;0.254;Open;7.81;4.24;TRUE;TRUE;41.17;205.85;48.55;0.5429;TRUE;142;-0.149;0;0.443;133.63;334,075;334,075;100;0.029;1,705,882,353;1,705,882,353;1,705,882,353;0.637;0.206;1,007;7.54;1.74;9.27;0.753576;0.173624;0.926994;0.753576;0.173624;0.926994
516;Semak Belukar;5;4;1;S.05.4.001;Schima wallichii;140;44.56;1,558,690,976;0.746;0.254;Open;9.44;4.2;TRUE;TRUE;49,566;247.83;59.01;0.4449;TRUE;155;-0.102;0;0.443;123.02;30,755;30,755;100;-0.035;-2,058,823,529;-2,058,823,529;0;0.645;0.199;0.958;7.66;1.54;9.19;0.765619;0.15385;0.91927;0.765619;0.15385;0.91927
517;Semak Belukar;5;4;2;S.05.4.002;Schima wallichii;77.5;24.67;4,777,579,865;0.746;0.254;Open;6.14;2.61;TRUE;TRUE;35,004;175.02;67.06;0.4251;TRUE;188;-0.001;0;0.443;100.23;250,575;250,575;100;0.03;1,764,705,882;1,764,705,882;1,764,705,882;0.538;0.216;0.766;6.25;2.43;8.68;0.625156;0.242856;0.867796;0.625156;0.242856;0.867796
518;Semak Belukar;6;2;1;S.06.2.001;Trema orientale;;2.24;3,938,816;0.809;0.191;Open;2.66;1.12;TRUE;TRUE;24,392;121.96;108.89;0.4211;FALSE;;0.144;17;0.437;67.05;167,625;167,625;67.05;0.101;5,941,176,471;5,941,176,471;5,941,176,471;1,105;0.446;1,908;12.83;5.04;17.87;1,283,376;0.5042;178,713;1,283,376;0.5042;178,713
519;Semak Belukar;6;2;2;S.06.2.002;Trema orientale;;1.66;2,163,146;0.809;0.191;Open;2.47;1;TRUE;TRUE;25,254;126.27;126.27;0.4049;FALSE;;0.059;18;0.437;86.5;21,625;21,625;86.5;0.138;8,117,647,059;8,117,647,059;8,117,647,059;0.499;0.168;1,022;5.89;1.51;7.40;0.588538;0.151188;0.739558;0.588538;0.151188;0.739558
520;Semak Belukar;6;2;3;S.06.2.003;Trema orientale;;4.43;154,055,465;0.809;0.191;Open;2.02;0.84;TRUE;TRUE;24.6;123;146.43;0.4158;FALSE;;0.324;20;0.501;35.33;88,325;88,325;35.33;0.057;3,352,941,176;3,352,941,176;3,352,941,176;0.652;0.225;0.979;7.68;2.10;9.77;0.767515;0.210114;0.977404;0.767515;0.210114;0.977404
521;Semak Belukar;6;2;4;S.06.2.004;Trema orientale;;3.43;92,354,465;0.809;0.191;Open;7.17;3.01;TRUE;TRUE;28,914;144.57;48.03;0.4198;FALSE;;0.044;21;0.501;91.22;22,805;22,805;91.22;0.008;0.4705882353;4,705,882,353;4,705,882,353;1,228;0.531;1,759;14.17;6.41;20.57;1,416,721;0.641286;2,057,476;1,416,721;0.641286;2,057,476
522;Semak Belukar;6;2;5;S.06.2.005;Macaranga trichocarpa;;0.58;0.264074;0.809;0.191;Open;9.75;3.71;TRUE;TRUE;136,166;680.83;183.51;0.3805;FALSE;;0.104;20;0.501;79.24;19.81;19.81;79.24;-0.065;-3,823,529,412;-3,823,529,412;0;2,291;1,092;3,183;26.16;14.28;40.43;2,615,822;1,428,492;4,043,222;2,615,822;1,428,492;4,043,222
523;Semak Belukar;6;2;6;S.06.2.006;Macaranga trichocarpa;;0.76;0.453416;0.809;0.191;Open;7.26;2.72;FALSE;TRUE;97,832;489.16;179.84;0.3747;FALSE;;;;0.443;100;25;25;100;;0;0;0;;;;0.00;0.00;0.00;0;0;0;0;0;0
524;Semak Belukar;6;2;7;S.06.2.007;Trema orientale;;1.24;1,207,016;0.809;0.191;Open;2.48;1.01;TRUE;TRUE;30,266;151.33;149.83;0.4073;FALSE;;0.238;21;0.501;52.5;13,125;13,125;52.5;0.007;0.4117647059;4,117,647,059;4,117,647,059;1.33;0.492;1,792;15.57;5.04;20.61;1,556,752;0.50424;20,605;1,556,752;0.50424;20,605
525;Semak Belukar;6;2;8;S.06.2.008;Trema orientale;;2.81;61,984,385;0.809;0.191;Open;3.99;1.71;TRUE;TRUE;43,108;215.54;126.05;0.4286;FALSE;;0.111;18;0.437;74.6;18.65;18.65;74.6;0.048;2,823,529,412;2,823,529,412;2,823,529,412;1,604;0.626;2,519;18.69;6.83;25.51;1,868,686;0.682868;2,550,928;1,868,686;0.682868;2,550,928
526;Semak Belukar;6;2;9;S.06.2.009;Macaranga trichocarpa;;1.31;13,471,385;0.809;0.191;Open;7.08;3.02;FALSE;TRUE;89.32;446.6;147.88;0.4266;FALSE;;0.059;17;0.437;86.5;21,625;21,625;86.5;0.108;6,352,941,176;6,352,941,176;6,352,941,176;2,434;0.807;2,489;28.74;7.09;35.82;2,874,097;0.708918;3,582,208;2,874,097;0.708918;3,582,208
527;Semak Belukar;6;2;10;S.06.2.010;Macaranga trichocarpa;;0.61;0.2920985;0.809;0.191;Open;7.96;2.99;TRUE;TRUE;110,532;552.66;184.84;0.3756;FALSE;;-0.007;0;0.443;101.58;25,395;25,395;100;;0;0;0;2,494;1,175;3,098;28.51;15.24;43.74;2,851,305;1,523,558;4,373,688;2,851,305;1,523,558;4,373,688
528;Semak Belukar;6;2;11;S.06.2.011;Trema orientale;;3.26;8,342,666;0.809;0.191;Open;2.71;1.91;TRUE;TRUE;26,802;134.01;70.16;0.7048;FALSE;;0.013;0;0.443;97.07;242,675;242,675;97.07;0.028;1,647,058,824;1,647,058,824;1,647,058,824;1,648;0.621;2,332;19.26;6.51;25.76;1,925,911;0.650826;2,576,116;1,925,911;0.650826;2,576,116
529;Semak Belukar;6;2;12;S.06.2.012;Trema orientale;;3.1;754,385;0.809;0.191;Open;1.85;0.84;TRUE;TRUE;21.38;106.9;127.26;0.4541;FALSE;;0.164;20;0.501;67.27;168,175;168,175;67.27;0.065;3,823,529,412;3,823,529,412;3,823,529,412;1,685;0.634;2.46;19.69;6.63;26.32;1,969,404;0.66328;263,205;1,969,404;0.66328;263,205
530;Semak Belukar;6;2;13;S.06.2.013;Trema orientale;;2.16;3,662,496;0.809;0.191;Open;3.62;1.86;TRUE;TRUE;36,234;181.17;97.40;0.5138;FALSE;;-0.102;0;0.443;123.02;30,755;30,755;100;0.147;8,647,058,824;8,647,058,824;8,647,058,824;1,981;0.771;2,951;23.08;8.38;31.46;2,308,471;0.838482;3,146,182;2,308,471;0.838482;3,146,182
531;Semak Belukar;6;2;14;S.06.2.014;Macaranga trichocarpa;;0.76;0.453416;0.809;0.191;Open;;3.73;TRUE;TRUE;115,672;578.36;155.06;#DIV/0!;FALSE;;0.056;19;0.515;89.13;222,825;222,825;89.13;0;0;0;0;2,164;0.643;2,412;25.75;4.60;30.34;2,575,313;0.459718;3,034,388;2,575,313;0.459718;3,034,388
532;Semak Belukar;6;2;15;S.06.2.015;Ficus fistulosa;;1.08;0.915624;0.809;0.191;Open;10.22;3.24;TRUE;TRUE;96,862;484.31;149.48;0.3170;TRUE;134;0.029;17;0.437;93.36;23.34;23.34;93.36;0.171;1,005,882,353;1,005,882,353;1,005,882,353;1,163;0.627;1,921;13.08;8.92;21.99;1,308,347;0.891546;2,199,266;1,308,347;0.891546;2,199,266
533;Semak Belukar;6;2;16;S.06.2.016;Piper aduncum;;0.94;0.693626;0.809;0.191;Open;7.39;2.38;TRUE;TRUE;88.43;442.15;185.78;0.3221;FALSE;;0.058;21;0.501;88.42;22,105;22,105;88.42;-0.052;-3,058,823,529;-3,058,823,529;0;2,625;1,216;3,048;30.07;15.56;45.62;3,006,646;155,614;456,157;3,006,646;155,614;456,157
534;Semak Belukar;6;2;17;S.06.2.017;Trema orientale;;1.87;27,450,665;0.809;0.191;Open;3.57;2.15;TRUE;TRUE;39,938;199.69;92.88;0.6022;FALSE;;0.063;19;0.515;87.77;219,425;219,425;87.77;-0.064;-3,764,705,882;-3,764,705,882;0;1,363;0.568;2,153;15.78;6.63;22.40;1,578,218;0.662836;2,240,486;1,578,218;0.662836;2,240,486
535;Semak Belukar;6;2;18;S.06.2.018;Mallotus paniculatus;;1.2;11,304;0.809;0.191;Open;7.06;2.56;TRUE;TRUE;68.12;340.6;133.05;0.3626;FALSE;;0.111;17;0.437;74.6;18.65;18.65;74.6;-0.016;-0.9411764706;-9,411,764,706;0;0.271;0.027;0.481;3.37;-0.65;2.72;0.336907;-0.064998;0.271882;0.336907;0;0.271882
536;Semak Belukar;6;2;19;S.06.2.019;Mallotus paniculatus;;4.01;126,228,785;0.809;0.191;Open;8.08;2.88;TRUE;TRUE;93,828;469.14;162.90;0.3564;FALSE;;0.046;0;0.443;89.62;22,405;22,405;89.62;0.044;2,588,235,294;2,588,235,294;2,588,235,294;0.426;0.097;0.479;5.15;0.23;5.38;0.514927;0.022762;0.537592;0.514927;0.022762;0.537592
537;Semak Belukar;6;2;20;S.06.2.020;Macaranga trichocarpa;;0.58;0.264074;0.809;0.191;Open;5.46;2.77;TRUE;TRUE;64,582;322.91;116.57;0.5073;FALSE;;0.282;21;0.501;43.71;109,275;109,275;43.71;-0.14;-8,235,294,118;-8,235,294,118;0;0.021;-0.058;0.249;0.42;-1.43;-1.00;0.042272;-0.142648;-0.100318;0.042272;0;0
538;Semak Belukar;6;2;21;S.06.2.021;Mallotus paniculatus;;1.23;11,876,265;0.809;0.191;Open;7.34;2.71;TRUE;TRUE;75.15;375.75;138.65;0.3692;FALSE;;0.282;21;0.501;43.71;109,275;109,275;43.71;-0.102;-6;-60;0;0.061;-0.065;0.322;0.95;-1.77;-0.82;0.094955;-0.177398;-0.082378;0.094955;0;0
539;Semak Belukar;6;2;22;S.06.2.022;Acacia mangium;;4.4;151,976;0.809;0.191;Open;26.08;8.58;TRUE;TRUE;174,624;873.12;101.76;0.3290;TRUE;99;0.381;19;0.515;26.02;6,505;6,505;26.02;0.03;1,764,705,882;1,764,705,882;1,764,705,882;1,725;0.52;2,025;20.51;3.84;24.34;205,087;0.3835;243,385;205,087;0.3835;243,385
540;Semak Belukar;6;2;23;S.06.2.023;Mallotus paniculatus;;2.13;35,614,665;0.809;0.191;Open;7.84;2.86;FALSE;TRUE;94,274;471.37;164.81;0.3648;FALSE;;-0.086;19;0.515;116.7;29,175;29,175;100;-0.295;-1,735,294,118;-1,735,294,118;0;-0.03;-0.107;0.052;-0.09;-2.31;-2.40;-0.009317;-0.23099;-0.2402;0;0;0
541;Semak Belukar;6;2;24;S.06.2.024;Acacia mangium;;1.35;14,306,625;0.809;0.191;Open;7.36;3.81;TRUE;TRUE;61,496;307.48;80.70;0.5177;TRUE;99;0.205;17;0.437;53.09;132,725;132,725;53.09;-0.164;-9,647,058,824;-9,647,058,824;0;1,706;0.612;2,291;20.02;6.03;26.04;2,001,992;0.603072;2,604,452;2,001,992;0.603072;2,604,452
542;Semak Belukar;6;2;25;S.06.2.025;Mallotus paniculatus;;2.99;70,179,785;0.809;0.191;Open;7.46;2.75;TRUE;TRUE;76,252;381.26;138.64;0.3686;FALSE;;0.205;17;0.437;53.09;132,725;132,725;53.09;-0.271;-1,594,117,647;-1,594,117,647;0;0.027;-0.119;0.114;0.66;-2.85;-2.19;0.066301;-0.285146;-0.218726;0.066301;0;0
543;Semak Belukar;6;2;26;S.06.2.026;Acacia mangium;;3.16;7,838,696;0.809;0.191;Open;15.54;5.02;TRUE;TRUE;92,886;464.43;92.52;0.3230;TRUE;97;0.177;18;0.437;59.5;14,875;14,875;59.5;-0.214;-1,258,823,529;-1,258,823,529;0;1,182;0.374;1,622;14.01;3.03;17.03;1,400,534;0.303284;1,703,444;1,400,534;0.303284;1,703,444
544;Semak Belukar;6;2;27;S.06.2.027;Acacia mangium;;3;7,065;0.809;0.191;Open;16.99;6.84;TRUE;TRUE;101,148;505.74;73.94;0.4026;TRUE;79;0.177;18;0.437;59.5;14,875;14,875;59.5;-0.221;-13;-130;0;0.987;0.269;1,304;11.81;1.54;13.35;1,181,129;0.154094;1,334,954;1,181,129;0.154094;1,334,954
545;Semak Belukar;6;2;28;S.06.2.028;Acacia mangium;;1.96;3,015,656;0.809;0.191;Open;12.6;3.74;TRUE;TRUE;73.92;369.6;98.82;0.2968;TRUE;145;0.237;18;0.437;45.77;114,425;114,425;45.77;-0.146;-8,588,235,294;-8,588,235,294;0;1,679;0.597;2,048;19.72;5.81;25.52;1,971,737;0.581358;2,552,498;1,971,737;0.581358;2,552,498
546;Semak Belukar;6;2;29;S.06.2.029;Acacia mangium;;2.84;6,331,496;0.809;0.191;Open;10;3.34;TRUE;TRUE;54,356;271.78;81.37;0.3340;TRUE;129;0.05;0;0.443;88.72;22.18;22.18;88.72;-0.211;-1,241,176,471;-1,241,176,471;0;0.878;0.264;1.3;10.44;1.94;12.37;1,044,044;0.193656;1,237,436;1,044,044;0.193656;1,237,436
547;Semak Belukar;6;2;30;S.06.2.030;Acacia mangium;;3.05;73,024,625;0.809;0.191;Open;12.18;4.01;TRUE;TRUE;83,314;416.57;103.88;0.3292;TRUE;111;0.025;20;0.501;95.01;237,525;237,525;95.01;0.107;6,294,117,647;6,294,117,647;6,294,117,647;1,108;0.352;1,387;13.12;2.88;16.00;1,312,472;0.287536;1,599,656;1,312,472;0.287536;1,599,656
548;Semak Belukar;6;2;31;S.06.2.031;Mallotus paniculatus;;1.11;0.9671985;0.809;0.191;Open;6.73;2.38;TRUE;TRUE;74.74;373.7;157.02;0.3536;FALSE;;0.146;18;0.437;66.59;166,475;166,475;66.59;-0.06;-3,529,411,765;-3,529,411,765;0;0.097;0.001;0.24;1.23;-0.43;0.80;0.122921;-0.043106;0.079814;0.122921;0;0.079814
549;Semak Belukar;6;2;32;S.06.2.032;Ficus grossularioides;;0.51;0.2041785;0.809;0.191;Open;23.35;4.99;TRUE;TRUE;238.06;1190.3;238.54;0.2137;FALSE;;0.29;20;0.501;42.12;10.53;10.53;42.12;0;0;0;0;1,937;1,437;2,636;20.73;23.84;44.56;2,073,437;2,384,214;4,456,214;2,073,437;2,384,214;4,456,214
550;Semak Belukar;6;2;33;S.06.2.033;Ficus grossularioides;;0.84;0.553896;0.809;0.191;Open;37.69;9.12;TRUE;TRUE;334,062;1670.31;183.15;0.2420;FALSE;;0.342;20;0.501;31.74;7,935;7,935;31.74;-0.041;-2,411,764,706;-2,411,764,706;0;2,218;1,184;2,997;24.98;16.73;41.71;2,498,364;1,673,336;4,170,516;2,498,364;1,673,336;4,170,516
551;Semak Belukar;6;2;34;S.06.2.034;Mallotus paniculatus;;4.14;13,454,586;0.809;0.191;Open;5.04;2.06;TRUE;TRUE;51,144;255.72;124.14;0.4087;FALSE;;0.175;19;0.515;66.02;16,505;16,505;66.02;0.092;5,411,764,706;5,411,764,706;5,411,764,706;0.275;-0.005;0.447;3.51;-1.40;2.10;0.350595;-0.14015;0.21045;0.350595;0;0.21045
552;Semak Belukar;6;2;35;S.06.2.035;Mallotus paniculatus;;1.04;0.849056;0.809;0.191;Open;7.68;2.71;TRUE;TRUE;90,376;451.88;166.75;0.3529;TRUE;40;0.059;18;0.437;86.5;21,625;21,625;86.5;0.112;6,588,235,294;6,588,235,294;6,588,235,294;2,721;1,529;3,172;30.44;22.28;52.71;3,044,369;2,227,982;5,270,822;3,044,369;2,227,982;5,270,822
553;Semak Belukar;6;2;36;S.06.2.036;Mallotus paniculatus;;0.69;0.3737385;0.809;0.191;Open;5.19;3.77;TRUE;TRUE;53,398;266.99;70.82;0.7264;FALSE;;0.428;20;0.501;14.57;36,425;36,425;14.57;-0.008;-0.4705882353;-4,705,882,353;0;0.097;-0.018;0.309;1.28;-0.87;0.41;0.128032;-0.086616;0.041434;0.128032;0;0.041434
554;Semak Belukar;6;2;37;S.06.2.037;Mallotus paniculatus;;1.7;226,865;0.809;0.191;Open;9.41;3.66;TRUE;TRUE;107,434;537.17;146.77;0.3889;FALSE;;-0.014;0;0.443;103.16;25.79;25.79;100;0.183;1,076,470,588;1,076,470,588;1,076,470,588;2,507;1,103;2,935;28.87;13.53;42.39;2,887,183;1,352,594;4,238,674;2,887,183;1,352,594;4,238,674
555;Semak Belukar;6;2;38;S.06.2.038;Macaranga trichocarpa;;0.76;0.453416;0.809;0.191;Open;8.5;6.83;TRUE;TRUE;126,768;633.84;92.80;0.8035;FALSE;;0.237;17;0.437;45.77;114,425;114,425;45.77;0.049;2,882,352,941;2,882,352,941;2,882,352,941;0.388;0.044;0.446;4.81;-0.81;4.00;0.480924;-0.080824;0.400056;0.480924;0;0.400056
556;Semak Belukar;6;2;39;S.06.2.039;Macaranga trichocarpa;;0.52;0.212264;0.809;0.191;Open;10.94;4.01;TRUE;TRUE;164,706;823.53;205.37;0.3665;FALSE;;-0.044;0;0.443;109.93;274,825;274,825;100;0.065;3,823,529,412;3,823,529,412;3,823,529,412;1,398;0.438;1,761;16.58;3.49;20.06;1,657,638;0.348756;2,005,956;1,657,638;0.348756;2,005,956
557;Semak Belukar;6;2;40;S.06.2.040;Macaranga trichocarpa;;0.69;0.3737385;0.809;0.191;Open;9.2;4.45;TRUE;TRUE;150,358;751.79;168.94;0.4837;FALSE;;0.047;19;0.515;90.87;227,175;227,175;90.87;0.071;4,176,470,588;4,176,470,588;4,176,470,588;1,924;0.654;2,311;22.68;5.97;28.64;2,267,554;0.597228;2,864,128;2,267,554;0.597228;2,864,128
558;Semak Belukar;6;2;41;S.06.2.041;Macaranga trichocarpa;;1.29;13,063,185;0.809;0.191;Open;8.51;3.04;TRUE;TRUE;78,612;393.06;129.30;0.3572;FALSE;;0.216;19;0.515;58.06;14,515;14,515;58.06;0.147;8,647,058,824;8,647,058,824;8,647,058,824;2,273;0.927;2,856;26.37;10.59;36.95;2,637,347;1,059,066;3,695,486;2,637,347;1,059,066;3,695,486
559;Semak Belukar;7;2;1;S.07.2.001;Mallotus paniculatus;;2.06;3,331,226;0.91;0.09;Open;11.26;3.89;TRUE;TRUE;328,616;1643.08;422.39;0.3455;FALSE;;0.356;23;0.161;-121.12;-30.28;0;0;0.06;3,529,411,765;3,529,411,765;3,529,411,765;0.56;0.162;0.813;6.68;1.09;7.76;0.667622;0.1089;0.77636;0.667622;0.1089;0.77636
560;Semak Belukar;7;2;2;S.07.2.002;Homalanthus populneus;;2.3;415,265;0.91;0.09;Open;18.2;5.16;TRUE;TRUE;143,952;719.76;139.49;0.2835;FALSE;;0.013;22;0.538;97.58;24,395;24,395;97.58;0.086;5,058,823,529;5,058,823,529;5,058,823,529;1,275;0.403;1,539;15.11;3.26;18.37;1,510,843;0.32617;183,661;1,510,843;0.32617;183,661
561;Semak Belukar;7;2;3;S.07.2.003;Acacia mangium;;3.1;754,385;0.91;0.09;Open;18.86;5.46;TRUE;TRUE;101,028;505.14;92.52;0.2895;TRUE;119;-0.055;22;0.538;110.22;27,555;27,555;100;-0.085;-5;-50;0;0.686;0.214;0.881;8.14;1.69;9.82;0.813654;0.169012;0.982452;0.813654;0.169012;0.982452
562;Semak Belukar;7;2;4;S.07.2.004;Macaranga trichocarpa;;1.4;15,386;0.91;0.09;Open;13.28;4.43;TRUE;TRUE;117.9;589.5;133.07;0.3336;FALSE;;0.138;27;0.393;64.89;162,225;162,225;64.89;-0.063;-3,705,882,353;-3,705,882,353;0;1,381;0.503;1,332;16.19;5.06;21.24;1,618,563;0.505562;2,123,622;1,618,563;0.505562;2,123,622
563;Semak Belukar;7;2;5;S.07.2.005;Mallotus paniculatus;;3.18;7,938,234;0.91;0.09;Open;12.63;3.8;TRUE;TRUE;117,552;587.76;154.67;0.3009;FALSE;;0.308;25;0.397;22.42;5,605;5,605;22.42;0.071;4,176,470,588;4,176,470,588;4,176,470,588;0.282;0.044;0.662;3.46;-0.31;3.15;0.346304;-0.031216;0.315044;0.346304;0;0.315044
564;Semak Belukar;7;2;6;S.07.2.006;Macaranga trichocarpa;;0.49;0.1884785;0.91;0.09;Open;9.65;2.64;TRUE;TRUE;80,228;401.14;151.95;0.2736;FALSE;;0.163;23;0.161;-1.24;-0.31;0;0;-0.071;-4,176,470,588;-4,176,470,588;0;1,198;0.391;1.58;14.16;3.35;17.51;1,416,281;0.334726;1,750,616;1,416,281;0.334726;1,750,616
565;Semak Belukar;7;2;7;S.07.2.007;Mallotus paniculatus;;3.5;961,625;0.91;0.09;Open;16.53;4.96;TRUE;TRUE;143,442;717.21;144.60;0.3001;FALSE;;0.321;22;0.538;40.33;100,825;100,825;40.33;-0.001;-0.05882352941;-0.5882352941;0;0.082;-0.045;0.529;1.16;-1.41;-0.25;0.116245;-0.141426;-0.025136;0.116245;0;0
566;Semak Belukar;7;2;8;S.07.2.008;Trema orientale;;1.89;28,040,985;0.91;0.09;Open;5.99;2.01;TRUE;TRUE;46,872;234.36;116.60;0.3356;FALSE;;0.067;22;0.538;87.55;218,875;218,875;87.55;;0;0;0;;;;0.00;0.00;0.00;0;0;0;0;0;0
567;Semak Belukar;7;2;9;S.07.2.009;Mallotus paniculatus;;2.17;36,964,865;0.91;0.09;Open;11.16;2.99;TRUE;TRUE;87,964;439.82;147.10;0.2679;FALSE;;0.343;23;0.161;-113.04;-28.26;0;0;-0.068;-4;-40;0;0.082;-0.003;0.228;1.05;-0.45;0.60;0.104947;-0.045246;0.059704;0.104947;0;0.059704
568;Semak Belukar;7;2;10;S.07.2.010;Trema orientale;;1.77;24,593,265;0.91;0.09;Open;3.35;2.31;TRUE;TRUE;27.04;135.2;58.53;0.6896;FALSE;;0.184;23;0.161;-14.29;-35,725;0;0;-0.033;-1,941,176,471;-1,941,176,471;0;0.742;0.294;1,462;8.63;3.26;11.89;0.863254;0.326004;1,188,964;0.863254;0.326004;1,188,964
569;Semak Belukar;7;2;11;S.07.2.011;Macaranga trichocarpa;;1.85;26,866,625;0.91;0.09;Open;10.09;3.21;TRUE;TRUE;78.25;391.25;121.88;0.3181;FALSE;;0.11;26;0.393;72.01;180,025;180,025;72.01;-0.044;-2,588,235,294;-2,588,235,294;0;0.855;0.267;1,142;10.14;2.11;12.25;1,014,027;0.21129;122,505;1,014,027;0.21129;122,505
570;Semak Belukar;7;2;12;S.07.2.012;Trema orientale;;2.13;35,614,665;0.91;0.09;Open;5.83;4.52;TRUE;TRUE;41,004;205.02;45.36;0.7753;FALSE;;0.112;22;0.538;79.18;19,795;19,795;79.18;-0.039;-2,294,117,647;-2,294,117,647;0;0.672;0.22;1,089;7.94;1.89;9.83;0.79426;0.189304;0.983344;0.79426;0.189304;0.983344
571;Semak Belukar;7;2;13;S.07.2.013;Trema orientale;;1.83;26,288,865;0.91;0.09;Open;4.95;1.13;TRUE;TRUE;38,302;191.51;169.48;0.2283;FALSE;;0.181;23;0.161;-12.42;-3,105;0;0;-0.096;-5,647,058,824;-5,647,058,824;0;2,587;1,912;3.18;27.71;31.68;59.37;2,771,162;3,167,764;5,937,014;2,771,162;3,167,764;5,937,014
572;Semak Belukar;7;2;14;S.07.2.014;Macaranga trichocarpa;;1;0.785;0.91;0.09;Open;6.77;2.96;TRUE;TRUE;77.98;389.9;131.72;0.4372;FALSE;;-0.155;27;0.393;139.44;34.86;34.86;100;-0.054;-3,176,470,588;-3,176,470,588;0;2,013;0.761;2,497;23.52;8.01;31.52;2,351,801;0.800606;3,151,646;2,351,801;0.800606;3,151,646
573;Semak Belukar;7;2;15;S.07.2.015;Macaranga trichocarpa;;2.42;4,597,274;0.91;0.09;Open;8.51;2.75;TRUE;TRUE;96,672;483.36;175.77;0.3231;FALSE;;0.091;27;0.393;76.84;19.21;19.21;76.84;0.032;1,882,352,941;1,882,352,941;1,882,352,941;1,772;0.637;2,254;20.79;6.29;27.08;2,079,087;0.629434;2,707,884;2,079,087;0.629434;2,707,884
574;Semak Belukar;7;2;16;S.07.2.016;Mallotus paniculatus;;1.86;2,715,786;0.91;0.09;Open;13.23;4.12;TRUE;TRUE;125,466;627.33;152.26;0.3114;FALSE;;0.144;26;0.393;63.36;15.84;15.84;63.36;0.112;6,588,235,294;6,588,235,294;6,588,235,294;0.356;0.129;0.552;4.17;1.29;5.46;0.417419;0.128802;0.546092;0.417419;0.128802;0.546092
575;Semak Belukar;7;2;17;S.07.2.017;Trema orientale;;2.8;61,544;0.91;0.09;Open;3.82;1.24;TRUE;TRUE;36,392;181.96;146.74;0.3246;FALSE;;0.268;24;0.437;38.67;96,675;96,675;38.67;-0.024;-1,411,764,706;-1,411,764,706;0;0.801;0.258;1,176;9.48;2.16;11.64;0.947868;0.215952;1,163,562;0.947868;0.215952;1,163,562
576;Semak Belukar;7;2;18;S.07.2.018;Acacia mangium;;1.4;15,386;0.91;0.09;Open;14.59;4.27;TRUE;TRUE;108,848;544.24;127.46;0.2927;TRUE;113;-0.123;26;0.393;131.3;32,825;32,825;100;-0.026;-1,529,411,765;-1,529,411,765;0;0.972;0.345;1,862;11.42;3.35;14.76;1,141,635;0.335154;1,476,444;1,141,635;0.335154;1,476,444
577;Semak Belukar;7;2;19;S.07.2.019;Macaranga trichocarpa;;1.04;0.849056;0.91;0.09;Open;11.09;3.33;TRUE;TRUE;127,408;637.04;191.30;0.3003;FALSE;;0.068;26;0.393;82.7;20,675;20,675;82.7;-0.122;-7,176,470,588;-7,176,470,588;0;1.56;0.546;1,799;18.34;5.20;23.54;1,834,326;0.52026;235,404;1,834,326;0.52026;235,404
578;Semak Belukar;7;2;20;S.07.2.020;Mallotus paniculatus;;1.89;28,040,985;0.91;0.09;Open;10.3;2.99;TRUE;TRUE;103,942;519.71;173.82;0.2903;FALSE;;0.362;25;0.397;8.82;2,205;2,205;8.82;-0.062;-3,647,058,824;-3,647,058,824;0;0.305;0.003;0.437;3.87;-1.36;2.51;0.386543;-0.13587;0.25067;0.386543;0;0.25067
579;Semak Belukar;7;2;21;S.07.2.021;Mallotus paniculatus;;1.5;176,625;0.91;0.09;Open;7.1;2.86;TRUE;TRUE;70,988;354.94;124.10;0.4028;FALSE;;0.438;24;0.437;-0.23;-0.0575;0;0;-0.059;-3,470,588,235;-3,470,588,235;0;0.439;0.228;0.726;4.96;3.17;8.13;0.496198;0.316668;0.812638;0.496198;0.316668;0.812638
580;Semak Belukar;7;2;22;S.07.2.022;Trema orientale;;1.33;13,885,865;0.91;0.09;Open;4.13;1.32;TRUE;TRUE;43,336;216.68;164.15;0.3196;FALSE;;0.13;28;0.496;73.79;184,475;184,475;73.79;-0.062;-3,647,058,824;-3,647,058,824;0;1,208;0.493;1,386;14.02;5.64;19.65;1,401,543;0.563626;1,964,676;1,401,543;0.563626;1,964,676
581;Semak Belukar;7;2;23;S.07.2.023;Homalanthus populneus;;1.9;283,385;0.91;0.09;Open;12.19;3.75;TRUE;TRUE;105,252;526.26;140.34;0.3076;TRUE;118;0.135;22;0.538;74.91;187,275;187,275;74.91;0.057;3,352,941,176;3,352,941,176;3,352,941,176;1,463;0.521;2.07;17.18;5.08;22.26;1,717,861;0.508406;2,225,746;1,717,861;0.508406;2,225,746
582;Semak Belukar;7;2;24;S.07.2.024;Acacia mangium;;3.23;81,898,265;0.91;0.09;Open;12.5;2.95;TRUE;TRUE;92.2;461;156.27;0.2360;TRUE;129;0.11;24;0.437;74.83;187,075;187,075;74.83;0.229;1,347,058,824;1,347,058,824;1,347,058,824;1,749;0.693;2,429;20.35;7.68;28.03;2,034,813;0.768438;2,802,558;2,034,813;0.768438;2,802,558
583;Semak Belukar;7;2;25;S.07.2.025;Acacia mangium;;1.7;226,865;0.91;0.09;Open;14.46;4.49;TRUE;TRUE;112,044;560.22;124.77;0.3105;TRUE;104;0.165;24;0.437;62.24;15.56;15.56;62.24;0.221;13;130;130;1,126;0.484;1,952;13.00;5.81;18.81;1,299,824;0.581392;1,880,732;1,299,824;0.581392;1,880,732
584;Semak Belukar;7;2;26;S.07.2.026;Trema orientale;;2.91;66,474,585;0.91;0.09;Open;3.39;1.04;TRUE;TRUE;31,522;157.61;151.55;0.3068;FALSE;;0.109;25;0.397;72.54;18,135;18,135;72.54;0.054;3,176,470,588;3,176,470,588;3,176,470,588;1,066;0.466;2,039;12.28;5.68;17.96;1,228,466;0.568252;1,796,252;1,228,466;0.568252;1,796,252
585;Semak Belukar;7;2;27;S.07.2.027;Acacia mangium;;3.49;95,613,785;0.91;0.09;Open;16.8;4.83;TRUE;TRUE;99.3;496.5;102.80;0.2875;TRUE;138;0.161;23;0.161;0;0;0;0;0.111;6,529,411,765;6,529,411,765;6,529,411,765;1,247;0.521;2,038;14.44;6.09;20.53;1,443,541;0.609494;2,052,514;1,443,541;0.609494;2,052,514
586;Semak Belukar;7;2;28;S.07.2.028;Trema orientale;;3.61;102,301,985;0.91;0.09;Open;4.51;1.49;TRUE;TRUE;36,746;183.73;123.31;0.3304;FALSE;;0.071;27;0.393;81.93;204,825;204,825;81.93;0.002;0.1176470588;1,176,470,588;1,176,470,588;0.439;0.235;0.668;4.94;3.33;8.27;0.494315;0.332698;0.826778;0.494315;0.332698;0.826778
587;Semak Belukar;7;2;29;S.07.2.029;Mallotus paniculatus;;1.46;1,673,306;0.91;0.09;Open;16.31;1.29;TRUE;TRUE;134,578;672.89;521.62;0.0791;FALSE;;0.319;24;0.437;27;6.75;6.75;27;0.022;1,294,117,647;1,294,117,647;1,294,117,647;0.222;0.078;0.355;2.61;0.75;3.36;0.260958;0.074724;0.335604;0.260958;0.074724;0.335604
588;Semak Belukar;7;2;30;S.07.2.030;Macaranga trichocarpa;;1.24;1,207,016;0.91;0.09;Open;13.84;4.62;TRUE;TRUE;158.72;793.6;171.77;0.3338;FALSE;;0.106;27;0.393;73.03;182,575;182,575;73.03;0.088;5,176,470,588;5,176,470,588;5,176,470,588;1,484;0.51;1,833;17.47;4.73;22.20;174,749;0.473388;2,220,368;174,749;0.473388;2,220,368
589;Semak Belukar;7;2;31;S.07.2.031;Acacia mangium;;4.24;14,112,416;0.91;0.09;Open;23.53;6.81;TRUE;TRUE;142.31;711.55;104.49;0.2894;TRUE;158;0.166;23;0.161;-3.11;-0.7775;0;0;0.04;2,352,941,176;2,352,941,176;2,352,941,176;1,798;0.706;2,569;20.94;7.75;28.68;2,093,546;0.775276;2,868,116;2,093,546;0.775276;2,868,116
590;Semak Belukar;7;2;32;S.07.2.032;Mallotus paniculatus;;2.16;3,662,496;0.91;0.09;Open;14.36;4.53;TRUE;TRUE;134.57;672.85;148.53;0.3155;FALSE;;0.313;22;0.538;41.82;10,455;10,455;41.82;0.067;3,941,176,471;3,941,176,471;3,941,176,471;0.154;-0.01;0.302;1.98;-0.95;1.03;0.19827;-0.094972;0.103308;0.19827;0;0.103308
591;Semak Belukar;7;2;33;S.07.2.033;Trema orientale;;1.16;1,056,296;0.91;0.09;Open;4.51;1.85;TRUE;TRUE;43,438;217.19;117.40;0.4102;FALSE;;0.292;21;0.501;41.72;10.43;10.43;41.72;0.089;5,235,294,118;5,235,294,118;5,235,294,118;0.827;0.425;1,409;9.36;5.86;15.22;0.935965;0.586214;1,521,754;0.935965;0.586214;1,521,754
592;Semak Belukar;7;2;34;S.07.2.034;Trema orientale;;1.47;16,963,065;0.91;0.09;Open;3.52;1.44;TRUE;TRUE;24,102;120.51;83.69;0.4091;FALSE;;0.084;25;0.397;78.84;19.71;19.71;78.84;0.113;6,647,058,824;6,647,058,824;6,647,058,824;1,246;0.511;2,096;14.45;5.87;20.32;1,444,961;0.587062;2,031,512;1,444,961;0.587062;2,031,512
593;Semak Belukar;7;2;35;S.07.2.035;Acacia mangium;;3.12;7,641,504;0.91;0.09;Open;10.54;3.52;TRUE;TRUE;70,946;354.73;100.78;0.3340;TRUE;121;0.127;27;0.393;67.68;16.92;16.92;67.68;0.147;8,647,058,824;8,647,058,824;8,647,058,824;1,135;0.339;1,463;13.50;2.45;15.95;1,350,259;0.24513;159,505;1,350,259;0.24513;159,505
594;Semak Belukar;7;2;36;S.07.2.036;Acacia mangium;;7.38;42,754,554;0.91;0.09;Open;15.48;4.71;TRUE;TRUE;123.47;617.35;131.07;0.3043;TRUE;125;0.098;26;0.393;75.06;18,765;18,765;75.06;0.049;2,882,352,941;2,882,352,941;2,882,352,941;1,607;0.472;2,157;19.14;3.29;22.42;1,913,922;0.328804;2,242,254;1,913,922;0.328804;2,242,254
595;Semak Belukar;7;2;37;S.07.2.037;Macaranga trichocarpa;;1;0.785;0.91;0.09;Open;9.34;3.06;TRUE;TRUE;127.74;638.7;208.73;0.3276;FALSE;;0.251;24;0.437;42.56;10.64;10.64;42.56;0.133;7,823,529,412;7,823,529,412;7,823,529,412;1,291;0.443;1.83;15.20;4.10;19.30;1,520,403;0.410282;1,930,242;1,520,403;0.410282;1,930,242
596;Semak Belukar;7;2;38;S.07.2.038;Mallotus paniculatus;;2.2;37,994;0.91;0.09;Open;15;4.42;TRUE;TRUE;110.63;553.15;125.15;0.2947;FALSE;;0.081;26;0.393;79.39;198,475;198,475;79.39;0.027;1,588,235,294;1,588,235,294;1,588,235,294;0.407;0.072;0.312;4.98;-0.26;4.72;0.497522;-0.025596;0.471854;0.497522;0;0.471854
597;Semak Belukar;7;2;39;S.07.2.039;Homalanthus populneus;;0.79;0.4899185;0.91;0.09;Open;9.18;2.23;TRUE;TRUE;95.12;475.6;213.27;0.2429;FALSE;;0.147;21;0.501;70.66;17,665;17,665;70.66;0.15;8,823,529,412;8,823,529,412;8,823,529,412;1,411;0.543;1,871;16.46;5.83;22.28;1,645,903;0.583122;2,228,482;1,645,903;0.583122;2,228,482
598;Semak Belukar;7;2;40;S.07.2.040;Macaranga trichocarpa;;1.11;0.9671985;0.91;0.09;Open;10.68;3.87;TRUE;TRUE;126,104;630.52;162.93;0.3624;FALSE;;0.329;25;0.397;17.13;42,825;42,825;17.13;0.028;1,647,058,824;1,647,058,824;1,647,058,824;0.238;0.115;0.287;2.71;1.52;4.23;0.271325;0.151966;0.423176;0.271325;0.151966;0.423176
599;Semak Belukar;7;2;41;S.07.2.041;Homalanthus populneus;;1.41;15,606,585;0.91;0.09;Open;20.81;5.75;TRUE;TRUE;169,628;848.14;147.50;0.2763;TRUE;112;0.144;25;0.397;63.73;159,325;159,325;63.73;0.166;9,764,705,882;9,764,705,882;9,764,705,882;1,067;0.43;1,667;12.39;4.85;17.24;123,942;0.485344;1,724,334;123,942;0.485344;1,724,334
600;Semak Belukar;7;2;42;S.07.2.042;#N/A;#N/A;#N/A;#N/A;0.91;0.09;Open;9.65;3.65;TRUE;TRUE;86,464;432.32;118.44;0.3782;FALSE;;0.111;28;0.496;77.62;19,405;19,405;77.62;0.013;0.7647058824;7,647,058,824;7,647,058,824;0.857;0.341;1,383;9.97;3.80;13.76;0.996661;0.379814;1,376,134;0.996661;0.379814;1,376,134
601;Semak Belukar;8;2;1;S.08.2.001;Mallotus paniculatus;9.5;3.02;7,159,514;0.882;0.118;Open;9.24;3.38;TRUE;TRUE;102,658;513.29;151.86;0.3658;FALSE;;0.324;30;0.381;14.96;3.74;3.74;14.96;0.635;3,735,294,118;3,735,294,118;3,735,294,118;0.297;0.091;1,147;3.53;0.69;4.22;0.352711;0.069394;0.422014;0.352711;0.069394;0.422014
602;Semak Belukar;8;2;2;S.08.2.002;Macaranga trichocarpa;5;1.59;19,845,585;0.882;0.118;Open;6.09;2.47;TRUE;TRUE;62.23;311.15;125.97;0.4056;FALSE;;0.184;31;0.368;50;12.5;12.5;50;-0.146;-8,588,235,294;-8,588,235,294;0;1,335;0.482;1,632;15.66;4.79;20.44;1,565,792;0.479;204,431;1,565,792;0.479;204,431
603;Semak Belukar;8;2;3;S.08.2.003;Macaranga trichocarpa;14.5;4.62;16,755,354;0.882;0.118;Open;6.85;2.91;TRUE;TRUE;86.7;433.5;148.97;0.4248;FALSE;;0.154;28;0.496;68.95;172,375;172,375;68.95;-0.151;-8,882,352,941;-8,882,352,941;0;0.544;0.188;0.918;6.40;1.76;8.16;0.640308;0.175928;0.816048;0.640308;0.175928;0.816048
604;Semak Belukar;8;2;4;S.08.2.004;Mallotus paniculatus;4.5;1.43;16,052,465;0.882;0.118;Open;8.04;3.16;TRUE;TRUE;90,934;454.67;143.88;0.3930;FALSE;;0.366;31;0.368;0.54;0.135;0.135;0.54;-0.145;-8,529,411,765;-8,529,411,765;0;0.284;0.134;1,445;3.25;1.74;4.98;0.324634;0.173948;0.498448;0.324634;0.173948;0.498448
605;Semak Belukar;8;2;5;S.08.2.005;Macaranga trichocarpa;12.5;3.98;12,434,714;0.882;0.118;Open;6.69;2.56;TRUE;TRUE;77,422;387.11;151.21;0.3827;FALSE;;0.387;32;0.34;-13.82;-3,455;0;0;-0.158;-9,294,117,647;-9,294,117,647;0;0.267;0.141;1,247;3.01;1.98;4.99;0.301161;0.197934;0.498954;0.301161;0.197934;0.498954
606;Semak Belukar;8;2;6;S.08.2.006;Mallotus paniculatus;10;3.18;7,938,234;0.882;0.118;Open;9.51;3.53;TRUE;TRUE;135.34;676.7;191.70;0.3712;FALSE;;0.154;30;0.381;59.58;14,895;14,895;59.58;-0.164;-9,647,058,824;-9,647,058,824;0;-0.006;-0.067;0.437;0.10;-1.51;-1.40;0.010403;-0.150622;-0.140152;0.010403;0;0
607;Semak Belukar;8;2;7;S.08.2.007;Macaranga trichocarpa;4.5;1.43;16,052,465;0.882;0.118;Open;7.92;2.77;TRUE;TRUE;86,704;433.52;156.51;0.3497;FALSE;;0.097;29;0.394;75.38;18,845;18,845;75.38;0.245;1,441,176,471;1,441,176,471;1,441,176,471;1,029;0.307;1,268;12.24;2.21;14.45;1,224,247;0.221458;1,445,398;1,224,247;0.221458;1,445,398
608;Semak Belukar;8;2;8;S.08.2.008;Mallotus paniculatus;10.5;3.34;8,757,146;0.882;0.118;Open;8.78;3.32;TRUE;TRUE;85,072;425.36;128.12;0.3781;FALSE;;0.105;32;0.34;69.12;17.28;17.28;69.12;0.106;6,235,294,118;6,235,294,118;6,235,294,118;0.302;0.176;1,425;3.36;2.62;5.98;0.336196;0.261704;0.597724;0.336196;0.261704;0.597724
609;Semak Belukar;8;2;9;S.08.2.009;Mallotus paniculatus;9;2.86;6,420,986;0.882;0.118;Open;10.44;3.74;TRUE;TRUE;145,816;729.08;194.94;0.3582;FALSE;;0.421;31;0.368;-14.4;-3.6;0;0;-0.06;-3,529,411,765;-3,529,411,765;0;0.11;-0.011;0.901;1.43;-0.77;0.66;0.142659;-0.07667;0.066;0.142659;0;0.066
610;Semak Belukar;8;2;10;S.08.2.010;Trema orientale;10;3.18;7,938,234;0.882;0.118;Open;4.33;1.74;TRUE;TRUE;41.16;205.8;118.28;0.4018;FALSE;;0.054;32;0.34;84.12;21.03;21.03;84.12;-0.056;-3,294,117,647;-3,294,117,647;0;0.094;-0.001;0.271;1.20;-0.46;0.73;0.119649;-0.046282;0.073368;0.119649;0;0.073368
611;Semak Belukar;8;2;11;S.08.2.011;Trema orientale;4.5;1.43;16,052,465;0.882;0.118;Open;7.28;2.73;TRUE;TRUE;91,152;455.76;166.95;0.3750;FALSE;;0.056;30;0.381;85.3;21,325;21,325;85.3;;0;0;0;0.18;0.16;0.269;1.86;2.82;4.68;0.18556;0.28216;0.46756;0.18556;0.28216;0.46756
612;Semak Belukar;8;2;12;S.08.2.012;Mallotus paniculatus;9;2.86;6,420,986;0.882;0.118;Open;11.41;4.12;TRUE;TRUE;138.93;694.65;168.60;0.3611;FALSE;;0.363;31;0.368;1.36;0.34;0.34;1.36;0.311;1,829,411,765;1,829,411,765;1,829,411,765;0.247;0.105;1,052;2.85;1.25;4.10;0.285445;0.124854;0.410194;0.285445;0.124854;0.410194
613;Semak Belukar;8;2;13;S.08.2.013;Mallotus paniculatus;12;3.82;11,455,034;0.882;0.118;Open;12.17;4.25;TRUE;TRUE;133,526;667.63;157.09;0.3492;FALSE;;0.339;29;0.394;13.96;3.49;3.49;13.96;0.204;12;120;120;0.737;0.373;0.973;8.36;5.09;13.45;0.835653;0.509254;1,344,534;0.835653;0.509254;1,344,534
614;Semak Belukar;8;2;14;S.08.2.014;Macaranga trichocarpa;4.5;1.43;16,052,465;0.882;0.118;Open;6.63;2.42;TRUE;TRUE;102,672;513.36;212.13;0.3650;FALSE;;0.431;30;0.381;-13.12;-3.28;0;0;0.059;3,470,588,235;3,470,588,235;3,470,588,235;0.82;0.249;1.19;9.74;1.86;11.61;0.974419;0.18645;116,062;0.974419;0.18645;116,062
615;Semak Belukar;8;2;15;S.08.2.015;Mallotus paniculatus;5.5;1.75;24,040,625;0.882;0.118;Open;10.29;3.34;TRUE;TRUE;121,044;605.22;181.20;0.3246;FALSE;;0.011;31;0.368;97.01;242,525;242,525;97.01;0.059;3,470,588,235;3,470,588,235;3,470,588,235;0.266;0.106;0.743;3.09;1.18;4.27;0.309306;0.118252;0.427452;0.309306;0.118252;0.427452
616;Semak Belukar;8;2;16;S.08.2.016;Mallotus paniculatus;8.5;2.71;57,651,185;0.882;0.118;Open;10.93;3.68;TRUE;TRUE;135,822;679.11;184.54;0.3367;FALSE;;;;0.443;100;25;25;100;;0;0;0;;;;0.00;0.00;0.00;0;0;0;0;0;0
617;Semak Belukar;8;2;17;S.08.2.017;Macaranga trichocarpa;5;1.59;19,845,585;0.882;0.118;Open;7.21;2.76;TRUE;TRUE;90,636;453.18;164.20;0.3828;FALSE;;0.05;28;0.496;89.92;22.48;22.48;89.92;0.094;5,529,411,765;5,529,411,765;5,529,411,765;0.642;0.171;0.869;7.69;0.91;8.60;0.769341;0.091134;0.860304;0.769341;0.091134;0.860304
618;Semak Belukar;8;2;18;S.08.2.018;Macaranga trichocarpa;4;1.27;12,661,265;0.882;0.118;Open;8.31;3.13;TRUE;TRUE;116,816;584.08;186.61;0.3767;FALSE;;0.111;33;0.341;67.45;168,625;168,625;67.45;0.059;3,470,588,235;3,470,588,235;3,470,588,235;0.099;-0.056;0.766;1.41;-1.75;-0.34;0.140794;-0.174572;-0.033722;0.140794;0;0
619;Semak Belukar;8;2;19;S.08.2.019;Macaranga trichocarpa;4;1.27;12,661,265;0.882;0.118;Open;7.94;2.92;TRUE;TRUE;106,596;532.98;182.53;0.3678;FALSE;;;;0.443;100;25;25;100;;0;0;0;;;;0.00;0.00;0.00;0;0;0;0;0;0
620;Semak Belukar;8;2;20;S.08.2.020;Trema orientale;5;1.59;19,845,585;0.882;0.118;Open;3.35;1.32;TRUE;TRUE;38,284;191.42;145.02;0.3940;FALSE;;0.052;28;0.496;89.52;22.38;22.38;89.52;0.372;2,188,235,294;2,188,235,294;2,188,235,294;1,142;0.428;2,703;13.35;4.46;17.80;1,335,208;0.445664;1,780,444;1,335,208;0.445664;1,780,444
621;Semak Belukar;8;2;21;S.08.2.021;Mallotus paniculatus;5.5;1.75;24,040,625;0.882;0.118;Open;7.59;2.46;TRUE;TRUE;92,052;460.26;187.10;0.3241;FALSE;;0.27;32;0.34;20.59;51,475;51,475;20.59;0.642;3,776,470,588;3,776,470,588;3,776,470,588;0.59;0.223;1,076;6.89;2.35;9.24;0.689313;0.23455;0.92364;0.689313;0.23455;0.92364
622;Semak Belukar;8;2;22;S.08.2.022;Trema orientale;12;3.82;11,455,034;0.882;0.118;Open;5.47;3.47;TRUE;TRUE;46,588;232.94;67.13;0.6344;FALSE;;0.101;32;0.34;70.29;175,725;175,725;70.29;0.275;1,617,647,059;1,617,647,059;1,617,647,059;1,465;0.649;2,683;16.86;8.01;24.86;1,685,969;0.80059;248,591;1,685,969;0.80059;248,591
623;Semak Belukar;8;2;23;S.08.2.023;Trema orientale;10.5;3.34;8,757,146;0.882;0.118;Open;5.05;3.38;TRUE;TRUE;51,424;257.12;76.07;0.6693;FALSE;;0.068;28;0.496;86.29;215,725;215,725;86.29;0.304;1,788,235,294;1,788,235,294;1,788,235,294;1,315;0.552;2,064;15.22;6.49;21.70;1,521,562;0.64866;216,967;1,521,562;0.64866;216,967
624;Semak Belukar;8;2;24;S.08.2.024;Macaranga trichocarpa;12;3.82;11,455,034;0.882;0.118;Open;7.87;3.92;TRUE;TRUE;95,576;477.88;121.91;0.4981;FALSE;;0.398;31;0.368;-8.15;-20,375;0;0;-0.032;-1,882,352,941;-1,882,352,941;0;1,218;0.346;1,801;14.54;2.22;16.76;1,453,786;0.222316;1,675,756;1,453,786;0.222316;1,675,756
625;Semak Belukar;8;2;25;S.08.2.025;Macaranga trichocarpa;5;1.59;19,845,585;0.882;0.118;Open;12.93;4.62;TRUE;TRUE;134,252;671.26;145.29;0.3573;FALSE;;0.033;29;0.394;91.62;22,905;22,905;91.62;0.119;7;70;70;1,703;0.551;2,099;20.15;4.65;24.79;2,014,591;0.464786;2,478,826;2,014,591;0.464786;2,478,826
626;Semak Belukar;8;2;26;S.08.2.026;Ficus aurata;6;1.91;28,637,585;0.882;0.118;Open;35.48;11.43;TRUE;TRUE;285,328;1426.64;124.82;0.3222;FALSE;;0.444;30;0.381;-16.54;-4,135;0;0;0.082;4,823,529,412;4,823,529,412;4,823,529,412;2,148;1,595;2,989;22.99;26.47;49.45;2,298,905;2,647,286;4,944,596;2,298,905;2,647,286;4,944,596
627;Semak Belukar;8;2;27;S.08.2.027;sp2;11;3.5;961,625;0.882;0.118;Open;128.01;36.1;TRUE;TRUE;419,048;2095.24;58.04;0.2820;TRUE;74;0.079;29;0.394;79.95;199,875;199,875;79.95;0.087;5,117,647,059;5,117,647,059;5,117,647,059;0.321;0.11;0.497;3.78;1.02;4.80;0.37808;0.101672;0.479642;0.37808;0.101672;0.479642
628;Semak Belukar;8;2;28;S.08.2.028;Acacia mangium;6;1.91;28,637,585;0.882;0.118;Open;20.42;5.78;TRUE;TRUE;148,828;744.14;128.74;0.2831;TRUE;135;0.131;32;0.34;61.47;153,675;153,675;61.47;0.134;7,882,352,941;7,882,352,941;7,882,352,941;2,444;0.99;2,893;28.38;11.23;39.60;283,757;1,123,308;3,959,888;283,757;1,123,308;3,959,888
629;Semak Belukar;8;2;29;S.08.2.029;Trema orientale;10;3.18;7,938,234;0.882;0.118;Open;3.62;0.59;TRUE;TRUE;45,678;228.39;387.10;0.1630;FALSE;;0.271;33;0.341;20.53;51,325;51,325;20.53;0.135;7,941,176,471;7,941,176,471;7,941,176,471;1,463;0.516;2,349;17.19;4.97;22.16;1,719,206;0.496956;2,215,646;1,719,206;0.496956;2,215,646
630;Semak Belukar;8;2;30;S.08.2.030;Trema orientale;9.5;3.02;7,159,514;0.882;0.118;Open;4.86;2.22;TRUE;TRUE;51,286;256.43;115.51;0.4568;FALSE;;0.144;33;0.341;57.77;144,425;144,425;57.77;0.103;6,058,823,529;6,058,823,529;6,058,823,529;1,164;0.526;1,764;13.37;6.60;19.96;1,336,786;0.659788;1,996,048;1,336,786;0.659788;1,996,048
631;Semak Belukar;8;2;31;S.08.2.031;Trema orientale;6.5;2.07;33,636,465;0.882;0.118;Open;2.56;1;TRUE;TRUE;32,064;160.32;160.32;0.3906;FALSE;;0.152;29;0.394;61.42;15,355;15,355;61.42;-0.032;-1,882,352,941;-1,882,352,941;0;0.473;0.087;0.756;5.77;-0.22;5.55;0.577307;-0.022134;0.555086;0.577307;0;0.555086
632;Semak Belukar;8;2;32;S.08.2.032;Trema orientale;10;3.18;7,938,234;0.882;0.118;Open;3.77;1.57;TRUE;TRUE;39,614;198.07;126.16;0.4164;FALSE;;0.125;29;0.394;68.27;170,675;170,675;68.27;0.152;8,941,176,471;8,941,176,471;8,941,176,471;1,346;0.56;1,874;15.59;6.52;22.11;155,878;0.652472;2,210,692;155,878;0.652472;2,210,692
633;Semak Belukar;8;2;33;S.08.2.033;Trema orientale;8;2.55;51,044,625;0.882;0.118;Open;2.58;1.66;TRUE;TRUE;28.94;144.7;87.17;0.6434;FALSE;;0.432;30;0.381;-13.39;-33,475;0;0;0.063;3,705,882,353;3,705,882,353;3,705,882,353;1,032;0.409;1,385;12.01;4.54;16.54;1,200,619;0.453634;1,653,844;1,200,619;0.453634;1,653,844
634;Semak Belukar;8;2;34;S.08.2.034;Endospermum diadenum;5.5;1.75;24,040,625;0.882;0.118;Open;52.22;14.59;FALSE;TRUE;447,985;1791.94;122.82;0.2794;FALSE;;;;0.443;100;25;25;100;;0;0;0;;;;0.00;0.00;0.00;0;0;0;0;0;0
635;Semak Belukar;9;2;1;S.09.2.001;Trema orientale;21;6.68;35,028,584;0.751;0.249;Open;23.63;10.13;TRUE;TRUE;205,028;1025.14;101.20;0.4287;FALSE;;0.095;37;0.392;75.77;189,425;189,425;75.77;0.097;5,705,882,353;5,705,882,353;5,705,882,353;0.412;0.148;1,399;4.83;1.46;6.29;0.483428;0.146104;0.629384;0.483428;0.146104;0.629384
636;Semak Belukar;9;2;2;S.09.2.002;Mallotus paniculatus;13;4.14;13,454,586;0.751;0.249;Open;11.9;4.34;TRUE;TRUE;97,306;486.53;112.10;0.3647;FALSE;;0.324;33;0.341;4.99;12,475;12,475;4.99;-0.032;-1,882,352,941;-1,882,352,941;0;0.295;0.142;0.619;3.36;1.87;5.23;0.336452;0.18712;0.52343;0.336452;0.18712;0.52343
637;Semak Belukar;9;2;3;S.09.2.003;Mallotus paniculatus;7;2.23;39,037,265;0.751;0.249;Open;14.04;4.87;TRUE;TRUE;133.34;666.7;136.90;0.3469;FALSE;;0.433;36;0.414;-4.59;-11,475;0;0;-0.064;-3,764,705,882;-3,764,705,882;0;0.054;-0.02;0.382;0.74;-0.71;0.03;0.07396;-0.071072;0.002908;0.07396;0;0.002908
638;Semak Belukar;9;2;4;S.09.2.004;Mallotus paniculatus;7.5;2.39;44,839,985;0.751;0.249;Open;10.39;3.83;TRUE;TRUE;104,396;521.98;136.29;0.3686;FALSE;;0.286;37;0.392;27.04;6.76;6.76;27.04;0.009;0.5294117647;5,294,117,647;5,294,117,647;-0.019;-0.068;0.204;-0.06;-1.47;-1.53;-0.005838;-0.146828;-0.152598;0;0;0
639;Semak Belukar;9;2;5;S.09.2.005;Homalanthus populneus;8;2.55;51,044,625;0.751;0.249;Open;12.17;3.2;TRUE;TRUE;108.32;541.6;169.25;0.2629;TRUE;28;0.149;35;0.453;67.11;167,775;167,775;67.11;-0.064;-3,764,705,882;-3,764,705,882;0;0.624;0.216;1,286;7.34;2.03;9.37;0.734376;0.202608;0.936768;0.734376;0.202608;0.936768
640;Semak Belukar;9;2;6;S.09.2.006;Mallotus paniculatus;17.5;5.57;243,545,465;0.751;0.249;Open;11.14;3.88;TRUE;TRUE;120.14;600.7;154.82;0.3483;FALSE;;0.223;37;0.392;43.11;107,775;107,775;43.11;0.106;6,235,294,118;6,235,294,118;6,235,294,118;0.181;0.055;0.433;2.15;0.41;2.56;0.215075;0.041242;0.256262;0.215075;0.041242;0.256262
641;Semak Belukar;9;2;7;S.09.2.007;Mallotus paniculatus;12;3.82;11,455,034;0.751;0.249;Open;8.02;3.01;TRUE;TRUE;256,144;1280.72;425.49;0.3753;FALSE;;0.259;35;0.453;42.83;107,075;107,075;42.83;0.067;3,941,176,471;3,941,176,471;3,941,176,471;0.21;0.087;0.564;2.43;1.01;3.44;0.243297;0.10095;0.34416;0.243297;0.10095;0.34416
642;Semak Belukar;9;2;8;S.09.2.008;Trema orientale;6.5;2.07;33,636,465;0.751;0.249;Open;4.34;1.43;TRUE;TRUE;41,396;206.98;144.74;0.3295;FALSE;;0.125;33;0.341;63.34;15,835;15,835;63.34;-0.092;-5,411,764,706;-5,411,764,706;0;0.713;0.337;1,264;8.15;4.38;12.53;0.814857;0.438046;1,252,566;0.814857;0.438046;1,252,566
643;Semak Belukar;9;2;9;S.09.2.009;Mallotus paniculatus;11.5;3.66;10,515,546;0.751;0.249;Open;10.62;3.46;TRUE;TRUE;90,876;454.38;131.32;0.3258;FALSE;;0.114;36;0.414;72.46;18,115;18,115;72.46;0.002;0.1176470588;1,176,470,588;1,176,470,588;-0.045;-0.417;0.218;0.55;-9.34;-8.78;0.055023;-0.93387;-0.87843;0.055023;0;0
644;Semak Belukar;9;2;10;S.09.2.010;Macaranga trichocarpa;4.5;1.43;16,052,465;0.751;0.249;Open;6.36;2.19;TRUE;TRUE;107.28;429.12;195.95;0.3443;FALSE;;0.499;36;0.414;-20.53;-51,325;0;0;-0.117;-6,882,352,941;-6,882,352,941;0;0.36;0.096;0.307;4.31;0.51;4.83;0.431376;0.05136;0.48264;0.431376;0.05136;0.48264
645;Semak Belukar;9;2;11;S.09.2.011;Macaranga trichocarpa;8.5;2.71;57,651,185;0.751;0.249;Open;9.72;3.88;TRUE;TRUE;99,186;495.93;127.82;0.3992;FALSE;;0.172;37;0.392;56.12;14.03;14.03;56.12;0.006;0.3529411765;3,529,411,765;3,529,411,765;1,955;0.728;2,373;22.87;7.52;30.38;2,287,018;0.75218;303,847;2,287,018;0.75218;303,847
646;Semak Belukar;9;2;12;S.09.2.012;Macaranga trichocarpa;3.5;1.11;0.9671985;0.751;0.249;Open;8.78;3.28;TRUE;TRUE;105,308;526.54;160.53;0.3736;FALSE;;0.096;35;0.453;78.81;197,025;197,025;78.81;-0.083;-4,882,352,941;-4,882,352,941;0;1,195;0.361;1,343;14.21;2.67;16.88;1,420,541;0.26743;168,761;1,420,541;0.26743;168,761
647;Semak Belukar;9;2;13;S.09.2.013;Melicope frutescens;9;2.86;6,420,986;0.751;0.249;Open;72.6;30.76;TRUE;TRUE;;0;;0.4237;TRUE;303;0.237;38;0.41;42.2;10.55;10.55;42.2;-0.038;-2,235,294,118;-2,235,294,118;0;0.867;0.256;0.9;10.32;1.80;12.12;1,032,226;0.180484;1,212,454;1,032,226;0.180484;1,212,454
648;Semak Belukar;9;2;14;S.09.2.014;Macaranga trichocarpa;5.5;1.75;24,040,625;0.751;0.249;Open;10.06;3.82;TRUE;TRUE;110,094;550.47;144.10;0.3797;FALSE;;0.333;35;0.453;26.49;66,225;66,225;26.49;-0.11;-6,470,588,235;-6,470,588,235;0;0.291;0.079;0.37;3.48;0.45;3.93;0.348319;0.044722;0.392962;0.348319;0.044722;0.392962
649;Semak Belukar;9;2;15;S.09.2.015;Macaranga trichocarpa;5.5;1.75;24,040,625;0.751;0.249;Open;6.42;2.46;TRUE;TRUE;90.26;451.3;183.46;0.3832;FALSE;;-0.848;38;0.41;306.83;767,075;767,075;100;-0.103;-6,058,823,529;-6,058,823,529;0;2.6;1,074;2,944;30.13;12.43;42.55;3,013,094;124,266;425,468;3,013,094;124,266;425,468
650;Semak Belukar;9;2;16;S.09.2.016;Mallotus paniculatus;17.5;5.57;243,545,465;0.751;0.249;Open;12.94;5.21;TRUE;TRUE;153.11;765.55;146.94;0.4026;FALSE;;0.333;35;0.453;26.49;66,225;66,225;26.49;0.142;8,352,941,176;8,352,941,176;8,352,941,176;0.053;-0.075;0.511;0.87;-1.97;-1.09;0.087485;-0.196554;-0.108994;0.087485;0;0
651;Semak Belukar;9;2;17;S.09.2.017;Mallotus paniculatus;7;2.23;39,037,265;0.751;0.249;Open;12.71;3.91;TRUE;TRUE;140,776;703.88;180.02;0.3076;FALSE;;0.194;35;0.453;57.17;142,925;142,925;57.17;0.234;1,376,470,588;1,376,470,588;1,376,470,588;0.157;0.028;0.528;1.92;-0.09;1.82;0.191858;-0.009356;0.182474;0.191858;0;0.182474
652;Semak Belukar;9;2;18;S.09.2.018;Macaranga trichocarpa;3;0.95;0.7084625;0.751;0.249;Open;;4.03;TRUE;TRUE;118.49;592.45;147.01;#DIV/0!;FALSE;;0.109;38;0.41;73.41;183,525;183,525;73.41;-0.116;-6,823,529,412;-6,823,529,412;0;1,407;0.507;1,848;16.51;5.03;21.53;1,650,507;0.502554;2,152,554;1,650,507;0.502554;2,152,554
653;Semak Belukar;9;2;19;S.09.2.019;Mallotus paniculatus;11;3.5;961,625;0.751;0.249;Open;14.89;5.53;TRUE;TRUE;142,332;711.66;128.69;0.3714;FALSE;;0.333;34;0.328;-1.52;-0.38;0;0;0.659;3,876,470,588;3,876,470,588;3,876,470,588;0.52;0.083;0.483;6.38;-0.53;5.85;0.638073;-0.05329;0.5847;0.638073;0;0.5847
654;Semak Belukar;9;2;20;S.09.2.020;Acacia mangium;15;4.77;178,610,265;0.751;0.249;Open;19.87;6.21;TRUE;TRUE;140,736;703.68;113.31;0.3125;TRUE;93;0.06;34;0.328;81.71;204,275;204,275;81.71;0.04;2,352,941,176;2,352,941,176;2,352,941,176;0.605;0.37;2,911;6.69;5.64;12.33;0.66882;0.56416;123,261;0.66882;0.56416;123,261
655;Semak Belukar;9;2;21;S.09.2.021;Macaranga trichocarpa;5;1.59;19,845,585;0.751;0.249;Open;8.37;2.86;TRUE;TRUE;93,416;467.08;163.31;0.3417;FALSE;;0.103;36;0.414;75.12;18.78;18.78;75.12;-0.026;-1,529,411,765;-1,529,411,765;0;2,642;1,181;3,094;30.38;14.68;45.05;3,037,651;1,468,034;4,504,504;3,037,651;1,468,034;4,504,504
656;Semak Belukar;9;2;22;S.09.2.022;Mallotus paniculatus;7.5;2.39;44,839,985;0.751;0.249;Open;10.38;3.61;TRUE;TRUE;115,722;578.61;160.28;0.3478;FALSE;;0.328;36;0.414;20.77;51,925;51,925;20.77;0.101;5,941,176,471;5,941,176,471;5,941,176,471;0.107;0.051;0.385;1.22;0.67;1.89;0.122171;0.066714;0.188834;0.122171;0.066714;0.188834
657;Semak Belukar;9;2;23;S.09.2.023;Macaranga trichocarpa;9.5;3.02;7,159,514;0.751;0.249;Open;9.89;3.2;TRUE;TRUE;126,032;630.16;196.93;0.3236;FALSE;;0.051;37;0.392;86.99;217,475;217,475;86.99;-0.057;-3,352,941,176;-3,352,941,176;0;2,614;1,149;3,151;30.11;14.08;44.17;3,010,699;1,407,858;4,417,408;3,010,699;1,407,858;4,417,408
658;Semak Belukar;9;2;24;S.09.2.024;Trema orientale;8;2.55;51,044,625;0.751;0.249;Open;3.42;1.18;TRUE;TRUE;35,346;176.73;149.77;0.3450;FALSE;;0.05;34;0.328;84.76;21.19;21.19;84.76;-0.037;-2,176,470,588;-2,176,470,588;0;0.301;0.046;0.363;3.70;-0.36;3.34;0.369896;-0.035528;0.334322;0.369896;0;0.334322
659;Semak Belukar;9;2;25;S.09.2.025;Macaranga trichocarpa;5;1.59;19,845,585;0.751;0.249;Open;9.84;3.4;TRUE;TRUE;110,596;552.98;162.64;0.3455;FALSE;;0.034;36;0.414;91.79;229,475;229,475;91.79;0.046;2,705,882,353;2,705,882,353;2,705,882,353;1,462;0.462;1,927;17.32;3.74;21.06;1,732,462;0.373764;2,105,764;1,732,462;0.373764;2,105,764
660;Semak Belukar;9;2;26;S.09.2.026;Macaranga trichocarpa;4.5;1.43;16,052,465;0.751;0.249;Open;8.43;3.49;TRUE;TRUE;108.35;541.75;155.23;0.4140;FALSE;;0.071;38;0.41;82.68;20.67;20.67;82.68;-0.036;-2,117,647,059;-2,117,647,059;0;1,619;0.541;2,004;19.11;4.81;23.91;1,910,601;0.481198;2,391,258;1,910,601;0.481198;2,391,258
661;Semak Belukar;9;2;27;S.09.2.027;Strobocalyx arborea;6.5;2.07;33,636,465;0.751;0.249;Open;25.55;5.59;TRUE;TRUE;166.22;831.1;148.68;0.2188;TRUE;90;0.205;38;0.41;50;12.5;12.5;50;-0.134;-7,882,352,941;-7,882,352,941;0;0.882;0.444;1,524;10.01;6.04;16.04;1,000,704;0.603984;1,604,244;1,000,704;0.603984;1,604,244
662;Semak Belukar;9;2;28;S.09.2.028;Ficus aurata;6;1.91;28,637,585;0.751;0.249;Open;56.03;15,384;TRUE;TRUE;503,404;2517.02;163.61;0.2746;FALSE;;0.379;34;0.328;-15.55;-38,875;0;0;0.107;6,294,117,647;6,294,117,647;6,294,117,647;1,114;0.515;1,622;12.76;6.58;19.34;1,276,245;0.657998;1,933,728;1,276,245;0.657998;1,933,728
663;Semak Belukar;9;2;29;S.09.2.029;Acacia mangium;10.5;3.34;8,757,146;0.751;0.249;Open;19.65;6.1;TRUE;TRUE;104,666;523.33;85.79;0.3104;TRUE;135;0.115;34;0.328;64.94;16,235;16,235;64.94;0.008;0.4705882353;4,705,882,353;4,705,882,353;2,738;1,206;3,353;31.53;14.80;46.32;3,152,846;1,480,356;4,631,996;3,152,846;1,480,356;4,631,996
664;Semak Belukar;9;2;30;S.09.2.030;Fordia splendidissima;2.5;0.8;0.5024;0.751;0.249;Open;54.9;28.64;TRUE;TRUE;;0;;0.5217;TRUE;89;0.101;33;0.341;70.38;17,595;17,595;70.38;0.094;5,529,411,765;5,529,411,765;5,529,411,765;1.17;0.472;1,621;13.59;5.33;18.92;1,358,932;0.53332;189,178;1,358,932;0.53332;189,178
665;Semak Belukar;9;2;31;S.09.2.031;Trema orientale;7;2.23;39,037,265;0.751;0.249;Open;2.1;0.94;TRUE;TRUE;26.36;131.8;140.21;0.4476;FALSE;;0.137;34;0.328;58.23;145,575;145,575;58.23;-0.097;-5,705,882,353;-5,705,882,353;0;1,652;0.664;0.483;19.19;7.47;26.66;1,919,424;0.747424;2,666,184;1,919,424;0.747424;2,666,184
666;Semak Belukar;9;2;32;S.09.2.032;Leea indica;2.5;0.8;0.5024;0.751;0.249;Open;54.4;22.51;TRUE;TRUE;;0;;0.4138;TRUE;166;-0.052;37;0.392;113.27;283,175;283,175;100;;0;0;0;;;;0.00;0.00;0.00;0;0;0;0;0;0
667;Semak Belukar;10;1;1;S.10.1.001;Macaranga hosei;;0.73;0.4183265;0.78;0.22;Open;10.67;3.46;TRUE;TRUE;117,044;585.22;169.14;0.3243;TRUE;105;0.468;40;0.526;11.03;27,575;27,575;11.03;-0.17;-10;-100;0;0.26;0.116;0.264;2.99;1.44;4.43;0.298996;0.14396;0.44284;0.298996;0.14396;0.44284
668;Semak Belukar;10;1;2;S.10.1.002;Melochia umbellata;;1.09;0.9326585;0.78;0.22;Open;38.81;7.56;TRUE;TRUE;232.98;1164.9;154.09;0.1948;TRUE;76;0.081;41;0.413;80.39;200,975;200,975;80.39;;0;0;0;2,011;1,128;2,868;22.51;16.42;38.91;2,250,538;1,641,972;3,891,382;2,250,538;1,641,972;3,891,382
669;Semak Belukar;10;1;4;S.10.1.004;Homalanthus populneus;;0.83;0.5407865;0.78;0.22;Open;14.08;2.45;TRUE;TRUE;92,012;460.06;187.78;0.1740;TRUE;65;0.19;39;0.543;65.01;162,525;162,525;65.01;-0.066;-3,882,352,941;-3,882,352,941;0;2,651;1,992;3,341;28.31;33.21;61.50;2,830,922;3,321,012;6,149,942;2,830,922;3,321,012;6,149,942
670;Semak Belukar;10;1;5;S.10.1.005;Dipterocarpus sp1;;0.8;0.5024;0.78;0.22;Open;11.65;3.43;TRUE;TRUE;96,434;482.17;140.57;0.2944;TRUE;42;0.394;41;0.413;4.6;1.15;1.15;4.6;-0.029;-1,705,882,353;-1,705,882,353;0;1.38;0.843;1,769;15.26;12.85;28.10;1,525,833;128,463;280,962;1,525,833;128,463;280,962
671;Semak Belukar;10;2;1;S.10.2.001;Trema orientale;;7.08;39,349,224;0.78;0.22;Open;1.33;0.46;TRUE;TRUE;;0;;0.3459;FALSE;;0.162;40;0.526;69.2;17.3;17.3;69.2;0.009;0.5294117647;5,294,117,647;5,294,117,647;1,328;0.667;2,051;15.07;9.06;24.12;1,507,137;0.905926;2,412,396;1,507,137;0.905926;2,412,396
672;Semak Belukar;10;2;2;S.10.2.002;Leea indica;;2.96;6,877,856;0.78;0.22;Open;69.76;26.44;TRUE;TRUE;;0;;0.3790;TRUE;114;0.147;40;0.526;72.05;180,125;180,125;72.05;-0.088;-5,176,470,588;-5,176,470,588;0;2,569;1,674;3,309;28.12;26.31;54.42;2,812,324;2,631,168;5,441,818;2,812,324;2,631,168;5,441,818
673;Semak Belukar;10;2;3;S.10.2.003;Acacia mangium;;2.35;43,351,625;0.78;0.22;Open;18.4;5.09;TRUE;TRUE;268,892;1344.46;264.14;0.2766;TRUE;107;0.157;40;0.526;70.15;175,375;175,375;70.15;;0;0;0;2,401;1,036;3,175;27.71;12.49;40.18;2,770,586;1,248,772;4,018,322;2,770,586;1,248,772;4,018,322
674;Semak Belukar;10;2;4;S.10.2.004;Acacia mangium;;1.47;16,963,065;0.78;0.22;Open;21.57;5.83;TRUE;TRUE;;0;;0.2703;TRUE;102;0.186;40;0.526;64.64;16.16;16.16;64.64;-0.056;-3,294,117,647;-3,294,117,647;0;2,745;1,422;3,438;31.04;19.72;50.74;3,103,632;197,172;507,393;3,103,632;197,172;507,393
675;Semak Belukar;10;2;5;S.10.2.005;Trema orientale;;5.73;257,738,265;0.78;0.22;Open;1.98;0.88;TRUE;TRUE;22,226;111.13;126.28;0.4444;TRUE;;0.031;41;0.413;92.49;231,225;231,225;92.49;-0.057;-3,352,941,176;-3,352,941,176;0;1,207;0.536;1,659;13.89;6.63;20.51;1,388,706;0.662564;2,050,734;1,388,706;0.662564;2,050,734
676;Semak Belukar;10;2;6;S.10.2.006;Acacia mangium;;1.35;14,306,625;0.78;0.22;Open;11.28;3.02;TRUE;TRUE;;0;;0.2677;TRUE;91;0.306;39;0.543;43.65;109,125;109,125;43.65;0.192;1,129,411,765;1,129,411,765;1,129,411,765;0.858;0.483;1,728;9.60;7.05;16.64;0.959733;0.704526;1,663,776;0.959733;0.704526;1,663,776
677;Semak Belukar;10;2;7;S.10.2.007;Acacia mangium;;0.66;0.341946;0.78;0.22;Open;10.84;2.8;TRUE;TRUE;65,038;325.19;116.14;0.2583;TRUE;83;0.169;38;0.41;58.78;14,695;14,695;58.78;-0.093;-5,470,588,235;-5,470,588,235;0;1,846;0.882;2,901;21.07;11.56;32.62;2,107,162;1,155,852;3,262,132;2,107,162;1,155,852;3,262,132
678;Semak Belukar;10;2;8;S.10.2.008;Acacia mangium;;2.67;55,961,865;0.78;0.22;Open;18.11;5.25;TRUE;TRUE;;0;;0.2899;TRUE;100;0.094;41;0.413;77.24;19.31;19.31;77.24;-0.122;-7,176,470,588;-7,176,470,588;0;2,001;1,294;3.55;21.93;20.27;42.19;2,193,184;2,026,792;4,218,682;2,193,184;2,026,792;4,218,682
679;Semak Belukar;10;2;9;S.10.2.009;Trema orientale;;4.52;16,037,864;0.78;0.22;Open;2.31;0.77;TRUE;TRUE;25,406;127.03;164.97;0.3333;FALSE;;0.219;39;0.543;59.67;149,175;149,175;59.67;0.025;1,470,588,235;1,470,588,235;1,470,588,235;2.33;1.12;3,147;26.58;14.74;41.31;265,782;147,436;413,106;265,782;147,436;413,106
680;Semak Belukar;10;2;10;S.10.2.010;Ficus sp.;;2.7;572,265;0.78;0.22;Open;13.61;3.97;TRUE;TRUE;60.66;303.3;76.40;0.2917;TRUE;74;0.049;41;0.413;88.14;22,035;22,035;88.14;-0.125;-7,352,941,176;-7,352,941,176;0;0.477;0.193;2,719;5.54;2.19;7.72;0.553873;0.218734;0.772414;0.553873;0.218734;0.772414
681;Semak Belukar;10;2;11;S.10.2.011;Trema orientale;;5.22;21,389,994;0.78;0.22;Open;10;3.54;TRUE;TRUE;81,752;408.76;115.47;0.3540;FALSE;;0.273;39;0.543;49.72;12.43;12.43;49.72;-0.063;-3,705,882,353;-3,705,882,353;0;0.717;0.482;1,244;7.81;7.68;15.49;0.780932;0.768224;1,548,674;0.780932;0.768224;1,548,674
682;Semak Belukar;10;2;12;S.10.2.012;Eusideroxylon zwageri;;9.87;764,722,665;0.78;0.22;Open;35.96;14.42;TRUE;TRUE;133,596;667.98;46.32;0.4010;FALSE;;0.177;30;0.381;53.54;13,385;13,385;53.54;-0.123;-7,235,294,118;-7,235,294,118;0;1,141;0.555;2,506;13.00;7.37;20.36;1,299,775;0.736962;2,036,182;1,299,775;0.736962;2,036,182
683;Semak Belukar;10;2;13;S.10.2.013;Mallotus paniculatus;;4.4;151,976;0.78;0.22;Open;3.9;1.39;TRUE;TRUE;;0;;0.3564;FALSE;;0.184;40;0.526;65.02;16,255;16,255;65.02;-0.289;-17;-170;0;2,223;1,539;2,959;24.09;24.84;48.92;2,409,219;2,483,946;4,891,626;2,409,219;2,483,946;4,891,626
684;Semak Belukar;10;2;14;S.10.2.014;Trema orientale;;7.49;440,385,785;0.78;0.22;Open;2.57;0.91;TRUE;TRUE;31.11;155.55;170.93;0.3541;FALSE;;0.115;39;0.543;78.82;19,705;19,705;78.82;-0.17;-10;-100;0;2,372;1,366;3,302;26.45;20.18;46.62;2,644,986;2,018,044;4,661,664;2,644,986;2,018,044;4,661,664
685;Semak Belukar;10;2;15;S.10.2.015;Callicarpa pentandra;;1.81;25,717,385;0.78;0.22;Open;12.64;4.39;TRUE;TRUE;160,648;803.24;182.97;0.3473;FALSE;;0.067;41;0.413;83.78;20,945;20,945;83.78;-0.215;-1,264,705,882;-1,264,705,882;0;1,059;0.769;1,855;11.38;12.65;24.03;1,138,069;1,265,398;2,402,698;1,138,069;1,265,398;2,402,698
686;Semak Belukar;11;2;1;S.11.2.001;Trema orientale;;8.05;508,699,625;0.821;0.179;Open;2.74;1.04;TRUE;TRUE;25,552;127.76;122.85;0.3796;FALSE;;0.107;43;0.379;71.77;179,425;179,425;71.77;-0.046;-2,705,882,353;-2,705,882,353;0;1,116;0.629;0.641;12.48;9.18;21.66;1,248,119;0.918122;2,165,612;1,248,119;0.918122;2,165,612
687;Semak Belukar;11;2;3;S.11.2.003;Trema orientale;24.5;7.8;477,594;0.821;0.179;Open;2.8;1.17;TRUE;TRUE;36.19;180.95;154.66;0.4179;TRUE;17;0.102;44;0.367;72.21;180,525;180,525;72.21;-0.162;-9,529,411,765;-9,529,411,765;0;1,135;0.644;1.67;12.68;9.44;22.11;1,268,214;0.94358;221,115;1,268,214;0.94358;221,115
688;Semak Belukar;11;2;4;S.11.2.004;Mallotus paniculatus;9;2.86;6,420,986;0.821;0.179;Open;9.34;3.56;TRUE;TRUE;76,124;380.62;106.92;0.3812;FALSE;;0.432;42;0.404;-6.93;-17,325;0;0;0.003;0.1764705882;1,764,705,882;1,764,705,882;0.276;0.167;0.641;3.06;2.53;5.59;0.305597;0.253262;0.558692;0.305597;0.253262;0.558692
689;Semak Belukar;11;2;6;S.11.2.006;Trema orientale;16.5;5.25;216,365,625;0.821;0.179;Open;3.18;1.4;TRUE;TRUE;;0;;0.4403;FALSE;;0.073;43;0.379;80.74;20,185;20,185;80.74;0.086;5,058,823,529;5,058,823,529;5,058,823,529;0.713;0.641;1,621;7.33;11.34;18.67;0.733081;1,134,206;1,866,646;0.733081;1,134,206;1,866,646
690;Semak Belukar;11;2;7;S.11.2.007;Trema orientale;15;4.77;178,610,265;0.821;0.179;Open;2.98;1.23;TRUE;TRUE;;0;;0.4128;FALSE;;0.048;42;0.404;88.12;22.03;22.03;88.12;0.305;1,794,117,647;1,794,117,647;1,794,117,647;1,712;0.966;2,778;19.14;14.11;33.24;1,914,386;1,410,924;3,324,344;1,914,386;1,410,924;3,324,344
691;Semak Belukar;11;2;8;S.11.2.008;Callicarpa pentandra;9.5;3.02;7,159,514;0.821;0.179;Open;5.17;1.66;TRUE;TRUE;;0;;0.3211;FALSE;;0.019;42;0.404;95.3;23,825;23,825;95.3;0.022;1,294,117,647;1,294,117,647;1,294,117,647;1,326;1,062;2,202;13.98;18.11;32.09;1,398,342;1,811,412;3,208,692;1,398,342;1,811,412;3,208,692
692;Semak Belukar;11;2;9;S.11.2.009;Mallotus paniculatus;11;3.5;961,625;0.821;0.179;Open;10.74;3.44;TRUE;TRUE;;0;;0.3203;FALSE;;0.364;42;0.404;9.9;2,475;2,475;9.9;-0.066;-3,882,352,941;-3,882,352,941;0;0.345;0.191;0.566;3.87;2.76;6.63;0.386771;0.27593;0.66251;0.386771;0.27593;0.66251
693;Semak Belukar;11;2;10;S.11.2.010;Mallotus paniculatus;8;2.55;51,044,625;0.821;0.179;Open;10.2;3.49;TRUE;TRUE;;0;;0.3422;FALSE;;0.315;44;0.367;14.17;35,425;35,425;14.17;0.122;7,176,470,588;7,176,470,588;7,176,470,588;0.393;0.288;0.773;4.22;4.76;8.97;0.421638;0.475596;0.896946;0.421638;0.475596;0.896946
694;Semak Belukar;11;2;11;S.11.2.011;Trema orientale;13;4.14;13,454,586;0.821;0.179;Open;2.17;0.81;TRUE;TRUE;;0;;0.3733;FALSE;;0.123;43;0.379;67.55;168,875;168,875;67.55;0.149;8,764,705,882;8,764,705,882;8,764,705,882;1,372;0.725;2,283;15.47;10.18;25.65;1,547,415;1,018,154;2,564,844;1,547,415;1,018,154;2,564,844
695;Semak Belukar;11;2;13;S.11.2.013;Dillenia indica;25;7.96;49,738,856;0.821;0.179;Open;96.16;34.99;TRUE;TRUE;;0;;0.3639;FALSE;;0.068;43;0.379;82.06;20,515;20,515;82.06;0.094;5,529,411,765;5,529,411,765;5,529,411,765;0.74;0.477;1,002;8.11;7.46;15.57;0.811487;0.74601;155,702;0.811487;0.74601;155,702
696;Semak Belukar;11;2;14;S.11.2.014;Trema orientale;11.5;3.66;10,515,546;0.821;0.179;Open;6.72;3.25;TRUE;TRUE;;0;;0.4836;TRUE;145;0.079;42;0.404;80.45;201,125;201,125;80.45;0.102;6;60;60;0.938;0.535;1,569;10.47;7.86;18.33;1,047,345;0.786166;1,832,976;1,047,345;0.786166;1,832,976
697;Semak Belukar;11;2;15;S.11.2.015;Dendrocnide elliptica;19.5;6.21;302,728,185;0.821;0.179;Open;67.68;11.88;TRUE;TRUE;512,254;2561.27;215.60;0.1755;FALSE;;0.38;43;0.379;-0.26;-0.065;0;0;-0.001;-0.05882352941;-0.5882352941;0;0.163;0.119;0.377;1.75;1.96;3.71;0.174999;0.196226;0.371106;0.174999;0.196226;0.371106
698;Semak Belukar;11;2;19;S.11.2.019;Ficus uncinata;3;0.95;0.7084625;0.821;0.179;Open;41.34;12.9;TRUE;TRUE;427,386;2136.93;165.65;0.3120;FALSE;;0.114;42;0.404;71.78;17,945;17,945;71.78;0.025;1,470,588,235;1,470,588,235;1,470,588,235;1,639;0.982;2,628;18.17;14.82;32.98;1,817,372;1,481,728;3,298,118;1,817,372;1,481,728;3,298,118
699;Semak Belukar;11;3;1;S.11.3.001;Piper aduncum;38;12.1;11,493,185;0.821;0.179;Open;11.54;3.36;TRUE;TRUE;72,168;360.84;107.39;0.2912;FALSE;;0.369;43;0.379;2.64;0.66;0.66;2.64;0.113;6,647,058,824;6,647,058,824;6,647,058,824;0.86;0.684;1,352;9.08;11.64;20.71;0.908204;116,388;20,714;0.908204;116,388;20,714
700;Semak Belukar;12;1;1;S.12.1.001;Boschia griffithii;;0.33;0.0854865;0.694;0.306;Open;2.13;1;TRUE;TRUE;40.16;160.64;160.64;0.4695;TRUE;23;0.15;46;0.532;71.8;17.95;17.95;71.8;0.001;0.05882352941;0.5882352941;0.5882352941;1,704;0.791;1,922;19.51;10.14;29.64;1,951,301;1,013,918;2,964,428;1,951,301;1,013,918;2,964,428
701;Semak Belukar;12;1;5;S.12.1.005;Boschia griffithii;;0.2;0.0314;0.694;0.306;Open;1.69;0.68;TRUE;TRUE;29,794;148.97;219.07;0.4024;TRUE;76;0.17;46;0.532;68.05;170,125;170,125;68.05;-0.046;-2,705,882,353;-2,705,882,353;0;1,371;0.571;2,254;15.88;6.66;22.53;1,587,571;0.665962;2,252,962;1,587,571;0.665962;2,252,962
702;Semak Belukar;12;1;6;S.12.1.006;Boschia griffithii;;0.4;0.1256;0.694;0.306;Open;1.34;0.55;TRUE;TRUE;24,885;99.54;180.98;0.4104;FALSE;;0.108;45;0.549;80.33;200,825;200,825;80.33;0.023;1,352,941,176;1,352,941,176;1,352,941,176;2,126;0.927;2,445;24.51;11.28;35.78;2,450,657;1,127,862;3,577,592;2,450,657;1,127,862;3,577,592
703;Semak Belukar;12;2;1;S.12.2.001;Callicarpa pentandra;;1.67;21,892,865;0.694;0.306;Open;7.19;2.4;TRUE;TRUE;102.18;510.9;212.88;0.3338;FALSE;;0.189;46;0.532;64.47;161,175;161,175;64.47;-0.107;-6,294,117,647;-6,294,117,647;0;;;;0.00;0.00;0.00;0;0;0;0;0;0
704;Semak Belukar;12;2;2;S.12.2.002;Mallotus paniculatus;;4.42;15,336,074;0.694;0.306;Open;9.04;3.97;TRUE;TRUE;132,796;663.98;167.25;0.4392;FALSE;;0.265;45;0.549;51.73;129,325;129,325;51.73;0.032;1,882,352,941;1,882,352,941;1,882,352,941;0.536;0.268;1.19;6.09;3.63;9.71;0.608628;0.362872;0.971232;0.608628;0.362872;0.971232
705;Semak Belukar;12;2;3;S.12.2.003;Eusideroxylon zwageri;;3.59;101,171,585;0.694;0.306;Open;37.56;14.89;TRUE;TRUE;279,868;1399.34;93.98;0.3964;FALSE;;0.023;45;0.549;95.81;239,525;239,525;95.81;-0.142;-8,352,941,176;-8,352,941,176;0;1,079;0.465;2,056;12.45;5.60;18.05;1,245,245;0.559878;1,804,658;1,245,245;0.559878;1,804,658
706;Semak Belukar;12;2;4;S.12.2.004;Trema orientale;;3.52;9,726,464;0.694;0.306;Open;1.19;0.49;TRUE;TRUE;23.48;117.4;239.59;0.4118;FALSE;;0.186;47;0.514;63.81;159,525;159,525;63.81;-0.038;-2,235,294,118;-2,235,294,118;0;1,873;0.776;2,771;21.70;9.00;30.70;2,169,966;0.900476;3,069,666;2,169,966;0.900476;3,069,666
707;Semak Belukar;12;2;5;S.12.2.005;Callicarpa pentandra;;2.78;6,066,794;0.694;0.306;Open;6.02;2.1;TRUE;TRUE;68.45;342.25;162.98;0.3488;FALSE;;0.361;48;0.52;30.58;7,645;7,645;30.58;0.077;4,529,411,765;4,529,411,765;4,529,411,765;0.569;0.42;1,198;6.10;6.96;13.05;0.60965;0.695508;1,304,738;0.60965;0.695508;1,304,738
708;Semak Belukar;12;2;6;S.12.2.006;Mallotus paniculatus;;2.29;41,166,185;0.694;0.306;Open;7.37;2.58;TRUE;TRUE;66,654;333.27;129.17;0.3501;TRUE;52;0.229;46;0.532;56.95;142,375;142,375;56.95;0.021;1,235,294,118;1,235,294,118;1,235,294,118;0.159;0.09;0.558;1.78;1.32;3.09;0.17772;0.131688;0.309318;0.17772;0.131688;0.309318
709;Semak Belukar;12;2;7;S.12.2.007;Trema orientale;;3.54;9,837,306;0.694;0.306;Open;2.44;0.85;TRUE;TRUE;33,734;168.67;198.44;0.3484;TRUE;22;0.514;45;0.549;6.38;1,595;1,595;6.38;0.252;1,482,352,941;1,482,352,941;1,482,352,941;0.835;0.35;2,003;9.66;4.11;13.77;0.9663;0.41072;137,667;0.9663;0.41072;137,667
710;Semak Belukar;12;2;8;S.12.2.008;Homalanthus populneus;;2.94;6,785,226;0.694;0.306;Open;9.17;2.62;TRUE;TRUE;105,538;527.69;201.41;0.2857;TRUE;88;0.156;45;0.549;71.58;17,895;17,895;71.58;0.214;1,258,823,529;1,258,823,529;1,258,823,529;2,251;0.877;2,605;26.23;9.55;35.77;2,622,857;0.954862;3,576,842;2,622,857;0.954862;3,576,842
711;Semak Belukar;12;2;9;S.12.2.009;Macaranga gigantea;;4.15;135,196,625;0.694;0.306;Open;107.77;42.54;TRUE;TRUE;3179.44;3179.44;74.74;0.3947;FALSE;;;;0.443;100;25;25;100;;0;0;0;;;;0.00;0.00;0.00;0;0;0;0;0;0
712;Semak Belukar;12;2;10;S.12.2.010;Callicarpa pentandra;;5.12;20,578,304;0.694;0.306;Open;8.07;2.59;TRUE;TRUE;101.47;507.35;195.89;0.3209;FALSE;;0.209;47;0.514;59.34;14,835;14,835;59.34;0.035;2,058,823,529;2,058,823,529;2,058,823,529;0.955;0.77;1,558;10.06;13.16;23.21;100,572;131,636;232,131;100,572;131,636;232,131
713;Semak Belukar;12;2;11;S.12.2.011;Melicope glabra;;1.58;1,959,674;0.694;0.306;Open;75.85;24.14;TRUE;TRUE;650.36;3251.8;134.71;0.3183;TRUE;265;0.427;48;0.52;17.88;4.47;4.47;17.88;-0.011;-0.6470588235;-6,470,588,235;0;0.143;0.011;0.135;1.79;-0.42;1.37;0.178651;-0.041734;0.136906;0.178651;0;0.136906
714;Semak Belukar;12;2;12;S.12.2.012;Strobocalyx arborea;;3.45;93,434,625;0.694;0.306;Open;30.16;6.47;TRUE;TRUE;288.87;1444.35;223.24;0.2145;TRUE;62;0.142;46;0.532;73.31;183,275;183,275;73.31;0.062;3,647,058,824;3,647,058,824;3,647,058,824;0.55;0.259;0.846;6.29;3.36;9.64;0.628829;0.33571;0.96428;0.628829;0.33571;0.96428
715;Semak Belukar;12;2;14;S.12.2.014;Callicarpa pentandra;;2.25;39,740,625;0.694;0.306;Open;5.2;1.8;TRUE;TRUE;918,475;367.39;204.11;0.3462;FALSE;;0.144;45;0.549;73.77;184,425;184,425;73.77;0.012;0.7058823529;7,058,823,529;7,058,823,529;1,233;1,019;2,137;12.92;17.56;30.47;1,291,799;1,756,466;3,047,246;1,291,799;1,756,466;3,047,246
716;Semak Belukar;12;2;15;S.12.2.015;Trema orientale;;4.38;15,059,754;0.694;0.306;Open;2.57;1.07;TRUE;TRUE;34.61;173.05;161.73;0.4163;FALSE;;0.101;44;0.367;72.48;18.12;18.12;72.48;0.076;4,470,588,235;4,470,588,235;4,470,588,235;1,637;0.84;1,806;18.53;11.57;30.10;185,303;1,157,484;3,009,674;185,303;1,157,484;3,009,674
717;Semak Belukar;12;2;16;S.12.2.016;Trema orientale;;7.74;47,027,466;0.694;0.306;Open;1.53;0.55;TRUE;TRUE;28,282;141.41;257.11;0.3595;FALSE;;0.188;46;0.532;64.66;16,165;16,165;64.66;0.059;3,470,588,235;3,470,588,235;3,470,588,235;;;;0.00;0.00;0.00;0;0;0;0;0;0
718;Semak Belukar;12;2;17;S.12.2.017;Nauclea sp.;;4.41;152,667,585;0.694;0.306;Open;48.56;18.95;TRUE;TRUE;294,532;1472.66;77.71;0.3902;FALSE;;0.145;47;0.514;71.79;179,475;179,475;71.79;0.032;1,882,352,941;1,882,352,941;1,882,352,941;1,051;0.37;2.86;12.35;3.55;15.90;123,524;0.355432;1,590,302;123,524;0.355432;1,590,302
719;Semak Belukar;12;2;18;S.12.2.018;Acacia mangium;;3.76;11,098,016;0.694;0.306;Open;12.72;3.91;TRUE;TRUE;116,092;580.46;148.46;0.3074;TRUE;85;0.016;47;0.514;96.89;242,225;242,225;96.89;-0.006;-0.3529411765;-3,529,411,765;0;;;;0.00;0.00;0.00;0;0;0;0;0;0
720;Semak Belukar;12;2;19;S.12.2.019;Acacia mangium;;3.19;79,882,385;0.694;0.306;Open;15.21;4.25;TRUE;TRUE;134,944;674.72;158.76;0.2794;TRUE;101;0.212;47;0.514;58.75;146,875;146,875;58.75;0.019;1,117,647,059;1,117,647,059;1,117,647,059;1,103;0.492;2.04;12.68;6.10;18.78;1,268,462;0.610476;1,878,446;1,268,462;0.610476;1,878,446
721;Semak Belukar;12;2;21;S.12.2.021;Nauclea sp.;;6.88;37,157,504;0.694;0.306;Open;34.12;11.61;TRUE;TRUE;242,774;1213.87;104.55;0.3403;TRUE;80;;;0.443;100;25;25;100;;0;0;0;;;;0.00;0.00;0.00;0;0;0;0;0;0
722;Semak Belukar;12;2;22;S.12.2.022;Trema orientale;;2.89;65,563,985;0.694;0.306;Open;1.81;0.64;TRUE;TRUE;32,692;163.46;255.41;0.3536;FALSE;;0.077;44;0.367;79.02;19,755;19,755;79.02;0.093;5,470,588,235;5,470,588,235;5,470,588,235;2,163;1,185;3,302;24.28;17.01;41.28;2,428,245;1,701,366;4,128,426;2,428,245;1,701,366;4,128,426
723;Semak Belukar;12;2;23;S.12.2.023;Eusideroxylon zwageri;;4.29;144,472,185;0.694;0.306;Open;24.57;9.48;TRUE;TRUE;210,976;1054.88;111.27;0.3858;FALSE;;0.032;44;0.367;91.28;22.82;22.82;91.28;-0.089;-5,235,294,118;-5,235,294,118;0;1,502;0.682;3,078;17.24;8.59;25.82;1,724,082;0.858844;2,582,244;1,724,082;0.858844;2,582,244
724;Semak Belukar;12;2;24;S.12.2.024;Paracroton pendulus;;1;0.785;0.694;0.306;Open;29.92;8.99;TRUE;TRUE;260,522;1302.61;144.90;0.3005;TRUE;35;0.504;48;0.52;3.08;0.77;0.77;3.08;0.037;2,176,470,588;2,176,470,588;2,176,470,588;1,644;0.809;1,697;18.70;10.83;29.53;1,870,259;1,083,218;2,952,668;1,870,259;1,083,218;2,952,668
725;Semak Belukar;12;2;25;S.12.2.025;Macaranga motleyana;;1.19;11,116,385;0.694;0.306;Open;8.95;3.25;TRUE;TRUE;153.5;767.5;236.15;0.3631;TRUE;82;0.188;48;0.52;63.85;159,625;159,625;63.85;0;0;0;0;2,459;1,346;2,797;27.61;19.32;46.91;2,760,856;1,931,528;4,691,038;2,760,856;1,931,528;4,691,038
726;Semak Belukar;12;2;26;S.12.2.026;Mallotus paniculatus;;4.92;19,002,024;0.694;0.306;Open;5.67;2.24;TRUE;TRUE;50,802;254.01;113.40;0.3951;FALSE;;0.195;44;0.367;46.87;117,175;117,175;46.87;0.147;8,647,058,824;8,647,058,824;8,647,058,824;0.406;0.283;0.732;4.39;4.58;8.97;0.439493;0.458062;0.897272;0.439493;0.458062;0.897272
727;Semak Belukar;12;2;27;S.12.2.027;Mallotus paniculatus;;3.33;87,047,865;0.694;0.306;Open;9.32;3.6;TRUE;TRUE;112,864;564.32;156.76;0.3863;FALSE;;0.226;47;0.514;56.03;140,075;140,075;56.03;0.135;7,941,176,471;7,941,176,471;7,941,176,471;-0.016;-0.081;0.23;0.01;-1.78;-1.76;0.001469;-0.178002;-0.176452;0.001469;0;0
728;Semak Belukar;13;1;2;S.13.1.002;Boschia griffithii;;0.19;0.0283385;0.762;0.238;Open;2.66;1.06;TRUE;TRUE;30.9;154.5;145.75;0.3985;TRUE;59;0.157;50;0.46;65.87;164,675;164,675;65.87;0.1;5,882,352,941;5,882,352,941;5,882,352,941;0.966;0.442;1,182;11.08;5.60;16.68;1,107,922;0.560092;1,667,572;1,107,922;0.560092;1,667,572
729;Semak Belukar;13;1;7;S.13.1.007;Boschia griffithii;;0.2;0.0314;0.762;0.238;Open;2.66;1.02;TRUE;TRUE;32,834;164.17;160.95;0.3835;TRUE;48;0.243;48;0.52;53.27;133,175;133,175;53.27;-0.01;-0.5882352941;-5,882,352,941;0;1,601;0.841;1,823;18.07;11.77;29.83;1,807,041;1,176,622;2,982,822;1,807,041;1,176,622;2,982,822
730;Semak Belukar;13;1;8;S.13.1.008;Boschia griffithii;;0.21;0.0346185;0.762;0.238;Open;2.86;1.08;TRUE;TRUE;28,776;143.88;133.22;0.3776;TRUE;44;0.132;51;0.499;73.55;183,875;183,875;73.55;-0.043;-2,529,411,765;-2,529,411,765;0;1,941;0.934;2,467;22.14;12.30;34.43;2,213,824;1,230,472;3,443,362;2,213,824;1,230,472;3,443,362
731;Semak Belukar;13;1;9;S.13.1.009;Boschia griffithii;;0.24;0.045216;0.762;0.238;Open;2.58;1.08;TRUE;TRUE;26,378;131.89;122.12;0.4186;TRUE;46;0.146;51;0.499;70.74;17,685;17,685;70.74;0.038;2,235,294,118;2,235,294,118;2,235,294,118;1.46;0.746;2,327;16.54;10.25;26.78;1,653,526;102,506;267,784;1,653,526;102,506;267,784
732;Semak Belukar;13;1;10;S.13.1.010;Boschia griffithii;;0.41;0.1319585;0.762;0.238;Open;2.58;0.99;TRUE;TRUE;22,242;111.21;112.33;0.3837;TRUE;50;0.184;50;0.46;60;15;15;60;0.037;2,176,470,588;2,176,470,588;2,176,470,588;1,106;0.565;1,595;12.53;7.76;20.28;1,252,635;0.776242;2,028,312;1,252,635;0.776242;2,028,312
733;Semak Belukar;13;2;1;S.13.2.001;Trema orientale;;5.38;22,721,354;0.762;0.238;Open;8.87;2.27;TRUE;TRUE;34.31;171.55;75.57;0.2559;FALSE;;0.115;51;0.499;76.95;192,375;192,375;76.95;0.168;9,882,352,941;9,882,352,941;9,882,352,941;2,307;1,312;3,212;25.77;19.25;45.00;2,576,962;1,924,804;4,500,454;2,576,962;1,924,804;4,500,454
734;Semak Belukar;13;2;2;S.13.2.002;Croton argyratus;;0.64;0.321536;0.762;0.238;Open;6.6;1.62;TRUE;TRUE;219.55;1097.75;677.62;0.2455;TRUE;8;0.212;49;0.475;55.37;138,425;138,425;55.37;0.114;6,705,882,353;6,705,882,353;6,705,882,353;2,095;1,059;2,673;23.76;14.45;38.19;2,375,779;144,465;381,937;2,375,779;144,465;381,937
735;Semak Belukar;13;2;3;S.13.2.003;Acacia mangium;;1.49;17,427,785;0.762;0.238;Open;32.47;7.24;TRUE;TRUE;46,238;231.19;31.93;0.2230;TRUE;96;0.192;49;0.475;59.58;14,895;14,895;59.58;0.123;7,235,294,118;7,235,294,118;7,235,294,118;2,569;1,268;3,303;29.22;17.01;46.22;2,921,538;1,701,428;4,621,698;2,921,538;1,701,428;4,621,698
736;Semak Belukar;13;2;4;S.13.2.004;Trema orientale;;6.33;314,540,865;0.762;0.238;Open;3.45;0.87;TRUE;TRUE;25,218;126.09;144.93;0.2522;FALSE;;0.148;49;0.475;68.84;17.21;17.21;68.84;0.164;9,647,058,824;9,647,058,824;9,647,058,824;1,393;0.819;2,686;15.49;12.24;27.72;1,548,799;1,223,586;2,771,566;1,548,799;1,223,586;2,771,566
737;Semak Belukar;13;2;5;S.13.2.005;Acacia mangium;;1.29;13,063,185;0.762;0.238;Open;6.01;1.38;TRUE;TRUE;41,914;209.57;151.86;0.2296;TRUE;130;0.123;51;0.499;75.35;188,375;188,375;75.35;0.108;6,352,941,176;6,352,941,176;6,352,941,176;1,093;0.52;1.81;12.48;6.79;19.27;124,823;0.679276;1,926,986;124,823;0.679276;1,926,986
738;Semak Belukar;13;2;6;S.13.2.006;Trema orientale;;5.53;240,060,065;0.762;0.238;Open;4.81;1.47;TRUE;TRUE;27,586;137.93;93.83;0.3056;FALSE;;0.98;49;0.475;-106.32;-26.58;0;0;-0.049;-2,882,352,941;-2,882,352,941;0;1,473;0.656;1,849;16.94;8.13;25.06;1,694,246;0.812876;2,506,466;1,694,246;0.812876;2,506,466
739;Semak Belukar;13;2;7;S.13.2.007;Leea indica;;6.71;353,439,185;0.762;0.238;Open;6.87;2.46;TRUE;TRUE;75,582;377.91;153.62;0.3581;TRUE;75;0.391;49;0.475;17.68;4.42;4.42;17.68;0.048;2,823,529,412;2,823,529,412;2,823,529,412;0.737;0.451;0.92;8.15;6.88;15.02;0.814671;0.687874;1,502,094;0.814671;0.687874;1,502,094
740;Semak Belukar;13;2;8;S.13.2.008;Callicarpa pentandra;;3.97;123,723,065;0.762;0.238;Open;5.88;1.99;TRUE;TRUE;57,144;285.72;143.58;0.3384;FALSE;;0.198;51;0.499;60.32;15.08;15.08;60.32;0.09;5,294,117,647;5,294,117,647;5,294,117,647;1,442;0.788;1,892;16.19;11.30;27.48;1,619,368;1,129,664;2,748,244;1,619,368;1,129,664;2,748,244
741;Semak Belukar;13;2;10;S.13.2.010;Trema orientale;;2.98;6,971,114;0.762;0.238;Open;4.63;1.54;TRUE;TRUE;17,596;87.98;57.13;0.3326;FALSE;;0.438;50;0.46;4.78;1,195;1,195;4.78;-0.049;-2,882,352,941;-2,882,352,941;0;0.502;0.305;0.581;5.55;4.64;10.19;0.555495;0.463514;1,018,704;0.555495;0.463514;1,018,704
742;Semak Belukar;13;2;11;S.13.2.011;Trema orientale;;3.25;82,915,625;0.762;0.238;Open;4.03;1.39;TRUE;TRUE;;0;;0.3449;FALSE;;0.189;48;0.52;63.65;159,125;159,125;63.65;-0.014;-0.8235294118;-8,235,294,118;0;1,159;0.61;2,065;13.08;8.54;21.62;130,784;0.854488;2,161,718;130,784;0.854488;2,161,718
743;Semak Belukar;13;2;12;S.13.2.012;Prasoxylon excelsum;;1.12;0.984704;0.762;0.238;Open;61.02;28.6;TRUE;TRUE;476,534;2382.67;83.31;0.4687;TRUE;92;0.418;50;0.46;9.13;22,825;22,825;9.13;0.06;3,529,411,765;3,529,411,765;3,529,411,765;1,294;0.701;1,651;14.55;10.00;24.54;1,454,811;0.999698;2,453,808;1,454,811;0.999698;2,453,808
744;Semak Belukar;13;2;13;S.13.2.013;Mallotus mollissimus;;1.27;12,661,265;0.762;0.238;Open;13.88;5.21;TRUE;TRUE;236.89;1184.45;227.34;0.3754;FALSE;;0.375;50;0.46;18.48;4.62;4.62;18.48;0.077;4,529,411,765;4,529,411,765;4,529,411,765;2,413;1,426;3,109;26.81;21.36;48.16;2,680,916;2,136,256;4,815,746;2,680,916;2,136,256;4,815,746
745;Semak Belukar;13;2;14;S.13.2.014;Mallotus mollissimus;;0.98;0.753914;0.762;0.238;Open;13.08;3.72;TRUE;TRUE;128.37;385.11;103.52;0.2844;FALSE;;0.317;50;0.46;31.09;77,725;77,725;31.09;0.086;5,058,823,529;5,058,823,529;5,058,823,529;2,447;1,243;3.02;27.73;17.01;44.73;2,773,323;1,701,274;4,473,354;2,773,323;1,701,274;4,473,354
746;Semak Belukar;13;2;15;S.13.2.015;Acacia mangium;;1.4;15,386;0.762;0.238;Open;12.22;3;TRUE;TRUE;64,102;320.51;106.84;0.2455;TRUE;79;0.141;49;0.475;70.32;17.58;17.58;70.32;-0.021;-1,235,294,118;-1,235,294,118;0;2,306;1,161;3,145;26.16;15.79;41.95;2,616,311;1,579,482;4,194,632;2,616,311;1,579,482;4,194,632
747;Pusrehut;1;1;22;P.01.1.022;Ficus geocharis;;0.56;0.246176;0.137;0.795;Closed;1.92;0.6;FALSE;TRUE;41,338;206.69;344.48;0.3125;FALSE;;;;;;;;;;;0;0;;;;0.00;0.00;0.00;0;0;0;0;0;0
748;Pusrehut;1;1;8;P.01.1.008;Aporosa grandistipula;;0.71;0.3957185;0.137;0.795;Closed;7.93;2.31;TRUE;TRUE;83.8;335.2;145.11;0.2913;TRUE;94;0.618;58;0.323;-91.33;-228,325;0;0;0.033;1,941,176,471;1,941,176,471;1,941,176,471;0.979;0.753;1.61;10.41;12.66;23.06;1,040,773;1,266,198;2,306,218;1,040,773;1,266,198;2,306,218
749;Pusrehut;1;1;40;P.01.1.040;Madhuca kingiana;;0.84;0.553896;0.137;0.795;Closed;22.9;7.44;FALSE;TRUE;2,376,766,667;713.03;95.84;0.3249;TRUE;33;;;0.443;100;25;25;100;;0;0;0;;;;0.00;0.00;0.00;0;0;0;0;0;0
750;Pusrehut;1;1;42;P.01.1.042;Anaxagorea javanica;;0.28;0.061544;0.137;0.795;Closed;4.39;1.5;TRUE;TRUE;53,838;269.19;179.46;0.3417;TRUE;140;0.089;57;0.346;74.28;18.57;18.57;74.28;-0.027;-1,588,235,294;-1,588,235,294;0;1,212;0.905;2,102;12.96;15.05;28.00;1,295,795;1,505,234;2,800,124;1,295,795;1,505,234;2,800,124
751;Pusrehut;1;1;54;P.01.1.054;Boschia griffithii;;0.59;0.2732585;0.137;0.795;Closed;3.6;1.38;TRUE;TRUE;39,104;195.52;141.68;0.3833;TRUE;61;0.035;55;0.481;92.72;23.18;23.18;92.72;-0.113;-6,647,058,824;-6,647,058,824;0;1,026;0.534;2,554;11.59;7.43;19.02;1,159,374;0.742692;1,901,532;1,159,374;0.742692;1,901,532
752;Pusrehut;1;1;70;P.01.1.070;Aporosa nitida;;0.33;0.0854865;0.137;0.795;Closed;2.88;0.88;TRUE;TRUE;539,025;215.61;245.01;0.3056;TRUE;72;0.14;56;0.455;69.23;173,075;173,075;69.23;-0.066;-3,882,352,941;-3,882,352,941;0;1,291;0.739;2,264;14.41;10.88;25.28;1,440,779;1,088,122;2,528,162;1,440,779;1,088,122;2,528,162
753;Pusrehut;1;1;76;P.01.1.076;#N/A;#N/A;#N/A;#N/A;0.137;0.795;Closed;5.47;1.1;FALSE;TRUE;717,425;286.97;260.88;0.2011;FALSE;;;;0.443;100;25;25;100;;0;0;0;;;;0.00;0.00;0.00;0;0;0;0;0;0
754;Pusrehut;1;1;89;P.01.1.089;Aporosa grandistipula;;0.48;0.180864;0.137;0.795;Closed;3.87;;TRUE;TRUE;66,625;266.5;#DIV/0!;0.0000;TRUE;143;0.137;57;0.346;60.4;15.1;15.1;60.4;0.003;0.1764705882;1,764,705,882;1,764,705,882;0.801;0.282;0.82;9.41;2.71;12.12;0.941412;0.270912;1,212,042;0.941412;0.270912;1,212,042
755;Pusrehut;1;1;93;P.01.1.093;Mallotus leucodermis;;0.55;0.2374625;0.137;0.795;Closed;7.25;2.01;TRUE;TRUE;91,414;457.07;227.40;0.2772;TRUE;29;0.292;51;0.499;41.48;10.37;10.37;41.48;0.076;4,470,588,235;4,470,588,235;4,470,588,235;2;0.871;2,554;23.06;10.59;33.63;2,305,701;105,859;336,342;2,305,701;105,859;336,342
756;Pusrehut;1;1;130;P.01.1.130;Mallotus leucodermis;;0.68;0.362984;0.137;0.795;Closed;5.73;1.78;TRUE;TRUE;63,008;315.04;176.99;0.3106;TRUE;9;0.262;54;0.463;43.41;108,525;108,525;43.41;;0;0;0;#N/A;#N/A;#N/A;#N/A;#N/A;#N/A;#N/A;#N/A;#N/A;#N/A;#N/A;#N/A
757;Pusrehut;1;1;141;P.01.1.141;Eusideroxylon zwageri;;0.41;0.1319585;0.137;0.795;Closed;6.83;2.3;TRUE;TRUE;62,586;312.93;136.06;0.3367;FALSE;;0.074;60;0.347;78.67;196,675;196,675;78.67;0.126;7,411,764,706;7,411,764,706;7,411,764,706;0.695;0.285;1,355;8.06;3.27;11.33;0.805985;0.32739;113,309;0.805985;0.32739;113,309
758;Pusrehut;1;1;106;P.01.1.106;Discospermum malaccense;;0.32;0.080384;0.137;0.795;Closed;2.86;0.88;TRUE;TRUE;498,925;199.57;226.78;0.3077;TRUE;109;0.181;54;0.463;60.91;152,275;152,275;60.91;-0.05;-2,941,176,471;-2,941,176,471;0;0.642;0.504;1,212;6.80;8.54;15.33;0.679764;0.853704;1,532,964;0.679764;0.853704;1,532,964
759;Pusrehut;1;1;111;P.01.1.111;Eusideroxylon zwageri;;0.44;0.151976;0.137;0.795;Closed;12.2;3.83;TRUE;TRUE;96,044;480.22;125.38;0.3139;FALSE;;0.307;57;0.346;11.27;28,175;28,175;11.27;0.073;4,294,117,647;4,294,117,647;4,294,117,647;0.873;8,408;1,631;-11.53;188.46;176.84;-1,153,042;18,845,756;17,684,306;0;18,845,756;17,684,306
760;Pusrehut;1;1;118;P.01.1.118;Mallotus leucodermis;;0.59;0.2732585;0.137;0.795;Closed;8.87;2.64;TRUE;TRUE;129,958;649.79;246.13;0.2976;TRUE;42;0.193;56;0.455;57.58;14,395;14,395;57.58;0.04;2,352,941,176;2,352,941,176;2,352,941,176;1,005;0.408;1,734;11.67;4.64;16.30;1,166,598;0.46398;163,017;1,166,598;0.46398;163,017
761;Pusrehut;1;1;98;P.01.1.098;Boschia griffithii;;0.53;0.2205065;0.137;0.795;Closed;2.6;0.76;TRUE;TRUE;39,366;196.83;258.99;0.2923;TRUE;89;0.168;60;0.347;51.59;128,975;128,975;51.59;-0.045;-2,647,058,824;-2,647,058,824;0;1,038;0.536;1,967;11.74;7.42;19.15;1,174,076;0.741656;1,915,196;1,174,076;0.741656;1,915,196
762;Pusrehut;1;1;206;P.01.1.206;Syzygium sp2;;0.52;0.212264;0.137;0.795;Closed;7.5;2.82;TRUE;TRUE;103,266;516.33;183.10;0.3760;TRUE;122;0.138;52;0.526;73.76;18.44;18.44;73.76;-0.034;-2;-20;0;0.548;0.205;1,104;6.41;2.13;8.54;0.640815;0.212986;0.853596;0.640815;0.212986;0.853596
763;Pusrehut;1;1;155;P.01.1.155;Eusideroxylon zwageri;;0.38;0.113354;0.137;0.795;Closed;7.65;2.57;TRUE;TRUE;1,196,375;478.55;186.21;0.3359;FALSE;;0.271;52;0.526;48.48;12.12;12.12;48.48;-0.086;-5,058,823,529;-5,058,823,529;0;0.726;0.294;1,156;8.43;3.33;11.76;0.842934;0.333492;1,176,132;0.842934;0.333492;1,176,132
764;Pusrehut;1;1;158;P.01.1.158;Eusideroxylon zwageri;;0.88;0.607904;0.137;0.795;Closed;13.72;4.72;TRUE;TRUE;1,457,575;583.03;123.52;0.3440;FALSE;;0.119;53;0.478;75.1;18,775;18,775;75.1;-0.059;-3,470,588,235;-3,470,588,235;0;0.799;0.501;1,193;8.80;7.73;16.53;0.879961;0.773358;1,652,818;0.879961;0.773358;1,652,818
765;Pusrehut;1;1;170;P.01.1.170;Discospermum malaccense;;0.45;0.1589625;0.137;0.795;Closed;2.35;0.71;TRUE;TRUE;24,486;122.43;172.44;0.3021;TRUE;126;0.189;55;0.481;60.71;151,775;151,775;60.71;0.15;8,823,529,412;8,823,529,412;8,823,529,412;0.979;0.753;1.61;10.41;12.66;23.06;1,040,773;1,266,198;2,306,218;1,040,773;1,266,198;2,306,218
766;Pusrehut;1;1;190;P.01.1.190;Ficus geocharis;;0.41;0.1319585;0.137;0.795;Closed;1.67;0.52;TRUE;TRUE;28,146;140.73;270.63;0.3114;FALSE;;0.074;53;0.478;84.52;21.13;21.13;84.52;-0.007;-0.4117647059;-4,117,647,059;0;2.16;1.43;2,642;23.59;22.64;46.21;235,853;226,382;462,092;235,853;226,382;462,092
767;Pusrehut;1;1;176;P.01.1.176;Eusideroxylon zwageri;;0.43;0.1451465;0.137;0.795;Closed;10;3.45;TRUE;TRUE;141,715;566.86;164.31;0.3450;FALSE;;0.004;59;0.338;98.82;24,705;24,705;98.82;0.061;3,588,235,294;3,588,235,294;3,588,235,294;1,036;0.508;2,205;11.79;6.78;18.57;1,179,068;0.678472;1,857,032;1,179,068;0.678472;1,857,032
768;Pusrehut;1;1;196;P.01.1.196;Eusideroxylon zwageri;;0.43;0.1451465;0.137;0.795;Closed;7.53;2.39;TRUE;TRUE;92,015;368.06;154.00;0.3174;FALSE;;0.063;58;0.323;80.5;20,125;20,125;80.5;0.002;0.1176470588;1,176,470,588;1,176,470,588;0.842;0.408;2,201;9.60;5.40;14.99;0.959588;0.540264;1,499,444;0.959588;0.540264;1,499,444
769;Pusrehut;1;2;14;P.01.2.014;Monoon sp.;6;1.91;28,637,585;0.137;0.795;Closed;8.42;3.35;TRUE;TRUE;86,478;432.39;129.07;0.3979;TRUE;85;0.245;57;0.346;29.19;72,975;72,975;29.19;0.087;5,117,647,059;5,117,647,059;5,117,647,059;1,737;0.986;2,801;19.41;14.45;33.85;1,940,756;1,445,024;3,384,794;1,940,756;1,445,024;3,384,794
770;Pusrehut;1;2;7;P.01.2.007;Kokoona reflexa;4;1.27;12,661,265;0.137;0.795;Closed;1.7;0.54;TRUE;TRUE;21,532;107.66;199.37;0.3176;TRUE;56;0.092;55;0.481;80.87;202,175;202,175;80.87;-0.012;-0.7058823529;-7,058,823,529;0;2,755;2,666;3,508;27.82;48.16;75.95;2,781,696;48,158;759,483;2,781,696;48,158;759,483
771;Pusrehut;1;2;27;P.01.2.027;Stemonurus malaccensis;;0.78;0.477594;0.137;0.795;Closed;7.16;2.7;FALSE;TRUE;54,436;272.18;100.81;0.3771;FALSE;;;;0.443;100;25;25;100;0.037;2,176,470,588;2,176,470,588;2,176,470,588;;;;0.00;0.00;0.00;0;0;0;0;0;0
772;Pusrehut;1;2;72;P.01.2.072;Discospermum malaccense;12;3.82;11,455,034;0.137;0.795;Closed;7.63;1.86;TRUE;TRUE;61,828;309.14;166.20;0.2438;TRUE;57;0.104;53;0.478;78.24;19.56;19.56;78.24;-0.033;-1,941,176,471;-1,941,176,471;0;0.921;0.377;0.648;10.68;4.32;15.00;1,068,257;0.432302;1,500,182;1,068,257;0.432302;1,500,182
773;Pusrehut;1;2;74;P.01.2.074;Syzygium sp1;;1.81;25,717,385;0.137;0.795;Closed;5.6;2.31;TRUE;TRUE;42,944;214.72;92.95;0.4125;TRUE;154;0.089;58;0.323;72.45;181,125;181,125;72.45;0.009;0.5294117647;5,294,117,647;5,294,117,647;0.784;0.3;0.942;9.15;3.20;12.35;0.91498;0.320088;1,234,768;0.91498;0.320088;1,234,768
774;Pusrehut;1;2;93;P.01.2.093;Eusideroxylon zwageri;;0.42;0.138474;0.137;0.795;Closed;14.89;5.18;TRUE;TRUE;1,917,066,667;575.12;111.03;0.3479;FALSE;;0.01;56;0.455;97.8;24.45;24.45;97.8;-0.065;-3,823,529,412;-3,823,529,412;0;1,432;0.718;3.28;16.25;9.74;25.99;1,625,498;0.974044;2,598,824;1,625,498;0.974044;2,598,824
775;Pusrehut;1;2;102;P.01.2.102;sp3;;3.2;80,384;0.137;0.795;Closed;14.11;4.6;TRUE;TRUE;98,122;490.61;106.65;0.3260;TRUE;61;-0.013;60;0.347;103.75;259,375;259,375;100;-0.036;-2,117,647,059;-2,117,647,059;0;0.539;0.195;1,438;6.32;1.94;8.26;0.632075;0.194298;0.826178;0.632075;0.194298;0.826178
776;Pusrehut;1;2;58;P.01.2.058;#N/A;#N/A;#N/A;#N/A;0.137;0.795;Closed;27.49;;FALSE;FALSE;;0;#DIV/0!;0.0000;FALSE;;;;0.443;100;25;25;100;;0;0;0;;;;0.00;0.00;0.00;0;0;0;0;0;0
777;Pusrehut;1;2;108;P.01.2.108;Baccaurea sp1;;3.84;11,575,296;0.137;0.795;Closed;19.51;5.87;TRUE;TRUE;89,174;445.87;75.96;0.3009;TRUE;24;0.055;55;0.481;88.57;221,425;221,425;88.57;0.025;1,470,588,235;1,470,588,235;1,470,588,235;0.227;0.176;0.751;2.41;2.97;5.38;0.240946;0.296804;0.537574;0.240946;0.296804;0.537574
778;Pusrehut;1;2;401;P.01.2.401;sp4;10;3.18;7,938,234;0.137;0.795;Closed;16.53;12.19;TRUE;TRUE;213,394;1066.97;87.53;0.7374;FALSE;;0.208;52;0.526;60.46;15,115;15,115;60.46;0.063;3,705,882,353;3,705,882,353;3,705,882,353;2.73;1,939;3,238;29.46;31.63;61.06;2,945,509;316,267;610,624;2,945,509;316,267;610,624
779;Pusrehut;1;2;110;P.01.2.110;Galearia fulva;;0;0;0.137;0.795;Closed;6.06;2.08;FALSE;TRUE;54,268;271.34;130.45;0.3432;TRUE;204;;;0.443;100;25;25;100;;0;0;0;;;;0.00;0.00;0.00;0;0;0;0;0;0
780;Pusrehut;1;2;123;P.01.2.123;Eusideroxylon zwageri;;3.28;8,445,344;0.137;0.795;Closed;30.95;11.93;TRUE;TRUE;205,524;1027.62;86.14;0.3855;FALSE;;0.064;54;0.463;86.18;21,545;21,545;86.18;0.01;0.5882352941;5,882,352,941;5,882,352,941;2,488;1,147;3,313;28.51;14.62;43.12;2,851,217;1,462,246;4,312,316;2,851,217;1,462,246;4,312,316
781;Pusrehut;1;2;128;P.01.2.128;Eusideroxylon zwageri;;3.96;12,310,056;0.137;0.795;Closed;14.69;4.8;TRUE;TRUE;86,816;434.08;90.43;0.3268;FALSE;;0.249;59;0.338;26.33;65,825;65,825;26.33;0.029;1,705,882,353;1,705,882,353;1,705,882,353;0.918;0.419;1.49;10.53;5.30;15.83;1,053,149;0.529886;1,582,616;1,053,149;0.529886;1,582,616
782;Pusrehut;1;2;142;P.01.2.142;Barringtonia sp.;;1.12;0.984704;0.137;0.795;Closed;16.75;6.94;TRUE;TRUE;163.61;818.05;117.87;0.4143;TRUE;10;-0.036;56;0.455;107.91;269,775;269,775;100;0.047;2,764,705,882;2,764,705,882;2,764,705,882;2,331;1.71;3,224;25.00;28.25;53.24;250,038;2,824,992;5,323,662;250,038;2,824,992;5,323,662
783;Pusrehut;1;2;160;P.01.2.160;Boschia griffithii;;1.08;0.915624;0.137;0.795;Closed;3.94;1.68;FALSE;TRUE;30,904;154.52;91.98;0.4264;TRUE;51;;;0.443;100;25;25;100;;0;0;0;;;;0.00;0.00;0.00;0;0;0;0;0;0
784;Pusrehut;1;2;166;P.01.2.166;sp5;;1.15;10,381,625;0.137;0.795;Closed;11.81;4.11;FALSE;TRUE;107,766;538.83;131.10;0.3480;TRUE;42;;;0.443;100;25;25;100;;0;0;0;;;;0.00;0.00;0.00;0;0;0;0;0;0
785;Pusrehut;1;2;173;P.01.2.173;Diospyros confertiflora;;0.98;0.753914;0.137;0.795;Closed;47.57;15.07;TRUE;TRUE;;0;;0.3168;TRUE;23;-0.048;58;0.323;114.86;28,715;28,715;100;-0.052;-3,058,823,529;-3,058,823,529;0;1,598;0.83;2,562;18.06;11.53;29.58;180,619;1,152,836;2,958,196;180,619;1,152,836;2,958,196
786;Pusrehut;1;2;178;P.01.2.178;Aporosa nitida;;2.2;37,994;0.137;0.795;Closed;14.99;5.81;FALSE;TRUE;85,572;427.86;73.64;0.3876;FALSE;;;;0.443;100;25;25;100;;0;0;0;;;;0.00;0.00;0.00;0;0;0;0;0;0
787;Pusrehut;1;2;184;P.01.2.184;Aporosa nitida;;1.27;12,661,265;0.137;0.795;Closed;7.44;3.19;FALSE;TRUE;;0;;0.4288;TRUE;69;;;0.443;100;25;25;100;;0;0;0;;;;0.00;0.00;0.00;0;0;0;0;0;0
788;Pusrehut;1;2;203;P.01.2.203;Syzygium sp1;;1.06;0.882026;0.137;0.795;Closed;12;4.97;TRUE;TRUE;67,538;337.69;67.95;0.4142;TRUE;182;0.402;57;0.346;-16.18;-4,045;0;0;0.128;7,529,411,765;7,529,411,765;7,529,411,765;2,015;0.882;3,543;23.22;10.77;33.98;2,321,792;107,676;339,767;2,321,792;107,676;339,767
789;Pusrehut;1;2;210;P.01.2.210;Dipterocarpus cornutus;;1.69;22,420,385;0.137;0.795;Closed;9.66;3.37;TRUE;TRUE;1,423,266,667;426.98;126.70;0.3489;TRUE;37;0.181;53;0.478;62.13;155,325;155,325;62.13;0.057;3,352,941,176;3,352,941,176;3,352,941,176;2,716;2,291;3,244;28.33;39.75;68.06;2,833,041;3,975,302;6,806,052;2,833,041;3,975,302;6,806,052
790;Pusrehut;1;2;221;P.01.2.221;Mallotus leucodermis;;6.68;35,028,584;0.137;0.795;Closed;9.54;3.04;TRUE;TRUE;74,886;374.43;123.17;0.3187;TRUE;8;0.579;59;0.338;-71.3;-17,825;0;0;0.033;1,941,176,471;1,941,176,471;1,941,176,471;2,303;1,686;3,136;24.71;27.83;52.53;2,471,276;2,783,136;5,252,726;2,471,276;2,783,136;5,252,726
791;Pusrehut;1;2;236;P.01.2.236;Mallotus leucodermis;;1.34;1,409,546;0.137;0.795;Closed;7.49;2.45;TRUE;TRUE;96,064;480.32;196.05;0.3271;TRUE;8;0.168;53;0.478;64.85;162,125;162,125;64.85;0.043;2,529,411,765;2,529,411,765;2,529,411,765;2.62;1.48;3,116;29.29;21.63;50.91;292,928;216,304;509,084;292,928;216,304;509,084
792;Pusrehut;1;2;238;P.01.2.238;Mallotus leucodermis;;1.61;20,347,985;0.137;0.795;Closed;8.09;2.74;TRUE;TRUE;77,712;388.56;141.81;0.3387;TRUE;22;0.571;52;0.526;-8.56;-2.14;0;0;0.001;0.05882352941;0.5882352941;0.5882352941;1,066;0.605;1,732;11.91;8.87;20.77;1,191,075;0.886562;2,077,032;1,191,075;0.886562;2,077,032
793;Pusrehut;1;2;255;P.01.2.255;Mallotus leucodermis;;2.41;45,593,585;0.137;0.795;Closed;11.16;3.49;FALSE;TRUE;72,868;364.34;104.40;0.3127;TRUE;16;;;0.443;100;25;25;100;;0;0;0;;;;0.00;0.00;0.00;0;0;0;0;0;0
794;Pusrehut;1;2;259;P.01.2.259;Mallotus leucodermis;;3.4;90,746;0.137;0.795;Closed;11.36;3.94;TRUE;TRUE;76,698;383.49;97.33;0.3468;TRUE;17;0.071;56;0.455;84.4;21.1;21.1;84.4;0.014;0.8235294118;8,235,294,118;8,235,294,118;1,272;0.781;2,253;14.05;11.93;25.98;1,405,351;1,193,194;2,597,764;1,405,351;1,193,194;2,597,764
795;Pusrehut;1;2;264;P.01.2.264;Mallotus leucodermis;;2.87;64,659,665;0.137;0.795;Closed;10.39;3.53;TRUE;TRUE;82,386;411.93;116.69;0.3397;TRUE;11;0.042;58;0.323;87;21.75;21.75;87;0.036;2,117,647,059;2,117,647,059;2,117,647,059;2,141;1,363;2.56;23.52;21.19;44.70;2,352,423;2,119,282;4,470,342;2,352,423;2,119,282;4,470,342
796;Pusrehut;1;2;289;P.01.2.289;Kokoona reflexa;;4.05;128,759,625;0.137;0.795;Closed;2.75;1.12;FALSE;TRUE;;0;;0.4073;TRUE;85;;;0.443;100;25;25;100;;0;0;0;;;;0.00;0.00;0.00;0;0;0;0;0;0
797;Pusrehut;1;2;303;P.01.2.303;Kokoona reflexa;;2.26;4,009,466;0.137;0.795;Closed;4.8;1.59;TRUE;TRUE;;0;;0.3313;TRUE;47;0.389;52;0.526;26.05;65,125;65,125;26.05;0.047;2,764,705,882;2,764,705,882;2,764,705,882;2,691;2,686;3,354;26.95;48.92;75.84;2,695,036;4,891,552;7,583,902;2,695,036;4,891,552;7,583,902
798;Pusrehut;1;2;304;P.01.2.304;Epicharis cuneata;;1.27;12,661,265;0.137;0.795;Closed;21.16;7.41;TRUE;TRUE;;0;;0.3502;TRUE;31;0.103;54;0.463;77.75;194,375;194,375;77.75;0.017;1;10;10;2,176;1,131;2,865;24.59;15.72;40.30;2,459,281;1,571,622;4,029,772;2,459,281;1,571,622;4,029,772
799;Pusrehut;1;2;307;P.01.2.307;Polyalthia spathulata;;2.18;3,730,634;0.137;0.795;Closed;7.99;2.33;TRUE;TRUE;63,648;318.24;136.58;0.2916;FALSE;;;;0.443;100;25;25;100;;0;0;0;;;;0.00;0.00;0.00;0;0;0;0;0;0
800;Pusrehut;1;2;317;P.01.2.317;Mallotus leucodermis;;3.22;8,139,194;0.137;0.795;Closed;6.08;2.17;TRUE;TRUE;54,054;270.27;124.55;0.3569;TRUE;21;-0.127;56;0.455;127.91;319,775;319,775;100;0.021;1,235,294,118;1,235,294,118;1,235,294,118;2.44;1,554;3,196;26.81;24.17;50.96;2,680,774;241,674;509,596;2,680,774;241,674;509,596
801;Pusrehut;1;2;318;P.01.2.318;Madhuca kingiana;;1.22;1,168,394;0.137;0.795;Closed;59.05;19.69;TRUE;TRUE;6,045,133,333;1813.54;92.10;0.3334;TRUE;30;-0.104;58;0.323;132.2;33.05;33.05;100;0.027;1,588,235,294;1,588,235,294;1,588,235,294;1,353;0.954;1,957;14.62;15.51;30.12;1,461,684;1,551,456;3,012,186;1,461,684;1,551,456;3,012,186
802;Pusrehut;1;2;320;P.01.2.320;Mallotus leucodermis;;8.17;523,978,865;0.137;0.795;Closed;8.8;2.94;TRUE;TRUE;79,838;399.19;135.78;0.3341;FALSE;;0.153;59;0.338;54.73;136,825;136,825;54.73;0.09;5,294,117,647;5,294,117,647;5,294,117,647;1,736;1,162;2,816;18.92;18.49;37.40;1,892,142;1,848,532;3,739,512;1,892,142;1,848,532;3,739,512
803;Pusrehut;1;2;325;P.01.2.325;Aporosa grandistipula;;1.15;10,381,625;0.137;0.795;Closed;11.85;3.55;TRUE;TRUE;105.08;525.4;148.00;0.2996;FALSE;;-0.146;55;0.481;130.35;325,875;325,875;100;0.058;3,411,764,706;3,411,764,706;3,411,764,706;0.516;0.215;0.725;5.97;2.51;8.48;0.597485;0.250862;0.848132;0.597485;0.250862;0.848132
804;Pusrehut;1;2;326;P.01.2.326;Mallotus leucodermis;;4.11;132,602,985;0.137;0.795;Closed;8.05;2.79;TRUE;TRUE;80,338;401.69;143.97;0.3466;TRUE;18;0.144;60;0.347;58.5;14,625;14,625;58.5;0.089;5,235,294,118;5,235,294,118;5,235,294,118;2,211;1,692;3,064;23.53;28.40;51.91;2,352,822;2,839,932;5,191,062;2,352,822;2,839,932;5,191,062
805;Pusrehut;1;2;344;P.01.2.344;Mallotus leucodermis;;3.7;1,074,665;0.137;0.795;Closed;12.22;4.05;TRUE;TRUE;70,738;353.69;87.33;0.3314;TRUE;21;0.079;55;0.481;83.58;20,895;20,895;83.58;-0.005;-0.2941176471;-2,941,176,471;0;1,466;0.788;2,335;16.50;11.18;27.67;1,649,848;1,118,432;2,767,492;1,649,848;1,118,432;2,767,492
806;Pusrehut;1;2;352;P.01.2.352;Macaranga hypoleuca;;7.8;477,594;0.137;0.795;Closed;13.07;6.45;TRUE;TRUE;1,272,466,667;381.74;59.18;0.4935;TRUE;125;0.08;59;0.338;76.33;190,825;190,825;76.33;0.096;5,647,058,824;5,647,058,824;5,647,058,824;2,436;0.956;3,058;28.37;10.49;38.85;2,836,556;1,049,192;3,884,792;2,836,556;1,049,192;3,884,792
807;Pusrehut;1;2;360;P.01.2.360;Prasoxylon excelsum;;2.6;53,066;0.137;0.795;Closed;8.87;3.8;TRUE;TRUE;;0;;0.4284;TRUE;80;;;0.443;100;25;25;100;;0;0;0;;;;0.00;0.00;0.00;0;0;0;0;0;0
808;Pusrehut;1;2;372;P.01.2.372;Aporosa confusa;;2.4;45,216;0.137;0.795;Closed;13.52;4.76;TRUE;TRUE;71,678;358.39;75.29;0.3521;TRUE;51;;;0.443;100;25;25;100;;0;0;0;;;;0.00;0.00;0.00;0;0;0;0;0;0
809;Pusrehut;1;2;383;P.01.2.383;Eusideroxylon zwageri;5;1.59;19,845,585;0.137;0.795;Closed;18.04;6.88;TRUE;TRUE;131.29;656.45;95.41;0.3814;FALSE;;0.032;57;0.346;90.75;226,875;226,875;90.75;0.113;6,647,058,824;6,647,058,824;6,647,058,824;2,522;1,448;3,321;28.13;21.36;49.48;2,813,428;2,135,624;4,947,604;2,813,428;2,135,624;4,947,604
810;Pusrehut;1;2;392;P.01.2.392;Rubroshorea smithiana;#N/A;#N/A;#N/A;0.137;0.795;Closed;9.4;3.65;TRUE;TRUE;99,454;497.27;136.24;0.3883;TRUE;21;0.017;53;0.478;96.44;24.11;24.11;96.44;;0;0;0;1,507;1,066;2,552;16.27;17.36;33.62;1,627,136;1,735,864;3,361,934;1,627,136;1,735,864;3,361,934
811;Pusrehut;1;3;6;P.01.3.006;Eusideroxylon zwageri;44;14.01;1,540,798,785;0.137;0.795;Closed;31.46;12.19;TRUE;TRUE;216.24;1081.2;88.70;0.3875;FALSE;;-0.021;59;0.338;106.21;265,525;265,525;100;-0.003;-0.1764705882;-1,764,705,882;0;0.639;0.311;1,957;7.28;4.13;11.41;0.727871;0.413138;1,140,698;0.727871;0.413138;1,140,698
812;Pusrehut;1;3;15;P.01.3.015;Discospermum malaccense;36;11.46;103,095,306;0.137;0.795;Closed;21.95;9.82;TRUE;TRUE;;0;;0.4474;TRUE;77;0.222;54;0.463;52.05;130,125;130,125;52.05;0.105;6,176,470,588;6,176,470,588;6,176,470,588;2,317;1,661;3,187;24.96;27.19;52.13;2,495,781;2,719,334;5,213,454;2,495,781;2,719,334;5,213,454
813;Pusrehut;1;4;10;P.01.4.010;Madhuca kingiana;94;29.92;702,737,024;0.137;0.795;Closed;47.28;18.42;TRUE;TRUE;3,271,366,667;981.41;53.28;0.3896;TRUE;41;0.23;52;0.526;56.27;140,675;140,675;56.27;0.04;2,352,941,176;2,352,941,176;2,352,941,176;2,403;0.899;1,457;28.10;9.34;37.43;2,809,979;0.934106;3,743,186;2,809,979;0.934106;3,743,186
814;Pusrehut;1;4;15;P.01.4.015;Dehaasia sp.;119;37.88;1,126,392,104;0.137;0.795;Closed;13.39;5.22;TRUE;TRUE;2,004,366,667;601.31;115.19;0.3898;TRUE;57;0.048;54;0.463;89.63;224,075;224,075;89.63;0.13;7,647,058,824;7,647,058,824;7,647,058,824;1,558;0.592;1,849;18.19;6.27;24.45;1,819,412;0.626536;2,445,356;1,819,412;0.626536;2,445,356
815;Pusrehut;2;1;1;P.02.1.001;Lauraceae;;0.71;0.3957185;0.28;0.693;Closed;11.27;4.39;FALSE;TRUE;192,038;960.19;218.72;0.3895;TRUE;45;0.097;61;0.337;71.22;17,805;17,805;71.22;-0.01;-0.5882352941;-5,882,352,941;0;1,116;0.738;1,501;12.19;11.68;23.86;1,218,798;1,167,732;2,385,792;1,218,798;1,167,732;2,385,792
816;Pusrehut;2;1;12;P.02.1.012;Agrostistachys borneensis;;0.51;0.2041785;0.28;0.693;Closed;8.04;2.69;FALSE;TRUE;3,238,466,667;971.54;361.17;0.3346;TRUE;53;0.264;64;0.345;23.48;5.87;5.87;23.48;0.105;6,176,470,588;6,176,470,588;6,176,470,588;2,639;2,446;3,257;26.94;43.66;70.57;2,693,556;4,366,288;7,057,398;2,693,556;4,366,288;7,057,398
817;Pusrehut;2;1;18;P.02.1.018;Boschia griffithii;;0.68;0.362984;0.28;0.693;Closed;3.31;1.44;FALSE;TRUE;355,075;142.03;98.63;0.4350;TRUE;135;0.256;66;0.349;26.65;66,625;66,625;26.65;-0.064;-3,764,705,882;-3,764,705,882;0;1,564;1,067;2,421;16.99;17.11;34.10;1,699,257;1,711,478;3,409,668;1,699,257;1,711,478;3,409,668
818;Pusrehut;2;1;32;P.02.1.032;Boschia griffithii;;0.3;0.07065;0.28;0.693;Closed;1.35;0.62;FALSE;TRUE;18,002;90.01;145.18;0.4593;TRUE;66;0.299;62;0.333;10.21;25,525;25,525;10.21;-0.04;-2,352,941,176;-2,352,941,176;0;1,049;0.711;1,428;11.41;11.37;22.78;1,140,971;1,137,258;2,277,518;1,140,971;1,137,258;2,277,518
819;Pusrehut;2;1;44;P.02.1.044;Aquilaria malaccensis;;0.43;0.1451465;0.28;0.693;Closed;2.2;0.7;FALSE;TRUE;34,356;171.78;245.40;0.3182;TRUE;8;0.412;64;0.345;-19.42;-4,855;0;0;0.02;1,176,470,588;1,176,470,588;1,176,470,588;0.987;0.441;0.711;11.35;5.48;16.82;1,134,861;0.547974;1,682,394;1,134,861;0.547974;1,682,394
820;Pusrehut;2;1;42;P.02.1.042;Boschia griffithii;;0.39;0.1193985;0.28;0.693;Closed;1.89;0.77;FALSE;TRUE;17.22;86.1;111.82;0.4074;TRUE;52;0.15;61;0.337;55.49;138,725;138,725;55.49;-0.021;-1,235,294,118;-1,235,294,118;0;2,363;1,288;3,198;26.55;18.44;44.97;2,654,538;1,843,636;4,496,886;2,654,538;1,843,636;4,496,886
821;Pusrehut;2;1;47;P.02.1.047;Boschia griffithii;;0.34;0.090746;0.28;0.693;Closed;2.02;0.92;FALSE;TRUE;39,972;199.86;217.24;0.4554;TRUE;62;0.23;62;0.333;30.93;77,325;77,325;30.93;-0.066;-3,882,352,941;-3,882,352,941;0;1.89;1,343;3,258;20.39;21.91;42.29;2,039,033;219,095;422,864;2,039,033;219,095;422,864
822;Pusrehut;2;1;49;P.02.1.049;Syzygium sp2;;0.24;0.045216;0.28;0.693;Closed;10;4.15;FALSE;TRUE;121,602;608.01;146.51;0.4150;TRUE;27;;;0.443;100;25;25;100;-0.079;-4,647,058,824;-4,647,058,824;0;;;;0.00;0.00;0.00;0;0;0;0;0;0
823;Pusrehut;2;1;111;P.02.1.111;Antidesma neurocarpum;;0.38;0.113354;0.28;0.693;Closed;5.71;1.65;FALSE;TRUE;51,326;256.63;155.53;0.2890;FALSE;;0.33;63;0.384;14.06;3,515;3,515;14.06;;0;0;0;1,625;0.67;2,371;18.84;7.74;26.57;188,352;0.7738;265,665;188,352;0.7738;265,665
824;Pusrehut;2;1;72;P.02.1.072;Aporosa nitida;;0.26;0.053066;0.28;0.693;Closed;4.35;1.8;FALSE;TRUE;566,375;226.55;125.86;0.4138;TRUE;28;0.348;65;0.349;0.29;0.0725;0.0725;0.29;-0.072;-4,235,294,118;-4,235,294,118;0;1.38;1,026;2,602;14.77;17.04;31.79;1,476,606;17,037;317,928;1,476,606;17,037;317,928
825;Pusrehut;2;1;84;P.02.1.084;Boschia griffithii;;0.44;0.151976;0.28;0.693;Closed;2.06;0.92;FALSE;TRUE;23,406;117.03;127.21;0.4466;TRUE;56;0.046;60;0.347;86.74;21,685;21,685;86.74;-0.163;-9,588,235,294;-9,588,235,294;0;2,399;1,392;3,265;26.72;20.65;47.36;2,672,282;2,064,948;4,735,838;2,672,282;2,064,948;4,735,838
826;Pusrehut;2;1;94;P.02.1.094;Alseodaphne sp1;;0.98;0.753914;0.28;0.693;Closed;9.83;4.61;FALSE;TRUE;1,508,025;603.21;130.85;0.4690;FALSE;;0.171;67;0.347;50.72;12.68;12.68;50.72;-0.084;-4,941,176,471;-4,941,176,471;0;2,587;1.93;3,207;27.66;32.09;59.73;276,632;3,208,984;5,973,374;276,632;3,208,984;5,973,374
827;Pusrehut;2;1;116;P.02.1.116;Syzygium sp2;;0.68;0.362984;0.28;0.693;Closed;6.65;2.45;FALSE;TRUE;66,842;334.21;136.41;0.3684;TRUE;109;-0.04;66;0.349;111.46;27,865;27,865;100;-0.092;-5,411,764,706;-5,411,764,706;0;2.58;1,381;3,193;29.05;19.55;48.59;2,905,111;195,505;485,878;2,905,111;195,505;485,878
828;Pusrehut;2;1;121;P.02.1.121;sp6;;0.53;0.2205065;0.28;0.693;Closed;5.43;2.31;FALSE;TRUE;996,125;398.45;172.49;0.4254;TRUE;72;-0.012;65;0.349;103.44;25.86;25.86;100;-0.094;-5,529,411,765;-5,529,411,765;0;1,076;0.56;1,684;12.16;7.79;19.94;121,588;0.778832;1,994,152;121,588;0.778832;1,994,152
829;Pusrehut;2;1;143;P.02.1.143;Stemonurus malaccensis;;0.4;0.1256;0.28;0.693;Closed;3.56;1.22;FALSE;TRUE;33,238;166.19;136.22;0.3427;FALSE;;-0.108;66;0.349;130.95;327,375;327,375;100;-0.124;-7,294,117,647;-7,294,117,647;0;2.46;1,124;3,231;28.22;14.23;42.43;2,821,844;142,268;42,434;2,821,844;142,268;42,434
830;Pusrehut;2;1;135;P.02.1.135;Shorea laevis;#N/A;#N/A;#N/A;0.28;0.693;Closed;1.46;0.7;FALSE;TRUE;24.42;122.1;174.43;0.4795;TRUE;29;-0.051;60;0.347;114.7;28,675;28,675;100;-0.107;-6,294,117,647;-6,294,117,647;0;1,977;1,618;2,668;20.76;27.80;48.54;2,075,548;2,779,984;4,853,914;2,075,548;2,779,984;4,853,914
831;Pusrehut;2;1;150;P.02.1.150;Dipterocarpus sp2;;0.64;0.321536;0.28;0.693;Closed;15.65;5.48;FALSE;TRUE;1,872,233,333;561.67;102.49;0.3502;TRUE;98;-0.014;64;0.345;104.06;26,015;26,015;100;-0.203;-1,194,117,647;-1,194,117,647;0;1,406;0.892;2.04;15.46;13.85;29.29;1,545,672;1,384,672;2,929,452;1,545,672;1,384,672;2,929,452
832;Pusrehut;2;2;11;P.02.2.011;Boschia griffithii;18;5,732,484,076;2,579,617,834;0.28;0.693;Closed;4.4;2.02;FALSE;TRUE;55,034;275.17;136.22;0.4591;TRUE;50;0.064;62;0.333;80.78;20,195;20,195;80.78;-0.215;-1,264,705,882;-1,264,705,882;0;2,001;1,167;3,022;22.27;17.36;39.62;2,227,347;1,735,962;3,962,142;2,227,347;1,735,962;3,962,142
833;Pusrehut;2;2;24;P.02.2.024;Aporosa nitida;5.5;1.75;24,040,625;0.28;0.693;Closed;21.49;6.64;FALSE;TRUE;127,592;637.96;96.08;0.3090;FALSE;;-0.081;63;0.384;121.09;302,725;302,725;100;-0.187;-11;-110;0;2,213;1,061;3,262;25.25;13.94;39.18;2,525,101;1,394,006;3,918,046;2,525,101;1,394,006;3,918,046
834;Pusrehut;2;2;57;P.02.2.057;Boschia griffithii;;0.27;0.0572265;0.28;0.693;Closed;3.2;1.38;;TRUE;36,336;181.68;131.65;0.4313;TRUE;50;0.109;67;0.347;68.59;171,475;171,475;68.59;-0.053;-3,117,647,059;-3,117,647,059;0;2,065;1,187;3,045;23.03;17.52;40.54;2,303,247;175,181;405,387;2,303,247;175,181;405,387
835;Pusrehut;2;2;35;P.02.2.035;sp7;19;6.05;287,329,625;0.28;0.693;Closed;2.76;1.34;;TRUE;26,312;131.56;98.18;0.4855;TRUE;154;0.258;63;0.384;32.81;82,025;82,025;32.81;-0.2;-1,176,470,588;-1,176,470,588;0;1,253;0.764;2.21;13.86;11.63;25.48;1,385,794;1,163,156;2,548,186;1,385,794;1,163,156;2,548,186
836;Pusrehut;2;2;42;P.02.2.042;Prasoxylon excelsum;13.3;4.23;140,459,265;0.28;0.693;Closed;32.74;22.78;;TRUE;;0;;0.6958;TRUE;188;0.117;65;0.349;66.48;16.62;16.62;66.48;-0.192;-1,129,411,765;-1,129,411,765;0;2,637;2,161;3,216;27.68;37.15;64.80;2,767,681;3,714,574;6,480,094;2,767,681;3,714,574;6,480,094
837;Pusrehut;2;2;48;P.02.2.048;Eurycoma longifolia;17.4;5,541,401,274;2,410,509,554;0.28;0.693;Closed;14.25;5.84;;TRUE;;0;;0.4098;FALSE;;-0.1;61;0.337;129.67;324,175;324,175;100;0.17;10;100;100;2,678;3,092;3.27;25.69;58.27;83.94;2,569,312;5,827,376;8,393,596;2,569,312;5,827,376;8,393,596
838;Pusrehut;2;2;83;P.02.2.083;Boschia griffithii;14.5;4,617,834,395;1,673,964,968;0.28;0.693;Closed;4.83;2.14;;TRUE;43,176;215.88;100.88;0.4431;TRUE;71;0.137;63;0.384;64.32;16.08;16.08;64.32;0.132;7,764,705,882;7,764,705,882;7,764,705,882;1,658;0.916;2,628;18.59;13.22;31.80;1,859,256;1,321,696;3,180,036;1,859,256;1,321,696;3,180,036
839;Pusrehut;2;2;87;P.02.2.087;Boschia griffithii;4;1.27;12,661,265;0.28;0.693;Closed;6.94;3.16;;TRUE;82,724;413.62;130.89;0.4553;TRUE;103;0.237;63;0.384;38.28;9.57;9.57;38.28;0.127;7,470,588,235;7,470,588,235;7,470,588,235;1,198;0.611;2,328;13.57;8.39;21.95;1,357,101;0.838526;2,195,016;1,357,101;0.838526;2,195,016
840;Pusrehut;2;2;98;P.02.2.098;Artocarpus anisophyllus;3.8;1.21;11,493,185;0.28;0.693;Closed;23.42;11.39;;TRUE;;0;;0.4863;TRUE;313;0.042;61;0.337;87.54;21,885;21,885;87.54;0.036;2,117,647,059;2,117,647,059;2,117,647,059;2,658;2,257;2,328;27.69;39.25;66.91;2,768,527;3,924,586;6,690,856;2,768,527;3,924,586;6,690,856
841;Pusrehut;2;2;100;P.02.2.100;Prasoxylon excelsum;9;2.86;6,420,986;0.28;0.693;Closed;20.37;11.25;;TRUE;;0;;0.5523;TRUE;146;0.148;65;0.349;57.59;143,975;143,975;57.59;0.103;6,058,823,529;6,058,823,529;6,058,823,529;1,703;1,129;2,159;18.59;17.88;36.46;1,859,109;1,788,406;3,646,386;1,859,109;1,788,406;3,646,386
842;Pusrehut;2;2;112;P.02.2.112;Syzygium sp2;8;2.55;51,044,625;0.28;0.693;Closed;13.02;5.63;;TRUE;107,936;539.68;95.86;0.4324;TRUE;15;0.066;64;0.345;80.87;202,175;202,175;80.87;0.091;5,352,941,176;5,352,941,176;5,352,941,176;1,114;0.379;0.742;13.13;3.47;16.59;1,312,829;0.346558;1,659,008;1,312,829;0.346558;1,659,008
843;Pusrehut;2;2;114;P.02.2.114;Macaranga hypoleuca;31;9,872,611,465;7,651,273,885;0.28;0.693;Closed;8.59;4.14;;TRUE;92,492;462.46;111.71;0.4820;TRUE;99;0.113;61;0.337;66.47;166,175;166,175;66.47;0.142;8,352,941,176;8,352,941,176;8,352,941,176;2,611;1,321;3,445;29.61;18.03;47.62;2,960,621;1,803,142;4,762,442;2,960,621;1,803,142;4,762,442
844;Pusrehut;2;2;132;P.02.2.132;Prasoxylon excelsum;12;3.82;11,455,034;0.28;0.693;Closed;16.25;11.1;;TRUE;;0;;0.6831;TRUE;102;0.456;62;0.333;-36.94;-9,235;0;0;0.251;1,476,470,588;1,476,470,588;1,476,470,588;1,884;1,268;2.14;20.52;20.22;40.72;2,051,588;2,022,008;4,072,328;2,051,588;2,022,008;4,072,328
845;Pusrehut;2;2;180;P.02.2.180;Knema glauca;4;1.27;12,661,265;0.28;0.693;Closed;19.67;6.78;;TRUE;163.95;819.75;120.91;0.3447;TRUE;15;0.106;67;0.347;69.45;173,625;173,625;69.45;0.129;7,588,235,294;7,588,235,294;7,588,235,294;2,613;1,741;3,267;28.50;27.64;56.12;2,850,181;2,764,006;5,612,446;2,850,181;2,764,006;5,612,446
846;Pusrehut;2;2;136;P.02.2.136;Ochanostachys amentacea;2;0.64;0.321536;0.28;0.693;Closed;11.08;3.71;;TRUE;199.99;999.95;269.53;0.3348;FALSE;;0.054;64;0.345;84.35;210,875;210,875;84.35;0.031;1,823,529,412;1,823,529,412;1,823,529,412;2,851;2,165;3,325;30.38;36.24;66.60;3,038,385;3,623,582;6,659,802;3,038,385;3,623,582;6,659,802
847;Pusrehut;2;2;152;P.02.2.152;Prasoxylon excelsum;4;1.27;12,661,265;0.28;0.693;Closed;12.32;7.67;;TRUE;;0;;0.6226;TRUE;100;0.058;62;0.333;82.58;20,645;20,645;82.58;0.219;1,288,235,294;1,288,235,294;1,288,235,294;2,565;2,221;3,352;26.60;38.86;65.44;2,660,101;388,567;654,355;2,660,101;388,567;654,355
848;Pusrehut;2;2;169;P.02.2.169;Prasoxylon excelsum;31;9,872,611,465;7,651,273,885;0.28;0.693;Closed;19.23;13.52;;TRUE;;0;;0.7031;TRUE;49;0.117;66;0.349;66.48;16.62;16.62;66.48;0.216;1,270,588,235;1,270,588,235;1,270,588,235;2,536;1,848;3,172;27.24;30.45;57.67;2,723,608;3,045,072;5,766,832;2,723,608;3,045,072;5,766,832
849;Pusrehut;2;2;188;P.02.2.188;Knema glauca;14;4.46;15,614,906;0.28;0.693;Closed;23.4;8.89;;TRUE;351.51;1054.53;118.62;0.3799;FALSE;;-0.055;65;0.349;115.76;28.94;28.94;100;0.177;1,041,176,471;1,041,176,471;1,041,176,471;2,636;1,404;3,161;29.70;19.82;49.50;2,970,044;1,981,512;4,950,152;2,970,044;1,981,512;4,950,152
850;Pusrehut;2;2;198;P.02.2.198;Diospyros borneensis;6.3;2.01;31,714,785;0.28;0.693;Closed;10.79;4.92;;TRUE;106.89;534.45;108.63;0.4560;TRUE;55;0.351;67;0.347;-1.15;-0.2875;0;0;0.07;4,117,647,059;4,117,647,059;4,117,647,059;1.35;0.86;2,187;14.83;13.38;28.20;148,316;13,376;28,199;148,316;13,376;28,199
851;Pusrehut;2;2;216;P.02.2.216;Shorea laevis;;1.74;2,376,666;0.28;0.693;Closed;3.6;1.78;;TRUE;36.77;183.85;103.29;0.4944;TRUE;70;0.251;65;0.349;28.08;7.02;7.02;28.08;0.204;12;120;120;2,593;2,022;3,292;27.49;34.17;61.64;2,749,192;3,416,856;6,164,026;2,749,192;3,416,856;6,164,026
852;Pusrehut;2;2;219;P.02.2.219;Popowia hirta;;0.79;0.4899185;0.28;0.693;Closed;4.84;1.75;;TRUE;51.59;257.95;147.40;0.3616;TRUE;62;0.249;67;0.347;28.24;7.06;7.06;28.24;0.212;1,247,058,824;1,247,058,824;1,247,058,824;1,774;0.738;1,803;20.54;8.60;29.14;2,054,458;0.859788;2,913,508;2,054,458;0.859788;2,913,508
853;Pusrehut;2;2;220;P.02.2.220;Eurycoma longifolia;;1.2;11,304;0.28;0.693;Closed;15.03;6.61;;TRUE;;0;;0.4398;FALSE;;0.153;67;0.347;55.91;139,775;139,775;55.91;0.223;1,311,764,706;1,311,764,706;1,311,764,706;2,714;2,214;3,305;28.51;38.00;66.49;2,851,214;3,799,908;6,648,908;2,851,214;3,799,908;6,648,908
854;Pusrehut;2;3;7;P.02.3.007;Rubiaceae1;40;12.73;1,272,115,265;0.28;0.693;Closed;22.2;7.04;;TRUE;1,411,366,667;423.41;60.14;0.3171;TRUE;89;-0.017;66;0.349;104.87;262,175;262,175;100;0.101;5,941,176,471;5,941,176,471;5,941,176,471;1,995;1,089;2,885;22.41;15.60;38.00;2,240,709;156,015;379,977;2,240,709;156,015;379,977
855;Pusrehut;2;3;10;P.02.3.010;Litsea sp1;53;16.87;2,234,085,665;0.28;0.693;Closed;23.58;9.04;;TRUE;227.73;683.19;75.57;0.3834;TRUE;149;0.071;64;0.345;79.42;19,855;19,855;79.42;0.02;1,176,470,588;1,176,470,588;1,176,470,588;1,639;0.832;2,423;18.58;11.38;29.95;1,857,722;1,138,228;2,995,118;1,857,722;1,138,228;2,995,118
856;Pusrehut;2;3;12;P.02.3.012;Macaranga conifera;55;17.51;2,406,810,785;0.28;0.693;Closed;3.49;1.57;;TRUE;33,578;167.89;106.94;0.4499;TRUE;75;-0.108;62;0.333;132.43;331,075;331,075;100;0.048;2,823,529,412;2,823,529,412;2,823,529,412;2,243;1,692;2,852;23.93;28.25;52.17;2,393,462;2,824,956;5,216,726;2,393,462;2,824,956;5,216,726
857;Pusrehut;2;4;15;P.02.4.015;sp8;63;20.05;3,155,719,625;0.28;0.693;Closed;8.86;3.58;;TRUE;70.31;351.55;98.20;0.4041;TRUE;103;;;0.443;100;25;25;100;;0;0;0;;;;0.00;0.00;0.00;0;0;0;0;0;0
858;Pusrehut;2;4;17;P.02.4.017;sp9;69;21.96;378,559,656;0.28;0.693;Closed;5.89;3;;TRUE;69,608;348.04;116.01;0.5093;FALSE;;0.14;63;0.384;63.54;15,885;15,885;63.54;0.098;5,764,705,882;5,764,705,882;5,764,705,882;1,687;0.624;2,031;19.75;6.39;26.13;1,974,634;0.639444;2,613,454;1,974,634;0.639444;2,613,454
859;Pusrehut;2;4;4;P.02.4.004;Artocarpus kemando;72;22.92;412,381,224;0.28;0.693;Closed;12.44;4.04;;TRUE;1,262,466,667;378.74;93.75;0.3248;TRUE;400;0.067;61;0.337;80.12;20.03;20.03;80.12;0.466;2,741,176,471;2,741,176,471;2,741,176,471;2,821;2.19;3,499;29.94;36.95;66.86;299,356;3,694,872;6,686,242;299,356;3,694,872;6,686,242
860;Pusrehut;3;1;5;P.03.1.005;Scaphium macropodum;;0.74;0.429866;0.146;0.815;Closed;11.68;4.28;FALSE;TRUE;1,604,775;641.91;149.98;0.3664;TRUE;98;0.35;73;0.533;34.33;85,825;85,825;34.33;0.092;5,411,764,706;5,411,764,706;5,411,764,706;2,047;1,599;2,446;21.70;27.04;48.72;2,169,559;2,703,714;4,871,674;2,169,559;2,703,714;4,871,674
861;Pusrehut;3;1;2;P.03.1.002;Eusideroxylon zwageri;;0.56;0.246176;0.146;0.815;Closed;19.02;6.56;FALSE;TRUE;164.16;492.48;75.07;0.3449;FALSE;;0.092;68;0.552;83.33;208,325;208,325;83.33;0.135;7,941,176,471;7,941,176,471;7,941,176,471;1,524;0.637;2,411;17.64;7.45;25.09;1,764,127;0.745498;2,508,988;1,764,127;0.745498;2,508,988
862;Pusrehut;3;1;10;P.03.1.010;Pternandra coerulescens;;0.71;0.3957185;0.146;0.815;Closed;2.84;0.87;FALSE;TRUE;21,046;105.23;120.95;0.3063;FALSE;;0.058;75;0.511;88.65;221,625;221,625;88.65;0.002;0.1176470588;1,176,470,588;1,176,470,588;0.987;0.441;0.711;11.35;5.48;16.82;1,134,861;0.547974;1,682,394;1,134,861;0.547974;1,682,394
863;Pusrehut;3;1;20;P.03.1.020;Shorea sp4;;0.71;0.3957185;0.146;0.815;Closed;4.47;2.08;FALSE;TRUE;140.21;701.05;337.04;0.4653;TRUE;52;0.153;74;0.513;70.18;17,545;17,545;70.18;;0;0;0;#N/A;#N/A;#N/A;#N/A;#N/A;#N/A;#N/A;#N/A;#N/A;#N/A;#N/A;#N/A
864;Pusrehut;3;1;70;P.03.1.070;Hancea penangensis;;0.46;0.166106;0.146;0.815;Closed;11.92;3.32;FALSE;TRUE;102,726;513.63;154.71;0.2785;TRUE;47;0.066;70;0.55;88;22;22;88;0.047;2,764,705,882;2,764,705,882;2,764,705,882;0.688;0.299;0.998;7.93;3.63;11.56;0.793329;0.362726;1,155,756;0.793329;0.362726;1,155,756
865;Pusrehut;3;1;55;P.03.1.055;Barringtonia sp1;;0.86;0.580586;0.146;0.815;Closed;14.92;9.05;FALSE;TRUE;160.98;804.9;88.94;0.6066;TRUE;20;;;0.443;100;25;25;100;;0;0;0;#N/A;#N/A;#N/A;#N/A;#N/A;#N/A;#N/A;#N/A;#N/A;#N/A;#N/A;#N/A
866;Pusrehut;3;1;12;P.03.1.012;Baccaurea sp2;;0.55;0.2374625;0.146;0.815;Closed;33.26;1.44;FALSE;TRUE;32,552;162.76;113.03;0.0433;TRUE;52;0.365;75;0.511;28.57;71,425;71,425;28.57;0.043;2,529,411,765;2,529,411,765;2,529,411,765;0.74;0.329;0.342;8.51;4.07;12.58;0.851299;0.40709;125,806;0.851299;0.40709;125,806
867;Pusrehut;3;1;75;P.03.1.075;Eusideroxylon zwageri;;0.37;0.1074665;0.146;0.815;Closed;15.04;5.01;FALSE;TRUE;124.51;622.55;124.26;0.3331;FALSE;;0.102;74;0.513;80.12;20.03;20.03;80.12;0.07;4,117,647,059;4,117,647,059;4,117,647,059;0.811;0.501;1,538;8.95;7.68;16.62;0.895201;0.767742;1,662,442;0.895201;0.767742;1,662,442
868;Pusrehut;3;1;78;P.03.1.078;Eusideroxylon zwageri;;0.78;0.477594;0.146;0.815;Closed;16.39;5.52;FALSE;TRUE;117.97;589.85;106.86;0.3368;FALSE;;0.05;69;0.562;91.1;22,775;22,775;91.1;0.099;5,823,529,412;5,823,529,412;5,823,529,412;1,367;0.775;2,345;15.28;11.35;26.62;1,527,615;1,134,994;2,661,834;1,527,615;1,134,994;2,661,834
869;Pusrehut;3;1;92;P.03.1.092;Eusideroxylon zwageri;;0.53;0.2205065;0.146;0.815;Closed;15.75;4.4;FALSE;TRUE;162,602;813.01;184.78;0.2794;FALSE;;0.093;72;0.551;83.12;20.78;20.78;83.12;0.009;0.5294117647;5,294,117,647;5,294,117,647;1,477;0.75;2,784;16.74;10.26;27.00;167,404;1,026,264;2,699,554;167,404;1,026,264;2,699,554
870;Pusrehut;3;2;9;P.03.2.009;Leea indica;;0.8;0.5024;0.146;0.815;Closed;17.95;5.74;FALSE;TRUE;;0;;0.3198;TRUE;46;0.152;68;0.552;72.46;18,115;18,115;72.46;0.117;6,882,352,941;6,882,352,941;6,882,352,941;1,185;0.86;2,186;12.74;14.15;26.88;127,361;141,482;268,757;127,361;141,482;268,757
871;Pusrehut;3;2;18;P.03.2.018;Rubiaceae1;;5.67;252,368,865;0.146;0.815;Closed;34.88;13.49;FALSE;TRUE;286,752;1433.76;106.28;0.3868;TRUE;75;0.096;70;0.55;82.55;206,375;206,375;82.55;-0.001;-0.05882352941;-0.5882352941;0;0.614;0.328;1,052;6.92;4.64;11.55;0.691548;0.463768;1,154,988;0.691548;0.463768;1,154,988
872;Pusrehut;3;2;26;P.03.2.026;Eusideroxylon zwageri;;2.16;3,662,496;0.146;0.815;Closed;40;14.76;FALSE;TRUE;221,622;1108.11;75.08;0.3690;FALSE;;0.043;69;0.562;92.35;230,875;230,875;92.35;0.071;4,176,470,588;4,176,470,588;4,176,470,588;1,252;0.634;1,834;14.19;8.66;22.85;1,419,494;0.865924;2,284,784;1,419,494;0.865924;2,284,784
873;Pusrehut;3;2;44;P.03.2.044;Knema glauca;;2.05;32,989,625;0.146;0.815;Closed;47.82;15.34;FALSE;TRUE;373,042;1865.21;121.59;0.3208;TRUE;16;0.257;69;0.562;54.27;135,675;135,675;54.27;0.044;2,588,235,294;2,588,235,294;2,588,235,294;1,079;0.518;1,246;12.31;6.81;19.12;1,230,988;0.681248;1,911,718;1,230,988;0.681248;1,911,718
874;Pusrehut;3;2;57;P.03.2.057;Baccaurea sp3;;5.93;276,044,465;0.146;0.815;Closed;5.79;2.57;FALSE;TRUE;86.72;433.6;168.72;0.4439;TRUE;71;-0.027;72;0.551;104.9;26,225;26,225;100;0.075;4,411,764,706;4,411,764,706;4,411,764,706;2,337;1,293;2,843;26.20;18.67;44.86;2,620,173;1,867,254;4,486,134;2,620,173;1,867,254;4,486,134
875;Pusrehut;3;2;63;P.03.2.063;Knema sp1;;2.76;5,979,816;0.146;0.815;Closed;9.03;3.2;FALSE;TRUE;78;312;97.50;0.3544;TRUE;40;0.071;70;0.55;87.09;217,725;217,725;87.09;-0.012;-0.7058823529;-7,058,823,529;0;1,644;0.648;1,891;19.14;7.15;26.27;1,913,568;0.714528;2,627,448;1,913,568;0.714528;2,627,448
876;Pusrehut;3;2;67;P.03.2.067;Aporosa sp1;;3.84;11,575,296;0.146;0.815;Closed;14.15;3.95;FALSE;TRUE;125,256;626.28;158.55;0.2792;TRUE;40;0.185;72;0.551;66.42;16,605;16,605;66.42;0.108;6,352,941,176;6,352,941,176;6,352,941,176;1,319;0.46;1,182;15.51;4.36;19.87;155,139;0.436108;1,987,038;155,139;0.436108;1,987,038
877;Pusrehut;3;2;70;P.03.2.070;Aporosa sp1;;0.9;0.63585;0.146;0.815;Closed;2.59;0.95;FALSE;TRUE;35,502;177.51;186.85;0.3668;TRUE;98;;;0.443;100;25;25;100;0.122;7,176,470,588;7,176,470,588;7,176,470,588;;;;0.00;0.00;0.00;0;0;0;0;0;0
878;Pusrehut;3;2;79;P.03.2.079;Eusideroxylon zwageri;;1.21;11,493,185;0.146;0.815;Closed;18.84;5.98;FALSE;TRUE;119,438;597.19;99.86;0.3174;FALSE;;0.053;71;0.544;90.26;22,565;22,565;90.26;0.043;2,529,411,765;2,529,411,765;2,529,411,765;1,862;0.833;2,892;21.41;10.36;31.76;2,140,663;1,036,154;3,175,984;2,140,663;1,036,154;3,175,984
879;Pusrehut;3;2;75;P.03.2.075;Palaquium sericeum;;6.27;308,606,265;0.146;0.815;Closed;10.08;4.26;;TRUE;55,456;277.28;65.09;0.4226;TRUE;51;0.145;73;0.533;72.8;18.2;18.2;72.8;0.085;5;50;50;2,185;1,306;2,841;24.24;19.68;43.90;2,423,636;196,816;439,049;2,423,636;196,816;439,049
880;Pusrehut;3;2;80;P.03.2.080;Madhuca kingiana;;0.39;0.1193985;0.146;0.815;Closed;41.67;14.23;;TRUE;4,334,833,333;1300.45;91.39;0.3415;TRUE;56;0.048;73;0.533;90.99;227,475;227,475;90.99;0.05;2,941,176,471;2,941,176,471;2,941,176,471;0.609;0.271;1,035;7.01;3.36;10.36;0.700531;0.335578;1,035,838;0.700531;0.335578;1,035,838
881;Pusrehut;3;2;81;P.03.2.081;Eusideroxylon zwageri;;3.98;12,434,714;0.146;0.815;Closed;34.49;14.46;;TRUE;250,334;1251.67;86.56;0.4193;FALSE;;0.115;72;0.551;79.13;197,825;197,825;79.13;0.147;8,647,058,824;8,647,058,824;8,647,058,824;0.929;0.411;2,029;10.69;5.06;15.75;1,069,271;0.506418;1,575,278;1,069,271;0.506418;1,575,278
882;Pusrehut;3;2;84;P.03.2.084;Horsfieldia sp.;;1.4;15,386;0.146;0.815;Closed;23.73;7.65;;TRUE;177,692;888.46;116.14;0.3224;TRUE;35;0.122;74;0.513;76.22;19,055;19,055;76.22;0.149;8,764,705,882;8,764,705,882;8,764,705,882;0.474;0.271;1,035;5.29;3.99;9.28;0.529081;0.398758;0.927568;0.529081;0.398758;0.927568
883;Pusrehut;3;2;112;P.03.2.112;Cratoxylum arborescens;;2.84;6,331,496;0.146;0.815;Closed;2.88;0.6;;TRUE;33,152;165.76;276.27;0.2083;TRUE;72;0.228;75;0.511;55.38;13,845;13,845;55.38;0.011;0.6470588235;6,470,588,235;6,470,588,235;0.375;0.175;2,043;4.29;2.25;6.54;0.429175;0.22525;0.65425;0.429175;0.22525;0.65425
884;Pusrehut;3;2;122;P.03.2.122;Eusideroxylon zwageri;;1.27;12,661,265;0.146;0.815;Closed;25.15;8.76;;TRUE;130,312;651.56;74.38;0.3483;FALSE;;-0.058;73;0.533;110.88;27.72;27.72;100;0.004;0.2352941176;2,352,941,176;2,352,941,176;0.996;0.555;2,278;11.16;8.05;19.20;1,115,625;0.804822;1,919,892;1,115,625;0.804822;1,919,892
885;Pusrehut;3;2;139;P.03.2.139;Palaquium sericeum;;6.86;36,941,786;0.146;0.815;Closed;10.52;4.4;;TRUE;73,668;368.34;83.71;0.4183;FALSE;;0.158;68;0.552;71.38;17,845;17,845;71.38;-0.092;-5,411,764,706;-5,411,764,706;0;1,629;0.719;1,791;18.75;8.84;27.59;1,875,419;0.884138;2,758,838;1,875,419;0.884138;2,758,838
886;Pusrehut;3;2;175;P.03.2.175;Rubiaceae1;;6.51;332,683,785;0.146;0.815;Closed;35.27;9.75;;TRUE;203,914;1019.57;104.57;0.2764;TRUE;106;0.226;68;0.552;59.06;14,765;14,765;59.06;0.055;3,235,294,118;3,235,294,118;3,235,294,118;0.312;0.133;0.388;3.60;1.59;5.19;0.360463;0.158554;0.518884;0.360463;0.158554;0.518884
887;Pusrehut;3;2;166;P.03.2.166;Baccaurea parviflora;;4.34;14,785,946;0.146;0.815;Closed;31.69;8.77;;TRUE;;0;;0.2767;TRUE;38;0.365;70;0.55;33.64;8.41;8.41;33.64;-0.056;-3,294,117,647;-3,294,117,647;0;0.26;0.163;0.342;2.86;2.52;5.38;0.286353;0.25159;0.53778;0.286353;0.25159;0.53778
888;Pusrehut;3;2;201;P.03.2.201;Polyalthia sp.;;3.1;754,385;0.146;0.815;Closed;23.87;11.39;;TRUE;183.34;916.7;80.48;0.4772;TRUE;62;0.206;68;0.552;62.68;15.67;15.67;62.68;0.11;6,470,588,235;6,470,588,235;6,470,588,235;1,359;0.985;2,251;14.61;16.20;30.80;1,460,965;1,619,638;3,079,618;1,460,965;1,619,638;3,079,618
889;Pusrehut;3;2;194;P.03.2.194;Discospermum malaccense;;3.52;9,726,464;0.146;0.815;Closed;39.03;8.28;;TRUE;;0;;0.2121;TRUE;43;0.162;71;0.544;70.22;17,555;17,555;70.22;0.046;2,705,882,353;2,705,882,353;2,705,882,353;0.574;0.247;0.526;6.63;2.97;9.59;0.662537;0.296998;0.959288;0.662537;0.296998;0.959288
890;Pusrehut;3;2;212;P.03.2.212;Sindora sp.;;2.29;41,166,185;0.146;0.815;Closed;9.69;4.82;;TRUE;1,505,433,333;451.63;93.70;0.4974;TRUE;72;0.134;72;0.551;75.68;18.92;18.92;75.68;0.057;3,352,941,176;3,352,941,176;3,352,941,176;2,738;1,954;3,434;29.52;31.93;61.43;2,951,634;3,193,276;6,142,956;2,951,634;3,193,276;6,142,956
891;Pusrehut;3;2;218;P.03.2.218;Syzygium sp1;;3.85;116,356,625;0.146;0.815;Closed;12.64;3.8;;TRUE;91,136;455.68;119.92;0.3006;TRUE;68;0.104;69;0.562;81.49;203,725;203,725;81.49;0.028;1,647,058,824;1,647,058,824;1,647,058,824;1,395;0.721;1,671;15.78;9.98;25.75;1,577,701;0.99823;257,521;1,577,701;0.99823;257,521
892;Pusrehut;3;2;235;P.03.2.235;Discospermum malaccense;;2.15;36,286,625;0.146;0.815;Closed;3.4;1.03;;TRUE;21,448;107.24;104.12;0.3029;TRUE;44;0.125;75;0.511;75.54;18,885;18,885;75.54;0.024;1,411,764,706;1,411,764,706;1,411,764,706;1,041;0.507;1,098;11.86;6.74;18.59;1,185,687;0.673842;1,859,022;1,185,687;0.673842;1,859,022
893;Pusrehut;3;2;227;P.03.2.227;sp10;;2.45;47,119,625;0.146;0.815;Closed;2.12;0.74;;TRUE;23,572;117.86;159.27;0.3491;TRUE;121;0.276;73;0.533;48.22;12,055;12,055;48.22;0.052;3,058,823,529;3,058,823,529;3,058,823,529;1,455;0.616;0.972;16.82;7.30;24.11;1,682,146;0.7297;241,123;1,682,146;0.7297;241,123
894;Pusrehut;3;2;228;P.03.2.228;Eusideroxylon zwageri;;4;12.56;0.146;0.815;Closed;33.6;11.74;;TRUE;288,132;1440.66;122.71;0.3494;FALSE;;0.459;71;0.544;15.63;39,075;39,075;15.63;-0.058;-3,411,764,706;-3,411,764,706;0;0.399;0.197;0.901;4.54;2.64;7.18;0.453737;0.264398;0.717938;0.453737;0.264398;0.717938
895;Pusrehut;3;2;243;P.03.2.243;Syzygium sp4;;4.94;19,156,826;0.146;0.815;Closed;14.96;6.05;;TRUE;87,032;435.16;71.93;0.4044;TRUE;297;0.21;68;0.552;61.96;15.49;15.49;61.96;0.03;1,764,705,882;1,764,705,882;1,764,705,882;0.914;0.378;1,128;10.59;4.38;14.97;1,059,098;0.437868;1,496,588;1,059,098;0.437868;1,496,588
896;Pusrehut;3;2;247;P.03.2.247;Kokoona reflexa;;5.67;252,368,865;0.146;0.815;Closed;32.2;11.21;;TRUE;;0;;0.3481;TRUE;43;0.191;75;0.511;62.62;15,655;15,655;62.62;0.099;5,823,529,412;5,823,529,412;5,823,529,412;0.85;0.506;1,591;9.43;7.61;17.04;0.943386;0.76094;170,382;0.943386;0.76094;170,382
897;Pusrehut;3;2;262;P.03.2.262;Discospermum malaccense;41.5;1,321,656,051;1,371,218,153;0.146;0.815;Closed;9.68;3.24;;TRUE;84,206;421.03;129.95;0.3347;TRUE;125;0.071;70;0.55;87.09;217,725;217,725;87.09;0.035;2,058,823,529;2,058,823,529;2,058,823,529;1,215;0.618;1,114;13.77;8.47;22.23;1,376,808;0.8466;222,279;1,376,808;0.8466;222,279
898;Pusrehut;3;2;267;P.03.2.267;Eusideroxylon zwageri;8;2.55;51,044,625;0.146;0.815;Closed;26.92;9.88;;TRUE;196.64;983.2;99.51;0.3670;FALSE;;;;0.443;100;25;25;100;;0;0;0;;;;0.00;0.00;0.00;0;0;0;0;0;0
899;Pusrehut;3;2;277;P.03.2.277;Baccaurea sp1;8.5;2.71;57,651,185;0.146;0.815;Closed;13.82;5.41;;TRUE;75,768;378.84;70.03;0.3915;TRUE;121;0.112;69;0.562;80.07;200,175;200,175;80.07;0.055;3,235,294,118;3,235,294,118;3,235,294,118;1,903;0.773;2,366;22.09;8.80;30.88;2,208,873;0.879566;3,087,666;2,208,873;0.879566;3,087,666
900;Pusrehut;3;2;281;P.03.2.281;Dacryodes rugosa;7.3;2.32;4,225,184;0.146;0.815;Closed;37.33;20;;TRUE;;0;;0.5358;TRUE;154;-0.065;73;0.533;112.2;28.05;28.05;100;0.076;4,470,588,235;4,470,588,235;4,470,588,235;0.473;0.241;0.468;5.36;3.31;8.66;0.535881;0.330526;0.866166;0.535881;0.330526;0.866166
901;Pusrehut;3;2;290;P.03.2.290;Syzygium sp2;5.3;1.69;22,420,385;0.146;0.815;Closed;4.82;1.69;;TRUE;46.08;230.4;136.33;0.3506;TRUE;360;0.274;71;0.544;49.63;124,075;124,075;49.63;-0.063;-3,705,882,353;-3,705,882,353;0;2,249;0.862;1,264;26.24;9.21;35.45;2,624,352;0.921448;3,544,938;2,624,352;0.921448;3,544,938
902;Pusrehut;3;2;321;P.03.2.321;Pternandra coerulescens;;3.86;11,696,186;0.146;0.815;Closed;5.25;1.58;;TRUE;35,956;179.78;113.78;0.3010;TRUE;121;0.213;71;0.544;60.85;152,125;152,125;60.85;-0.016;-0.9411764706;-9,411,764,706;0;1,907;0.636;"1;179";22.51;5.64;28.14;2,250,806;0.563964;2,814,134;2,250,806;0.563964;2,814,134
903;Pusrehut;3;2;312;P.03.2.312;Dillenia sp.;3;0.95;0.7084625;0.146;0.815;Closed;39.58;12.39;;TRUE;5,157,266,667;1547.18;124.87;0.3130;FALSE;;0.108;72;0.551;80.4;20.1;20.1;80.4;-0.021;-1,235,294,118;-1,235,294,118;0;1,292;0.863;1,729;14.09;13.72;27.79;1,408,693;1,371,614;2,779,444;1,408,693;1,371,614;2,779,444
904;Pusrehut;3;2;342;P.03.2.342;Discospermum malaccense;7.5;2.39;44,839,985;0.146;0.815;Closed;14.72;4.64;;TRUE;;0;;0.3152;TRUE;13;0.06;70;0.55;89.09;222,725;222,725;89.09;-0.002;-0.1176470588;-1,176,470,588;0;0.598;0.258;0.671;6.90;3.11;10.01;0.690058;0.310956;1,000,756;0.690058;0.310956;1,000,756
905;Pusrehut;3;2;346;P.03.2.346;Syzygium sp2;4.6;1.46;1,673,306;0.146;0.815;Closed;11.73;4.28;;TRUE;;0;;0.3649;TRUE;215;0.084;69;0.562;85.05;212,625;212,625;85.05;-0.029;-1,705,882,353;-1,705,882,353;0;0.47;0.259;0.416;5.27;3.73;9.00;0.527229;0.37315;0.90012;0.527229;0.37315;0.90012
906;Pusrehut;3;3;1;P.03.3.001;Hancea penangensis;48;15.28;183,280,544;0.146;0.815;Closed;10.2;5.02;;TRUE;;0;;0.4922;TRUE;57;0.204;74;0.513;60.23;150,575;150,575;60.23;;0;0;0;#N/A;#N/A;#N/A;#N/A;#N/A;#N/A;#N/A;#N/A;#N/A;#N/A;#N/A;#N/A
907;Pusrehut;3;3;4;P.03.3.004;Diospyros borneensis;;5.3;2,205,065;0.146;0.815;Closed;18.29;5.64;;TRUE;144,344;721.72;127.96;0.3084;FALSE;;;;0.443;100;25;25;100;;0;0;0;;;;0.00;0.00;0.00;0;0;0;0;0;0
908;Pusrehut;3;3;6;P.03.3.006;Gironniera nervosa;51.5;16.39;2,108,761,985;0.146;0.815;Closed;20.29;6.21;;TRUE;108.44;542.2;87.31;0.3061;TRUE;54;0.319;75;0.511;37.57;93,925;93,925;37.57;-0.055;-3,235,294,118;-3,235,294,118;0;0.998;0.532;1,221;11.24;7.51;18.75;1,124,352;0.751216;1,875,036;1,124,352;0.751216;1,875,036
909;Pusrehut;3;4;1;P.03.4.001;Eusideroxylon zwageri;186;5,923,566,879;2,754,458,599;0.146;0.815;Closed;37.72;14.14;;TRUE;172,062;860.31;60.84;0.3749;FALSE;;0.061;74;0.513;88.11;220,275;220,275;88.11;-0.041;-2,411,764,706;-2,411,764,706;0;0.214;0.054;0.665;2.57;0.24;2.81;0.257254;0.023508;0.280708;0.257254;0.023508;0.280708
910;Pusrehut;3;4;10;P.03.4.010;Litsea accedens;75;23.87;4,472,748,665;0.146;0.815;Closed;7.71;2.69;;TRUE;41,806;209.03;77.71;0.3489;TRUE;54;0.245;74;0.513;52.24;13.06;13.06;52.24;-0.05;-2,941,176,471;-2,941,176,471;0;1,246;0.72;1,353;13.89;10.66;24.54;138,874;1,065,672;2,453,692;138,874;1,065,672;2,453,692
911;Pusrehut;4;1;12;P.04.1.012;Kokoona reflexa;;0.3;0.07065;0.33;0.655;Closed;1.45;0.39;TRUE;TRUE;24,218;121.09;310.49;0.2690;TRUE;41;0.479;76;0.517;7.35;18,375;18,375;7.35;0.023;1,352,941,176;1,352,941,176;1,352,941,176;0.991;0.76;1,219;10.54;12.77;23.30;105,413;1,276,612;2,329,982;105,413;1,276,612;2,329,982
912;Pusrehut;4;1;46;P.04.1.046;#N/A;#N/A;#N/A;#N/A;0.33;0.655;Closed;13.52;5.36;TRUE;TRUE;135,858;679.29;126.73;0.3964;TRUE;6;0.424;76;0.517;17.99;44,975;44,975;17.99;;0;0;0;#N/A;#N/A;#N/A;#N/A;#N/A;#N/A;#N/A;#N/A;#N/A;#N/A;#N/A;#N/A
913;Pusrehut;4;2;18;P.04.2.018;Prasoxylon excelsum;;9.92;77,249,024;0.33;0.655;Closed;65.19;30.43;TRUE;TRUE;517.25;1551.75;50.99;0.4668;TRUE;94;0.491;76;0.517;5.03;12,575;12,575;5.03;0.059;3,470,588,235;3,470,588,235;3,470,588,235;0.094;0.054;0.138;1.05;0.80;1.84;0.104854;0.079668;0.184468;0.104854;0.079668;0.184468
914;Pusrehut;4;2;27;P.04.2.027;Pternandra coerulescens;;0.46;0.166106;0.33;0.655;Closed;5.13;1.59;TRUE;TRUE;41.95;209.75;131.92;0.3099;TRUE;60;0.138;76;0.517;73.31;183,275;183,275;73.31;0.079;4,647,058,824;4,647,058,824;4,647,058,824;0.8;0.413;0.774;9.05;5.71;14.76;0.904903;0.57137;147,586;0.904903;0.57137;147,586
915;Pusrehut;4;2;35;P.04.2.035;Discospermum malaccense;;6.36;31,752,936;0.33;0.655;Closed;3.84;0.87;TRUE;TRUE;26,344;131.72;151.40;0.2266;TRUE;49;0.257;76;0.517;50.29;125,725;125,725;50.29;0.171;1,005,882,353;1,005,882,353;1,005,882,353;0.343;0.203;0.396;3.81;3.04;6.85;0.381003;0.304346;0.685146;0.381003;0.304346;0.685146
916;Pusrehut;4;2;36;P.04.2.036;Prasoxylon excelsum;;3.07;73,985,465;0.33;0.655;Closed;32.44;13.69;TRUE;TRUE;5,014,466,667;1504.34;109.89;0.4220;TRUE;102;0.171;76;0.517;66.92;16.73;16.73;66.92;0.24;1,411,764,706;1,411,764,706;1,411,764,706;2,565;2,463;3,333;25.95;44.40;70.32;2,595,003;443,985;703,239;2,595,003;443,985;703,239
917;Pusrehut;4;2;47;P.04.2.047;Melanochyla sp.;;1.42;1,582,874;0.33;0.655;Closed;10.34;4.55;TRUE;TRUE;97,456;487.28;107.09;0.4400;TRUE;151;0.2;77;0.511;60.86;15,215;15,215;60.86;0.046;2,705,882,353;2,705,882,353;2,705,882,353;0.554;0.332;1,076;6.14;5.01;11.15;0.614272;0.501008;1,114,948;0.614272;0.501008;1,114,948
918;Pusrehut;5;1;15;P.05.1.015;Aporosa nitida;;0.37;0.1074665;0.113;0.867;Closed;22.65;5.5;FALSE;TRUE;161,304;806.52;146.64;0.2428;TRUE;43;0.46;86;0.477;3.56;0.89;0.89;3.56;-0.015;-0.8823529412;-8,823,529,412;0;0.73;0.201;0.206;8.73;1.19;9.91;0.873031;0.11865;0.99148;0.873031;0.11865;0.99148
919;Pusrehut;5;1;16;P.05.1.016;Buchanania sessifolia;;0.35;0.0961625;0.113;0.867;Closed;13.22;4.75;FALSE;TRUE;104,808;524.04;110.32;0.3593;TRUE;42;0.418;86;0.477;12.37;30,925;30,925;12.37;-0.106;-6,235,294,118;-6,235,294,118;0;0.813;0.471;1.11;9.06;6.98;16.03;0.905811;0.698106;1,603,446;0.905811;0.698106;1,603,446
920;Pusrehut;5;1;21;P.05.1.021;Syzygium sp3;;0.23;0.0415265;0.113;0.867;Closed;15.55;5.09;FALSE;TRUE;95,914;479.57;94.22;0.3273;TRUE;96;;;0.443;100;25;25;100;;0;0;0;;;;0.00;0.00;0.00;0;0;0;0;0;0
921;Pusrehut;5;1;24;P.05.1.024;Baccaurea ramiflora;;0.59;0.2732585;0.113;0.867;Closed;14.03;3.86;FALSE;TRUE;73,838;369.19;95.65;0.2751;TRUE;51;0.442;85;0.516;14.34;3,585;3,585;14.34;-0.142;-8,352,941,176;-8,352,941,176;0;0.482;0.194;0.227;5.60;2.19;7.78;0.559954;0.218684;0.778444;0.559954;0.218684;0.778444
922;Pusrehut;5;1;26;P.05.1.026;Litsea elliptica;;0.28;0.061544;0.113;0.867;Closed;5.9;1.32;FALSE;TRUE;53,544;267.72;202.82;0.2237;TRUE;17;0.068;85;0.516;86.82;21,705;21,705;86.82;-0.054;-3,176,470,588;-3,176,470,588;0;1,086;0.368;0.769;12.80;3.34;16.14;1,280,228;0.334472;1,614,332;1,280,228;0.334472;1,614,332
923;Pusrehut;5;1;27;P.05.1.027;Litsea elliptica;;0.4;0.1256;0.113;0.867;Closed;6.42;1.62;FALSE;TRUE;87,828;439.14;271.07;0.2523;TRUE;27;0.362;84;0.526;31.18;7,795;7,795;31.18;-0.034;-2;-20;0;0.871;0.406;1,004;9.97;5.22;15.19;0.996956;0.522112;1,518,662;0.996956;0.522112;1,518,662
924;Pusrehut;5;1;30;P.05.1.030;Alseodaphne bancana;;0.49;0.1884785;0.113;0.867;Closed;17.21;7.85;FALSE;TRUE;134,818;674.09;85.87;0.4561;FALSE;;0.019;84;0.526;96.39;240,975;240,975;96.39;-0.11;-6,470,588,235;-6,470,588,235;0;2,393;1,448;3.05;26.50;21.96;48.44;2,649,598;2,195,996;4,844,146;2,649,598;2,195,996;4,844,146
925;Pusrehut;5;1;61;P.05.1.061;Monoon sp.;;0.48;0.180864;0.113;0.867;Closed;4.29;1.76;FALSE;TRUE;51,144;255.72;145.30;0.4103;TRUE;104;0.164;81;0.545;69.91;174,775;174,775;69.91;-0.017;-1;-10;0;2,202;1,718;2,836;23.34;29.04;52.36;2,334,398;2,903,684;5,236,364;2,334,398;2,903,684;5,236,364
926;Pusrehut;5;1;58;P.05.1.058;Syzygium sp3;;37;1,074,665;0.113;0.867;Closed;7.79;2.76;FALSE;TRUE;48,922;244.61;88.63;0.3543;TRUE;238;0.048;84;0.526;90.87;227,175;227,175;90.87;-0.04;-2,352,941,176;-2,352,941,176;0;0.999;0.409;1,236;11.59;4.69;16.27;1,158,709;0.469078;1,627,378;1,158,709;0.469078;1,627,378
927;Pusrehut;5;1;89;P.05.1.089;Litsea elliptica;;0.79;0.4899185;0.113;0.867;Closed;6.14;1.32;FALSE;TRUE;61,766;308.83;233.96;0.2150;TRUE;53;0.247;81;0.545;54.68;13.67;13.67;54.68;-0.009;-0.5294117647;-5,294,117,647;0;2,713;1,397;2,731;30.70;19.29;49.98;3,069,717;1,929,446;4,997,766;3,069,717;1,929,446;4,997,766
928;Pusrehut;5;1;96;P.05.1.096;Antidesma neurocarpum;;0.36;0.101736;0.113;0.867;Closed;4.46;1.22;FALSE;TRUE;46,748;233.74;191.59;0.2735;TRUE;40;0.265;79;0.557;52.42;13,105;13,105;52.42;-0.002;-0.1176470588;-1,176,470,588;0;1,717;0.82;1,928;19.60;10.74;30.33;196,001;1,074,244;3,033,434;196,001;1,074,244;3,033,434
929;Pusrehut;5;1;114;P.05.1.114;Litsea elliptica;;0.57;0.2550465;0.113;0.867;Closed;5.04;1.25;FALSE;TRUE;46.08;230.4;184.32;0.2480;TRUE;23;0.214;84;0.526;59.32;14.83;14.83;59.32;-0.073;-4,294,117,647;-4,294,117,647;0;2,598;1,106;1,888;30.02;13.17;43.18;3,001,946;1,316,876;4,317,716;3,001,946;1,316,876;4,317,716
930;Pusrehut;5;1;95;P.05.1.095;Syzygium sp1;;0.44;0.151976;0.113;0.867;Closed;6.17;1.79;FALSE;TRUE;62,478;312.39;174.52;0.2901;TRUE;154;0.157;77;0.511;69.28;17.32;17.32;69.28;-0.11;-6,470,588,235;-6,470,588,235;0;1,384;0.691;1,684;15.72;9.35;25.06;1,571,801;0.934678;2,505,788;1,571,801;0.934678;2,505,788
931;Pusrehut;5;1;150;P.05.1.150;Eusideroxylon zwageri;1.5;0.48;0.180864;0.113;0.867;Closed;8.24;2.52;FALSE;TRUE;73,394;366.97;145.62;0.3058;FALSE;;0.152;81;0.545;72.11;180,275;180,275;72.11;-0.165;-9,705,882,353;-9,705,882,353;0;1,201;0.604;1,856;13.63;8.21;21.83;1,362,794;0.821092;2,183,282;1,362,794;0.821092;2,183,282
932;Pusrehut;5;1;135;P.05.1.135;Madhuca kingiana;;0.98;0.753914;0.113;0.867;Closed;46.43;16.5;FALSE;TRUE;616,252;3081.26;186.74;0.3554;TRUE;43;0.017;81;0.545;96.88;24.22;24.22;96.88;-0.164;-9,647,058,824;-9,647,058,824;0;0.725;0.346;1,113;8.28;4.53;12.80;0.827676;0.45304;128,037;0.827676;0.45304;128,037
933;Pusrehut;5;1;147;P.05.1.147;Boschia griffithii;1;0.32;0.080384;0.113;0.867;Closed;2.23;0.88;FALSE;TRUE;34,998;174.99;198.85;0.3946;TRUE;45;-0.048;85;0.516;109.3;27,325;27,325;100;0.01;0.5882352941;5,882,352,941;5,882,352,941;1,666;0.789;2.34;19.04;10.27;29.30;1,903,579;1,027,122;2,929,912;1,903,579;1,027,122;2,929,912
934;Pusrehut;5;1;157;P.05.1.157;Antidesma neurocarpum;2;0.64;0.321536;0.113;0.867;Closed;3.88;1.09;FALSE;TRUE;34,248;171.24;157.10;0.2809;TRUE;34;0.486;77;0.511;4.89;12,225;12,225;4.89;-0.07;-4,117,647,059;-4,117,647,059;0;0.343;0.171;0.412;3.90;2.31;6.21;0.389611;0.231066;0.620506;0.389611;0.231066;0.620506
935;Pusrehut;5;1;168;P.05.1.168;Calophyllum sp.;3;0.95;0.7084625;0.113;0.867;Closed;2.67;1.15;FALSE;TRUE;12.25;61.25;53.26;0.4307;TRUE;82;0.185;77;0.511;63.8;15.95;15.95;63.8;-0.209;-1,229,411,765;-1,229,411,765;0;1,457;0.747;1,748;16.49;10.29;26.77;1,649,447;1,028,754;2,677,454;1,649,447;1,028,754;2,677,454
936;Pusrehut;5;2;1;P.05.2.001;Alseodaphne bancana;;3.74;10,980,266;0.113;0.867;Closed;18.26;8.25;FALSE;TRUE;148,472;742.36;89.98;0.4518;TRUE;72;0.109;80;0.556;80.4;20.1;20.1;80.4;-0.026;-1,529,411,765;-1,529,411,765;0;2,308;1,195;2,682;26.10;16.56;42.65;2,609,705;1,656,406;4,264,916;2,609,705;1,656,406;4,264,916
937;Pusrehut;5;2;9;P.05.2.009;Buchanania sessifolia;;1.21;11,493,185;0.113;0.867;Closed;14.54;5.17;FALSE;TRUE;154,012;770.06;148.95;0.3556;TRUE;74;0.335;85;0.516;35.08;8.77;8.77;35.08;-0.085;-5;-50;0;2.67;1,986;3,315;28.57;32.98;61.53;2,856,666;329,838;615,306;2,856,666;329,838;615,306
938;Pusrehut;5;2;29;P.05.2.029;Dacryodes rostrata;;3.45;93,434,625;0.113;0.867;Closed;7.59;3.09;FALSE;TRUE;;0;;0.4071;TRUE;100;0.318;80;0.556;42.81;107,025;107,025;42.81;-0.089;-5,235,294,118;-5,235,294,118;0;0.529;0.282;1,667;5.96;3.98;9.94;0.595972;0.398208;0.993898;0.595972;0.398208;0.993898
939;Pusrehut;5;2;34;P.05.2.034;Discospermum malaccense;;6.93;376,995,465;0.113;0.867;Closed;6.19;1.6;FALSE;TRUE;206,588;1032.94;645.59;0.2585;TRUE;38;0.475;84;0.526;9.7;2,425;2,425;9.7;0.03;1,764,705,882;1,764,705,882;1,764,705,882;1,532;1,137;2,146;16.40;18.87;35.25;1,639,787;1,886,754;3,525,404;1,639,787;1,886,754;3,525,404
940;Pusrehut;5;2;62;P.05.2.062;Prasoxylon excelsum;;4,983,333,333;1,949,438,472;0.113;0.867;Closed;33.6;16.14;FALSE;TRUE;;0;;0.4804;TRUE;77;0.323;78;0.551;41.38;10,345;10,345;41.38;-0.039;-2,294,117,647;-2,294,117,647;0;0.604;0.373;1,088;6.67;5.71;12.38;0.666743;0.571498;1,237,868;0.666743;0.571498;1,237,868
941;Pusrehut;5;2;63;P.05.2.063;Discospermum malaccense;;2.23;39,037,265;0.113;0.867;Closed;4.78;1.4;FALSE;TRUE;33,854;169.27;120.91;0.2929;TRUE;78;0.376;83;0.541;30.5;7,625;7,625;30.5;0.045;2,647,058,824;2,647,058,824;2,647,058,824;1,895;1,579;2,621;19.82;27.29;47.09;1,981,899;272,905;470,937;1,981,899;272,905;470,937
942;Pusrehut;5;2;67;P.05.2.067;Leea indica;;1.99;31,086,785;0.113;0.867;Closed;10.37;4.09;FALSE;TRUE;;0;;0.3944;TRUE;67;0.162;77;0.511;68.3;17,075;17,075;68.3;-0.016;-0.9411764706;-9,411,764,706;0;0.701;0.379;0.968;7.88;5.40;13.28;0.788319;0.539842;1,327,782;0.788319;0.539842;1,327,782
943;Pusrehut;5;2;77;P.05.2.077;Pternandra coerulescens;;4.92;19,002,024;0.113;0.867;Closed;7.29;3.85;FALSE;TRUE;40,436;202.18;52.51;0.5281;TRUE;110;0.168;77;0.511;67.12;16.78;16.78;67.12;-0.095;-5,588,235,294;-5,588,235,294;0;0.812;0.552;1,602;8.83;8.84;17.66;0.882752;0.884064;1,766,264;0.882752;0.884064;1,766,264
944;Pusrehut;5;2;120;P.05.2.120;Syzygium sp1;;1.09;0.9326585;0.113;0.867;Closed;10.94;4.52;FALSE;TRUE;86.89;434.45;96.12;0.4132;TRUE;125;0.074;83;0.541;86.32;21.58;21.58;86.32;-0.063;-3,705,882,353;-3,705,882,353;0;0.665;0.267;0.562;7.73;3.00;10.73;0.772727;0.30021;107,267;0.772727;0.30021;107,267
945;Pusrehut;5;2;127;P.05.2.127;Eusideroxylon zwageri;;1.75;24,040,625;0.113;0.867;Closed;5.19;1.87;FALSE;TRUE;45,892;229.46;122.71;0.3603;TRUE;50;0.102;78;0.551;81.49;203,725;203,725;81.49;-0.036;-2,117,647,059;-2,117,647,059;0;0.965;0.491;1,324;10.93;6.73;17.66;1,093,471;0.67277;176,575;1,093,471;0.67277;176,575
946;Pusrehut;5;2;131;P.05.2.131;Alseodaphne bancana;;2.83;62,869,865;0.113;0.867;Closed;19.52;9.13;FALSE;TRUE;137,068;685.34;75.06;0.4677;FALSE;;0.387;86;0.477;18.87;47,175;47,175;18.87;-0.113;-6,647,058,824;-6,647,058,824;0;1,082;0.632;1.5;12.04;9.41;21.44;1,204,132;0.940904;2,144,404;1,204,132;0.940904;2,144,404
947;Pusrehut;5;2;132;P.05.2.132;Litsea sp2;;1.59;19,845,585;0.113;0.867;Closed;5.9;2.03;FALSE;TRUE;65,614;328.07;161.61;0.3441;FALSE;;0.093;78;0.551;83.12;20.78;20.78;83.12;-0.014;-0.8235294118;-8,235,294,118;0;0.727;0.468;1,399;7.97;7.31;15.28;0.797398;0.731484;1,528,414;0.797398;0.731484;1,528,414
948;Pusrehut;5;2;159;P.05.2.159;Eusideroxylon zwageri;;3.59;101,171,585;0.113;0.867;Closed;21.64;7.86;FALSE;TRUE;123,188;615.94;78.36;0.3632;FALSE;;0.048;82;0.551;91.29;228,225;228,225;91.29;0.14;8,235,294,118;8,235,294,118;8,235,294,118;0.945;0.482;2,832;10.70;6.62;17.32;1,070,492;0.66152;173,153;1,070,492;0.66152;173,153
949;Pusrehut;5;2;163;P.05.2.163;Rubroshorea smithiana;;5.26;21,719,066;0.113;0.867;Closed;15.34;6.4;FALSE;TRUE;189,582;947.91;148.11;0.4172;TRUE;142;0.242;85;0.516;53.1;13,275;13,275;53.1;-0.027;-1,588,235,294;-1,588,235,294;0;1,326;1,089;1,627;13.91;18.73;32.63;1,391,079;1,873,242;3,263,232;1,391,079;1,873,242;3,263,232
950;Pusrehut;5;2;170;P.05.2.170;Prasoxylon excelsum;;1.03;0.8328065;0.113;0.867;Closed;25.81;12.19;FALSE;TRUE;;0;;0.4723;TRUE;150;0.014;86;0.477;97.06;24,265;24,265;97.06;-0.052;-3,058,823,529;-3,058,823,529;0;1,055;0.529;1,382;11.98;7.18;19.15;1,197,549;0.71767;191,469;1,197,549;0.71767;191,469
951;Pusrehut;5;2;191;P.05.2.191;Prasoxylon excelsum;;4,496,666,667;1,587,270,872;0.113;0.867;Closed;35.13;13.94;FALSE;TRUE;;0;;0.3968;TRUE;95;0.088;86;0.477;81.55;203,875;203,875;81.55;0.076;4,470,588,235;4,470,588,235;4,470,588,235;0.331;0.18;0.455;3.72;2.57;6.29;0.37195;0.257292;0.629062;0.37195;0.257292;0.629062
952;Pusrehut;5;2;204;P.05.2.204;Diospyros sp1;;3.1;754,385;0.113;0.867;Closed;16.77;;FALSE;TRUE;170,796;853.98;#DIV/0!;0.0000;TRUE;93;0.334;86;0.477;29.98;7,495;7,495;29.98;-0.038;-2,235,294,118;-2,235,294,118;0;0.42;0.234;0.657;4.70;3.39;8.10;0.470454;0.3393;0.80952;0.470454;0.3393;0.80952
953;Pusrehut;5;2;208;P.05.2.208;Pternandra coerulescens;;8.66;58,871,546;0.113;0.867;Closed;5.83;1.85;FALSE;TRUE;26.01;130.05;70.30;0.3173;TRUE;75;-0.068;85;0.516;113.18;28,295;28,295;100;0.085;5;50;50;0.273;0.169;0.382;3.01;2.59;5.60;0.301249;0.259246;0.560326;0.301249;0.259246;0.560326
954;Pusrehut;5;2;212;P.05.2.212;Prasoxylon excelsum;;4.62;16,755,354;0.113;0.867;Closed;19.32;9.52;FALSE;TRUE;;0;;0.4928;TRUE;165;0.036;86;0.477;92.45;231,125;231,125;92.45;-0.029;-1,705,882,353;-1,705,882,353;0;0.378;0.183;0.833;4.31;2.42;6.73;0.430833;0.242166;0.672816;0.430833;0.242166;0.672816
955;Pusrehut;5;2;223;P.05.2.223;Diospyros sp2;;2.07;33,636,465;0.113;0.867;Closed;20.89;6.07;FALSE;TRUE;111,616;558.08;91.94;0.2906;TRUE;44;0.181;82;0.551;67.15;167,875;167,875;67.15;-0.035;-2,058,823,529;-2,058,823,529;0;0.661;0.219;0.701;7.81;1.92;9.73;0.780559;0.192162;0.972502;0.780559;0.192162;0.972502
956;Pusrehut;5;2;230;P.05.2.230;Pternandra coerulescens;;2.36+2.21+3.5;#VALUE!;0.113;0.867;Closed;11.91;4.48;FALSE;TRUE;69,478;347.39;77.54;0.3762;TRUE;102;0.318;80;0.556;42.81;107,025;107,025;42.81;-0.068;-4;-40;0;0.302;0.171;0.439;3.38;2.50;5.88;0.337541;0.250254;0.587624;0.337541;0.250254;0.587624
957;Pusrehut;5;2;224;P.05.2.224;Pternandra coerulescens;;6.3;3,115,665;0.113;0.867;Closed;12.33;;FALSE;TRUE;58,968;294.84;#DIV/0!;0.0000;TRUE;75;-0.015;78;0.551;102.72;25.68;25.68;100;-0.083;-4,882,352,941;-4,882,352,941;0;0.913;0.402;0.417;10.51;4.93;15.44;1,051,372;0.493296;1,544,266;1,051,372;0.493296;1,544,266
958;Pusrehut;5;2;123;P.05.2.123;Aporosa grandistipula;;0.75;0.4415625;0.113;0.867;Closed;10.22;2.69;FALSE;TRUE;63,608;318.04;118.23;0.2632;TRUE;27;0.114;79;0.557;79.53;198,825;198,825;79.53;-0.063;-3,705,882,353;-3,705,882,353;0;1,732;0.536;0.915;20.55;4.17;24.72;2,055,456;0.416864;2,471,784;2,055,456;0.416864;2,471,784
959;Pusrehut;5;2;234;P.05.2.234;Calophyllum sp.;;1.05;0.8654625;0.113;0.867;Closed;2.62;1.14;FALSE;TRUE;35,442;177.21;155.45;0.4351;TRUE;81;-0.031;80;0.556;105.58;26,395;26,395;100;0.021;1,235,294,118;1,235,294,118;1,235,294,118;1,186;0.54;1,929;13.61;6.82;20.42;136,096;0.681552;2,041,972;136,096;0.681552;2,041,972
960;Pusrehut;5;2;240;P.05.2.240;#N/A;#N/A;#N/A;#N/A;0.113;0.867;Closed;43.45;7.5;FALSE;FALSE;;0;;0.1726;FALSE;;;;0.443;100;25;25;100;;0;0;0;;;;0.00;0.00;0.00;0;0;0;0;0;0
961;Pusrehut;5;2;245;P.05.2.245;Dacryodes rostrata;;0.95;0.7084625;0.113;0.867;Closed;26.12;12.39;FALSE;TRUE;;0;;0.4743;TRUE;61;0.102;82;0.551;81.49;203,725;203,725;81.49;0.015;0.8823529412;8,823,529,412;8,823,529,412;2,301;1,183;3,003;26.04;16.32;42.35;2,604,043;1,632,202;4,235,062;2,604,043;1,632,202;4,235,062
962;Pusrehut;5;2;264;P.05.2.264;Litsea elliptica;;1.52;1,813,664;0.113;0.867;Closed;8.75;3.18;FALSE;TRUE;77,026;385.13;121.11;0.3634;TRUE;45;0.028;83;0.541;94.82;23,705;23,705;94.82;0.134;7,882,352,941;7,882,352,941;7,882,352,941;0.316;0.12;0.567;3.69;1.27;4.96;0.36904;0.126912;0.495832;0.36904;0.126912;0.495832
963;Pusrehut;5;2;265;P.05.2.265;Ficus brunneoaurata;;3.96;12,310,056;0.113;0.867;Closed;19.36;5.83;FALSE;TRUE;157,862;789.31;135.39;0.3011;FALSE;;0.492;78;0.551;10.71;26,775;26,775;10.71;0.025;1,470,588,235;1,470,588,235;1,470,588,235;0.633;0.495;1,249;6.71;8.37;15.08;0.670755;0.837306;1,507,566;0.670755;0.837306;1,507,566
964;Pusrehut;5;2;271;P.05.2.271;Hypobathrum racemosum;;1.59;19,845,585;0.113;0.867;Closed;3.6;1.07;FALSE;TRUE;23,688;118.44;110.69;0.2972;TRUE;41;0.013;83;0.541;97.6;24.4;24.4;97.6;-0.004;-0.2352941176;-2,352,941,176;0;1,084;0.632;1,348;12.07;9.40;21.46;1,206,672;0.939968;2,146,008;1,206,672;0.939968;2,146,008
965;Pusrehut;5;2;281;P.05.2.281;Parinari oblongifolia;;5.12;20,578,304;0.113;0.867;Closed;18;7.1;FALSE;TRUE;;0;;0.3944;TRUE;106;0.14;78;0.551;74.59;186,475;186,475;74.59;0.011;0.6470588235;6,470,588,235;6,470,588,235;0.939;0.502;0.927;10.57;7.10;17.67;1,057,492;0.710128;1,767,118;1,057,492;0.710128;1,767,118
966;Pusrehut;5;2;287;P.05.2.287;Eusideroxylon zwageri;;5.85;268,646,625;0.113;0.867;Closed;34.73;12.73;FALSE;TRUE;;0;;0.3665;FALSE;;-0.027;83;0.541;104.99;262,475;262,475;100;-0.008;-0.4705882353;-4,705,882,353;0;1,339;0.689;2,296;15.15;9.51;24.66;1,515,189;0.951158;2,465,658;1,515,189;0.951158;2,465,658
967;Pusrehut;5;2;315;P.05.2.315;Knema sp2;;0.45;0.1589625;0.113;0.867;Closed;8.62;3.76;FALSE;TRUE;;0;;0.4362;FALSE;;0.409;80;0.556;26.44;6.61;6.61;26.44;;0;0;0;0.942;0.465;0.992;10.71;6.24;16.95;1,071,255;0.623994;1,694,784;1,071,255;0.623994;1,694,784
968;Pusrehut;5;2;312;P.05.2.312;Leea indica;;1.46;1,673,306;0.113;0.867;Closed;29.92;10.53;FALSE;TRUE;;0;;0.3519;TRUE;59;0.037;82;0.551;93.28;23.32;23.32;93.28;0.034;2;20;20;0.621;0.411;0.915;6.78;6.51;13.28;0.678111;0.650562;1,328,262;0.678111;0.650562;1,328,262
969;Pusrehut;5;2;337;P.05.2.337;Kokoona reflexa;;2;3.14;0.113;0.867;Closed;1.53;0.54;FALSE;TRUE;;0;;0.3529;TRUE;58;0.506;79;0.557;9.16;2.29;2.29;9.16;0.004;0.2352941176;2,352,941,176;2,352,941,176;1,575;1,325;2,125;16.44;22.97;39.40;1,643,825;229,715;393,965;1,643,825;229,715;393,965
970;Pusrehut;5;2;336;P.05.2.336;Monoon sp.;;2.13;35,614,665;0.113;0.867;Closed;8.79;3.78;FALSE;TRUE;;0;;0.4300;TRUE;157;0.085;83;0.541;84.29;210,725;210,725;84.29;-0.02;-1,176,470,588;-1,176,470,588;0;2,144;1,419;3,017;23.41;22.46;45.86;2,341,169;2,246,118;4,585,868;2,341,169;2,246,118;4,585,868
971;Pusrehut;5;2;362;P.05.2.362;Dacryodes rostrata;;1.2;11,304;0.113;0.867;Closed;12.93;5.6;FALSE;TRUE;;0;;0.4331;TRUE;90;0.2;78;0.551;63.7;15,925;15,925;63.7;0.04;2,352,941,176;2,352,941,176;2,352,941,176;0.901;0.823;1,483;9.23;14.63;23.85;0.922883;1,463,002;2,385,062;0.922883;1,463,002;2,385,062
972;Pusrehut;5;2;369;P.05.2.369;Ficus geocharis;;1.27;12,661,265;0.113;0.867;Closed;7.11;2.37;FALSE;TRUE;107,866;539.33;227.57;0.3333;FALSE;;;;0.443;100;25;25;100;;0;0;0;;;;0.00;0.00;0.00;0;0;0;0;0;0
973;Pusrehut;5;2;367;P.05.2.367;Alstonia angustifolia;;0.48;0.180864;0.113;0.867;Closed;11.6;2.61;FALSE;TRUE;93,908;469.54;179.90;0.2250;FALSE;;0.443;83;0.541;18.11;45,275;45,275;18.11;-0.022;-1,294,117,647;-1,294,117,647;0;0.651;0.373;0.966;7.26;5.50;12.76;0.726433;0.549502;1,275,562;0.726433;0.549502;1,275,562
974;Pusrehut;5;3;12;P.05.3.012;sp12;52;16.55;2,150,134,625;0.113;0.867;Closed;3.37;1.21;FALSE;TRUE;17,712;88.56;73.19;0.3591;TRUE;165;0.456;80;0.556;17.99;44,975;44,975;17.99;0.04;2,352,941,176;2,352,941,176;2,352,941,176;1,156;0.436;0.636;13.51;4.57;18.08;1,350,836;0.457432;1,807,832;1,350,836;0.457432;1,807,832
975;Pusrehut;5;3;19;P.05.3.019;Dacryodes rostrata;54.5;17.35;2,363,026,625;0.113;0.867;Closed;11.11;6.05;FALSE;TRUE;;0;;0.5446;TRUE;267;-0.041;81;0.545;107.52;26.88;26.88;100;0.102;6;60;60;0.869;0.305;1,135;10.22;2.92;13.13;1,021,585;0.291758;1,313,038;1,021,585;0.291758;1,313,038
976;Pusrehut;5;3;24;P.05.3.024;sp11;53+45.4;#VALUE!;#VALUE!;0.113;0.867;Closed;4.56;1.32;FALSE;TRUE;24,208;121.04;91.70;0.2895;TRUE;71;0.085;79;0.557;84.74;21,185;21,185;84.74;-0.006;-0.3529411765;-3,529,411,765;0;1,288;0.498;1,058;15.02;5.38;20.39;1,501,798;0.537636;2,038,936;1,501,798;0.537636;2,038,936
977;Pusrehut;5;4;7;P.05.4.007;Alseodaphne bancana;64.5;20.53;3,308,625,065;0.113;0.867;Closed;13.02;6.27;FALSE;TRUE;85,376;426.88;68.08;0.4816;FALSE;;;;0.443;100;25;25;100;;0;0;0;#N/A;#N/A;#N/A;#N/A;#N/A;#N/A;#N/A;#N/A;#N/A;#N/A;#N/A;#N/A
978;Pusrehut;5;2;58;P.05.2.058;Syzygium sp3;;1.24;1,207,016;0.113;0.867;Closed;6.07;2.2;FALSE;TRUE;42,652;213.26;96.94;0.3624;FALSE;;0.077;79;0.557;86.18;21,545;21,545;86.18;-0.043;-2,529,411,765;-2,529,411,765;0;1.77;0.723;1,502;20.53;8.27;28.80;2,053,413;0.82731;2.88;2,053,413;0.82731;2.88
979;Pusrehut;5;2;24;P.05.2.024;Buchanania sessifolia;;1.31;13,471,385;0.113;0.867;Closed;12.86;4.13;FALSE;TRUE;146,584;732.92;177.46;0.3212;FALSE;;0.196;84;0.526;62.74;15,685;15,685;62.74;-0.102;-6;-60;0;2,732;2.49;3,305;28.00;44.24;72.21;279,983;4,423,524;7,220,864;279,983;4,423,524;7,220,864
;;;;;;;;;;;;;;;;;;;;;;;;;;;;;;;;;524;;;;;;;;;;;;
;;;;;;;;;;;;;;;;;149;;;;;;;;;;;;;;;;;;;;;;;;;;;;
